Order ID,Order Date,Ship Date,Ship Mode,Customer ID,Customer Name,Segment,Country,City,State,Region,Product ID,Category,Sub-Category,Product Name,Sales,Quantity,Discount,Profit
IN-2022-101542,2022-01-02,2022-01-08,Standard Class,CU-1330,Karan Das,Home Office,India,Panaji,Goa,West,OFF-PA-1002,Office Supplies,Paper,Premium Photo Paper,1201.1,1,0.05,443.71
IN-2022-101503,2022-01-03,2022-01-07,Standard Class,CU-1273,Sneha Bose,Consumer,India,Ludhiana,Punjab,North,FUR-CH-1003,Furniture,Chairs,Mesh Back Task Chair,8625.86,2,0.2,-158.66
IN-2022-101027,2022-01-07,2022-01-08,First Class,CU-1080,Varun Desai,Consumer,India,New Delhi,Delhi,North,TEC-PH-1002,Technology,Phones,Smartphone Lite 64GB,62328.73,5,0,12693.21
IN-2022-101352,2022-01-09,2022-01-14,Standard Class,CU-1270,Tanvi Kapoor,Consumer,India,Pune,Maharashtra,West,TEC-MA-1004,Technology,Machines,Paper Shredder 20-Sheet,30425.98,3,0.05,757.45
IN-2022-100064,2022-01-10,2022-01-16,Standard Class,CU-1223,Riya Kapoor,Consumer,India,Surat,Gujarat,West,TEC-MA-1004,Technology,Machines,Paper Shredder 20-Sheet,17667.78,2,0.2,-2309.48
IN-2022-100064,2022-01-10,2022-01-16,Standard Class,CU-1223,Riya Kapoor,Consumer,India,Surat,Gujarat,West,FUR-FU-1002,Furniture,Furnishings,Wall Clock Classic,4612.02,6,0.15,385.59
IN-2022-100064,2022-01-10,2022-01-16,Standard Class,CU-1223,Riya Kapoor,Consumer,India,Surat,Gujarat,West,FUR-FU-1002,Furniture,Furnishings,Wall Clock Classic,642.99,1,0.3,28.49
IN-2022-101227,2022-01-16,2022-01-21,Standard Class,CU-1038,Rahul Mehta,Corporate,India,Kolkata,West Bengal,East,TEC-MA-1002,Technology,Machines,Barcode Label Printer,12874.21,1,0.15,-1775.36
IN-2022-101227,2022-01-16,2022-01-21,Standard Class,CU-1038,Rahul Mehta,Corporate,India,Kolkata,West Bengal,East,OFF-ST-1002,Office Supplies,Storage,Plastic Storage Box Set,4775.07,3,0,439.51
IN-2022-101291,2022-01-16,2022-01-21,Standard Class,CU-1122,Pooja Singh,Consumer,India,Nagpur,Maharashtra,West,OFF-AR-1002,Office Supplies,Art,Premium Pen Set,1367.82,1,0,343.82
IN-2022-101291,2022-01-16,2022-01-21,Standard Class,CU-1122,Pooja Singh,Consumer,India,Nagpur,Maharashtra,West,TEC-AC-1003,Technology,Accessories,USB-C Hub 7-in-1,7508.45,3,0,2138.9
IN-2022-100131,2022-01-18,2022-01-22,Standard Class,CU-1145,Varun Das,Corporate,India,Kochi,Kerala,South,OFF-AR-1003,Office Supplies,Art,Highlighter Pack,997.38,4,0,287.12
IN-2022-101209,2022-01-20,2022-01-20,Same Day,CU-1323,Harsh Bose,Corporate,India,Pune,Maharashtra,West,OFF-PA-1001,Office Supplies,Paper,A4 Copier Paper 500 Sheets,380.5,1,0,134.84
IN-2022-100939,2022-01-21,2022-01-27,Standard Class,CU-1154,Meera Mehta,Home Office,India,Panaji,Goa,West,OFF-AR-1003,Office Supplies,Art,Highlighter Pack,1090.63,4,0,243.75
IN-2022-100939,2022-01-21,2022-01-27,Standard Class,CU-1154,Meera Mehta,Home Office,India,Panaji,Goa,West,FUR-CH-1001,Furniture,Chairs,Ergonomic Office Chair,14688.87,2,0.1,-560.69
IN-2022-100939,2022-01-21,2022-01-27,Standard Class,CU-1154,Meera Mehta,Home Office,India,Panaji,Goa,West,OFF-ST-1003,Office Supplies,Storage,Desk Organizer,2717.55,4,0.2,-324.57
IN-2022-101056,2022-01-25,2022-01-28,Second Class,CU-1423,Neha Joshi,Home Office,India,Indore,Madhya Pradesh,Central,FUR-CH-1001,Furniture,Chairs,Ergonomic Office Chair,29817.37,5,0.3,-5320.13
IN-2022-101056,2022-01-25,2022-01-28,Second Class,CU-1423,Neha Joshi,Home Office,India,Indore,Madhya Pradesh,Central,TEC-AC-1001,Technology,Accessories,Wireless Mouse,3902.72,4,0,926.94
IN-2022-100831,2022-01-27,2022-01-27,Same Day,CU-1258,Kavya Chopra,Home Office,India,Ahmedabad,Gujarat,West,FUR-TA-1002,Furniture,Tables,Computer Desk,9105.38,1,0.1,-520.99
IN-2022-101585,2022-02-02,2022-02-09,Standard Class,CU-1160,Varun Nair,Consumer,India,Jaipur,Rajasthan,North,FUR-TA-1002,Furniture,Tables,Computer Desk,59864.9,6,0,-1622.22
IN-2022-101109,2022-02-07,2022-02-14,Standard Class,CU-1290,Rohan Iyer,Consumer,India,Jaipur,Rajasthan,North,OFF-PA-1003,Office Supplies,Paper,Sticky Notes Bulk Pack,2378.96,5,0.15,591.26
IN-2022-100798,2022-02-08,2022-02-10,Second Class,CU-1137,Aditya Patel,Consumer,India,Ahmedabad,Gujarat,West,OFF-AR-1003,Office Supplies,Art,Highlighter Pack,950.95,5,0.3,-35.64
IN-2022-100798,2022-02-08,2022-02-10,Second Class,CU-1137,Aditya Patel,Consumer,India,Ahmedabad,Gujarat,West,TEC-CO-1003,Technology,Copiers,Mono Laser Printer,81792.81,5,0.1,26616.44
IN-2022-101318,2022-02-08,2022-02-15,Standard Class,CU-1088,Ananya Joshi,Home Office,India,Surat,Gujarat,West,TEC-CO-1004,Technology,Copiers,Document Scanner,15084.75,1,0.3,1299.62
IN-2022-101318,2022-02-08,2022-02-15,Standard Class,CU-1088,Ananya Joshi,Home Office,India,Surat,Gujarat,West,OFF-PA-1002,Office Supplies,Paper,Premium Photo Paper,1076.4,1,0.15,248.18
IN-2022-100057,2022-02-09,2022-02-12,Second Class,CU-1134,Vihaan Joshi,Consumer,India,Kochi,Kerala,South,TEC-MA-1001,Technology,Machines,Currency Counting Machine,27212.8,3,0,1587.25
IN-2022-100057,2022-02-09,2022-02-12,Second Class,CU-1134,Vihaan Joshi,Consumer,India,Kochi,Kerala,South,TEC-PH-1003,Technology,Phones,IP Desk Phone,21418.4,4,0.15,-1293.14
IN-2022-100476,2022-02-10,2022-02-12,First Class,CU-1232,Aditya Menon,Home Office,India,Kochi,Kerala,South,OFF-BI-1003,Office Supplies,Binders,Binding Machine Combs,1825.86,3,0.2,212.12
IN-2022-100476,2022-02-10,2022-02-12,First Class,CU-1232,Aditya Menon,Home Office,India,Kochi,Kerala,South,OFF-PA-1002,Office Supplies,Paper,Premium Photo Paper,6062.28,5,0.05,2355.64
IN-2022-100864,2022-02-10,2022-02-17,Standard Class,CU-1198,Divya Nair,Corporate,India,Pune,Maharashtra,West,TEC-MA-1004,Technology,Machines,Paper Shredder 20-Sheet,18749.87,2,0.2,-3082.34
IN-2022-100864,2022-02-10,2022-02-17,Standard Class,CU-1198,Divya Nair,Corporate,India,Pune,Maharashtra,West,OFF-PA-1001,Office Supplies,Paper,A4 Copier Paper 500 Sheets,1553.34,5,0.2,174.84
IN-2022-101422,2022-02-10,2022-02-14,Standard Class,CU-1029,Rahul Pillai,Corporate,India,Panaji,Goa,West,OFF-BI-1003,Office Supplies,Binders,Binding Machine Combs,761.43,1,0,249.12
IN-2022-101422,2022-02-10,2022-02-14,Standard Class,CU-1029,Rahul Pillai,Corporate,India,Panaji,Goa,West,OFF-ST-1003,Office Supplies,Storage,Desk Organizer,1952.71,3,0.3,-444.73
IN-2022-101422,2022-02-10,2022-02-14,Standard Class,CU-1029,Rahul Pillai,Corporate,India,Panaji,Goa,West,OFF-BI-1003,Office Supplies,Binders,Binding Machine Combs,1579.73,2,0,424.24
IN-2022-101621,2022-02-11,2022-02-15,Standard Class,CU-1260,Rohan Kulkarni,Consumer,India,Nagpur,Maharashtra,West,OFF-AR-1003,Office Supplies,Art,Highlighter Pack,564.72,3,0.3,-29.71
IN-2022-101621,2022-02-11,2022-02-15,Standard Class,CU-1260,Rohan Kulkarni,Consumer,India,Nagpur,Maharashtra,West,OFF-ST-1004,Office Supplies,Storage,Wall Mount Shelf Box,1466.81,1,0.3,-248.49
IN-2022-101621,2022-02-11,2022-02-15,Standard Class,CU-1260,Rohan Kulkarni,Consumer,India,Nagpur,Maharashtra,West,OFF-BI-1002,Office Supplies,Binders,Heavy Duty Lever Arch File,323.45,1,0,103.69
IN-2022-101621,2022-02-11,2022-02-15,Standard Class,CU-1260,Rohan Kulkarni,Consumer,India,Nagpur,Maharashtra,West,FUR-FU-1004,Furniture,Furnishings,Anti-Fatigue Floor Mat,1762.59,1,0,236.84
IN-2022-100214,2022-02-21,2022-02-24,Second Class,CU-1214,Diya Kapoor,Consumer,India,Raipur,Chhattisgarh,Central,TEC-PH-1002,Technology,Phones,Smartphone Lite 64GB,25041.89,2,0,3228.69
IN-2022-100214,2022-02-21,2022-02-24,Second Class,CU-1214,Diya Kapoor,Consumer,India,Raipur,Chhattisgarh,Central,OFF-PA-1001,Office Supplies,Paper,A4 Copier Paper 500 Sheets,2301.95,6,0,788.48
IN-2022-101598,2022-02-23,2022-02-28,Standard Class,CU-1245,Kavya Bose,Home Office,India,Jaipur,Rajasthan,North,OFF-BI-1001,Office Supplies,Binders,Ring Binder A4 (Pack of 10),537.25,1,0.15,61.28
IN-2022-100017,2022-02-25,2022-03-04,Standard Class,CU-1180,Aditya Desai,Consumer,India,Hyderabad,Telangana,South,OFF-BI-1002,Office Supplies,Binders,Heavy Duty Lever Arch File,327.67,1,0.05,83.76
IN-2022-100017,2022-02-25,2022-03-04,Standard Class,CU-1180,Aditya Desai,Consumer,India,Hyderabad,Telangana,South,OFF-AR-1003,Office Supplies,Art,Highlighter Pack,538.09,2,0,169.08
IN-2022-100017,2022-02-25,2022-03-04,Standard Class,CU-1180,Aditya Desai,Consumer,India,Hyderabad,Telangana,South,OFF-AR-1001,Office Supplies,Art,Whiteboard Marker Set,594.29,2,0.3,2.97
IN-2022-100017,2022-02-25,2022-03-04,Standard Class,CU-1180,Aditya Desai,Consumer,India,Hyderabad,Telangana,South,OFF-AR-1001,Office Supplies,Art,Whiteboard Marker Set,1679.14,4,0,498.64
IN-2022-101632,2022-02-26,2022-02-28,First Class,CU-1140,Nikhil Kulkarni,Consumer,India,Patna,Bihar,East,FUR-BO-1002,Furniture,Bookcases,Steel Library Rack,45602.49,4,0.2,-2118.48
IN-2022-100186,2022-02-27,2022-03-02,Second Class,CU-1168,Manish Patel,Consumer,India,Kolkata,West Bengal,East,OFF-AR-1001,Office Supplies,Art,Whiteboard Marker Set,436.26,1,0,133.8
IN-2022-100186,2022-02-27,2022-03-02,Second Class,CU-1168,Manish Patel,Consumer,India,Kolkata,West Bengal,East,FUR-CH-1001,Furniture,Chairs,Ergonomic Office Chair,8460.03,1,0,740.39
IN-2022-101565,2022-02-28,2022-03-04,Standard Class,CU-1097,Swati Verma,Home Office,India,Kochi,Kerala,South,OFF-PA-1004,Office Supplies,Paper,Thermal Roll Pack,1806.53,3,0.2,317.71
IN-2022-100124,2022-03-04,2022-03-11,Standard Class,CU-1281,Vihaan Mehta,Consumer,India,Raipur,Chhattisgarh,Central,OFF-AR-1004,Office Supplies,Art,Artist Sketch Kit,5042.06,3,0,1196.42
IN-2022-100311,2022-03-05,2022-03-09,Standard Class,CU-1079,Diya Rao,Corporate,India,Chennai,Tamil Nadu,South,OFF-BI-1004,Office Supplies,Binders,Plastic Folder Set,392.1,1,0.1,90.07
IN-2022-101473,2022-03-06,2022-03-09,Second Class,CU-1049,Rahul Gupta,Consumer,India,Noida,Uttar Pradesh,North,OFF-PA-1004,Office Supplies,Paper,Thermal Roll Pack,2969.5,4,0,1056.32
IN-2022-101473,2022-03-06,2022-03-09,Second Class,CU-1049,Rahul Gupta,Consumer,India,Noida,Uttar Pradesh,North,FUR-TA-1001,Furniture,Tables,Conference Table 8-Seater,122028.83,3,0,-2034.56
IN-2022-100287,2022-03-07,2022-03-11,Standard Class,CU-1357,Karan Verma,Corporate,India,Pune,Maharashtra,West,TEC-AC-1002,Technology,Accessories,Mechanical Keyboard,3653.91,1,0,798.01
IN-2022-100287,2022-03-07,2022-03-11,Standard Class,CU-1357,Karan Verma,Corporate,India,Pune,Maharashtra,West,TEC-PH-1002,Technology,Phones,Smartphone Lite 64GB,12585.54,1,0.05,1724.55
IN-2022-100287,2022-03-07,2022-03-11,Standard Class,CU-1357,Karan Verma,Corporate,India,Pune,Maharashtra,West,FUR-BO-1004,Furniture,Bookcases,Modular Bookshelf,15079.12,2,0,1746.83
IN-2022-100287,2022-03-07,2022-03-11,Standard Class,CU-1357,Karan Verma,Corporate,India,Pune,Maharashtra,West,TEC-MA-1002,Technology,Machines,Barcode Label Printer,25495.45,2,0.2,-2015.46
IN-2022-100238,2022-03-09,2022-03-15,Standard Class,CU-1025,Arjun Bose,Home Office,India,Jaipur,Rajasthan,North,OFF-PA-1004,Office Supplies,Paper,Thermal Roll Pack,2931.41,6,0.3,184.12
IN-2022-100045,2022-03-10,2022-03-10,Same Day,CU-1433,Aman Rao,Consumer,India,Panaji,Goa,West,TEC-PH-1001,Technology,Phones,Smartphone Pro 128GB,62869.9,2,0.05,5683.46
IN-2022-100545,2022-03-10,2022-03-14,Second Class,CU-1139,Priya Iyer,Corporate,India,Noida,Uttar Pradesh,North,OFF-ST-1003,Office Supplies,Storage,Desk Organizer,1716.19,2,0,160.01
IN-2022-100545,2022-03-10,2022-03-14,Second Class,CU-1139,Priya Iyer,Corporate,India,Noida,Uttar Pradesh,North,OFF-ST-1003,Office Supplies,Storage,Desk Organizer,2518.05,4,0.3,-387.62
IN-2022-100716,2022-03-11,2022-03-14,First Class,CU-1433,Aman Rao,Consumer,India,Panaji,Goa,West,OFF-AR-1003,Office Supplies,Art,Highlighter Pack,998.56,4,0,301.69
IN-2022-100716,2022-03-11,2022-03-14,First Class,CU-1433,Aman Rao,Consumer,India,Panaji,Goa,West,TEC-CO-1004,Technology,Copiers,Document Scanner,53979.19,3,0.2,11357.46
IN-2022-101308,2022-03-11,2022-03-13,Second Class,CU-1143,Tanvi Shah,Home Office,India,Panaji,Goa,West,TEC-MA-1001,Technology,Machines,Currency Counting Machine,9055.62,1,0,372.24
IN-2022-101135,2022-03-12,2022-03-18,Standard Class,CU-1043,Neha Pillai,Corporate,India,Surat,Gujarat,West,FUR-FU-1002,Furniture,Furnishings,Wall Clock Classic,4848.91,5,0,1222.87
IN-2022-101135,2022-03-12,2022-03-18,Standard Class,CU-1043,Neha Pillai,Corporate,India,Surat,Gujarat,West,TEC-MA-1001,Technology,Machines,Currency Counting Machine,18793.74,2,0,1264.95
IN-2022-101135,2022-03-12,2022-03-18,Standard Class,CU-1043,Neha Pillai,Corporate,India,Surat,Gujarat,West,FUR-TA-1004,Furniture,Tables,Reception Counter,85802.24,4,0.3,-22580.13
IN-2022-101167,2022-03-12,2022-03-14,First Class,CU-1177,Swati Desai,Corporate,India,Mysuru,Karnataka,South,FUR-CH-1004,Furniture,Chairs,Visitor Chair Set,11957.81,3,0,1340.18
IN-2022-101167,2022-03-12,2022-03-14,First Class,CU-1177,Swati Desai,Corporate,India,Mysuru,Karnataka,South,OFF-BI-1001,Office Supplies,Binders,Ring Binder A4 (Pack of 10),2412.06,4,0,629.15
IN-2022-101167,2022-03-12,2022-03-14,First Class,CU-1177,Swati Desai,Corporate,India,Mysuru,Karnataka,South,OFF-ST-1001,Office Supplies,Storage,Steel Filing Cabinet,38875.32,3,0,5702.25
IN-2022-101179,2022-03-12,2022-03-16,Standard Class,CU-1274,Yash Shah,Consumer,India,Mysuru,Karnataka,South,OFF-AR-1003,Office Supplies,Art,Highlighter Pack,640.99,3,0.15,96.18
IN-2022-101017,2022-03-14,2022-03-17,Second Class,CU-1154,Meera Mehta,Home Office,India,Panaji,Goa,West,FUR-TA-1002,Furniture,Tables,Computer Desk,19394.9,2,0.05,-1981.65
IN-2022-100466,2022-03-15,2022-03-21,Standard Class,CU-1442,Arjun Chopra,Consumer,India,Surat,Gujarat,West,OFF-ST-1002,Office Supplies,Storage,Plastic Storage Box Set,7108.5,5,0.15,-276.35
IN-2022-100802,2022-03-15,2022-03-19,Standard Class,CU-1378,Pooja Das,Corporate,India,Kolkata,West Bengal,East,OFF-PA-1002,Office Supplies,Paper,Premium Photo Paper,3216.36,3,0.1,739.71
IN-2022-100802,2022-03-15,2022-03-19,Standard Class,CU-1378,Pooja Das,Corporate,India,Kolkata,West Bengal,East,OFF-AR-1004,Office Supplies,Art,Artist Sketch Kit,7254.02,4,0,1865.64
IN-2022-100802,2022-03-15,2022-03-19,Standard Class,CU-1378,Pooja Das,Corporate,India,Kolkata,West Bengal,East,FUR-FU-1001,Furniture,Furnishings,LED Desk Lamp,5557.93,4,0,1019.99
IN-2022-100255,2022-03-18,2022-03-25,Standard Class,CU-1337,Neha Rao,Corporate,India,Panaji,Goa,West,OFF-ST-1002,Office Supplies,Storage,Plastic Storage Box Set,8953.94,6,0.05,596.96
IN-2022-100255,2022-03-18,2022-03-25,Standard Class,CU-1337,Neha Rao,Corporate,India,Panaji,Goa,West,OFF-BI-1002,Office Supplies,Binders,Heavy Duty Lever Arch File,924.66,3,0.1,195.66
IN-2022-100255,2022-03-18,2022-03-25,Standard Class,CU-1337,Neha Rao,Corporate,India,Panaji,Goa,West,TEC-PH-1003,Technology,Phones,IP Desk Phone,6098.3,1,0,560.71
IN-2022-101444,2022-03-19,2022-03-26,Standard Class,CU-1310,Swati Sharma,Consumer,India,Lucknow,Uttar Pradesh,North,TEC-AC-1004,Technology,Accessories,Noise Cancelling Headset,56836.97,7,0,14371.6
IN-2022-100387,2022-03-21,2022-03-25,Second Class,CU-1116,Pooja Sharma,Consumer,India,Patna,Bihar,East,OFF-ST-1002,Office Supplies,Storage,Plastic Storage Box Set,4793.6,3,0.05,572.53
IN-2022-101448,2022-03-21,2022-03-26,Standard Class,CU-1287,Karan Verma,Consumer,India,Surat,Gujarat,West,OFF-ST-1003,Office Supplies,Storage,Desk Organizer,4285.82,5,0.05,397.97
IN-2022-101448,2022-03-21,2022-03-26,Standard Class,CU-1287,Karan Verma,Consumer,India,Surat,Gujarat,West,OFF-BI-1002,Office Supplies,Binders,Heavy Duty Lever Arch File,551.83,2,0.15,81.86
IN-2022-101258,2022-03-22,2022-03-26,Standard Class,CU-1129,Siddharth Reddy,Corporate,India,Bhubaneswar,Odisha,East,FUR-CH-1001,Furniture,Chairs,Ergonomic Office Chair,16537.52,2,0,1853.7
IN-2022-101258,2022-03-22,2022-03-26,Standard Class,CU-1129,Siddharth Reddy,Corporate,India,Bhubaneswar,Odisha,East,TEC-PH-1003,Technology,Phones,IP Desk Phone,11353.92,2,0.05,1820.88
IN-2022-101657,2022-03-24,2022-03-24,Same Day,CU-1372,Varun Desai,Corporate,India,Mysuru,Karnataka,South,FUR-BO-1004,Furniture,Bookcases,Modular Bookshelf,14186.39,2,0.05,313.74
IN-2022-100247,2022-03-25,2022-03-31,Standard Class,CU-1286,Arjun Iyer,Consumer,India,Surat,Gujarat,West,FUR-TA-1003,Furniture,Tables,Folding Training Table,10810.89,2,0.15,-1977.71
IN-2022-100247,2022-03-25,2022-03-31,Standard Class,CU-1286,Arjun Iyer,Consumer,India,Surat,Gujarat,West,TEC-MA-1003,Technology,Machines,Laminating Machine,9431.73,2,0.3,-2267.41
IN-2022-100678,2022-03-25,2022-03-30,Standard Class,CU-1435,Neha Desai,Consumer,India,Surat,Gujarat,West,TEC-MA-1004,Technology,Machines,Paper Shredder 20-Sheet,10748.05,1,0.05,-336.16
IN-2022-100902,2022-03-26,2022-03-30,Standard Class,CU-1215,Rohan Shah,Consumer,India,Panaji,Goa,West,OFF-PA-1002,Office Supplies,Paper,Premium Photo Paper,1292.76,1,0,475.32
IN-2022-100902,2022-03-26,2022-03-30,Standard Class,CU-1215,Rohan Shah,Consumer,India,Panaji,Goa,West,OFF-ST-1003,Office Supplies,Storage,Desk Organizer,928.64,1,0,122.15
IN-2022-100866,2022-03-27,2022-04-01,Standard Class,CU-1311,Divya Chopra,Consumer,India,Raipur,Chhattisgarh,Central,TEC-AC-1001,Technology,Accessories,Wireless Mouse,913.7,1,0.05,261.36
IN-2022-101183,2022-04-03,2022-04-07,Standard Class,CU-1295,Shruti Verma,Consumer,India,Hyderabad,Telangana,South,OFF-BI-1004,Office Supplies,Binders,Plastic Folder Set,433.55,1,0,124.33
IN-2022-100880,2022-04-04,2022-04-07,First Class,CU-1236,Nikhil Nair,Corporate,India,Mumbai,Maharashtra,West,OFF-AR-1003,Office Supplies,Art,Highlighter Pack,262.75,1,0,70.12
IN-2022-100243,2022-04-05,2022-04-09,Standard Class,CU-1218,Kavya Sharma,Consumer,India,Surat,Gujarat,West,TEC-PH-1001,Technology,Phones,Smartphone Pro 128GB,28310.24,1,0.2,-44.47
IN-2022-100243,2022-04-05,2022-04-09,Standard Class,CU-1218,Kavya Sharma,Consumer,India,Surat,Gujarat,West,TEC-PH-1002,Technology,Phones,Smartphone Lite 64GB,25720.23,2,0,4244.96
IN-2022-100649,2022-04-05,2022-04-05,Same Day,CU-1233,Sneha Iyer,Consumer,India,Panaji,Goa,West,OFF-ST-1001,Office Supplies,Storage,Steel Filing Cabinet,21389.33,2,0.2,-1561.14
IN-2022-100649,2022-04-05,2022-04-05,Same Day,CU-1233,Sneha Iyer,Consumer,India,Panaji,Goa,West,OFF-AR-1001,Office Supplies,Art,Whiteboard Marker Set,414.36,1,0,109.76
IN-2022-100649,2022-04-05,2022-04-05,Same Day,CU-1233,Sneha Iyer,Consumer,India,Panaji,Goa,West,FUR-FU-1002,Furniture,Furnishings,Wall Clock Classic,1634.52,2,0.1,300.14
IN-2022-100649,2022-04-05,2022-04-05,Same Day,CU-1233,Sneha Iyer,Consumer,India,Panaji,Goa,West,TEC-MA-1003,Technology,Machines,Laminating Machine,14072.97,2,0,1394.22
IN-2022-100332,2022-04-06,2022-04-12,Standard Class,CU-1369,Aman Pillai,Consumer,India,Patna,Bihar,East,TEC-AC-1001,Technology,Accessories,Wireless Mouse,904.54,1,0,288.04
IN-2022-100719,2022-04-10,2022-04-17,Standard Class,CU-1006,Aditya Das,Consumer,India,Raipur,Chhattisgarh,Central,OFF-PA-1003,Office Supplies,Paper,Sticky Notes Bulk Pack,398.5,1,0.3,42.01
IN-2022-101226,2022-04-10,2022-04-14,Standard Class,CU-1364,Shruti Reddy,Corporate,India,Panaji,Goa,West,FUR-FU-1003,Furniture,Furnishings,Office Curtain Set,2795.01,1,0,398.9
IN-2022-100211,2022-04-11,2022-04-14,First Class,CU-1348,Pranav Rao,Consumer,India,Nagpur,Maharashtra,West,FUR-BO-1002,Furniture,Bookcases,Steel Library Rack,29345.67,3,0.3,-6487.88
IN-2022-100617,2022-04-13,2022-04-16,Second Class,CU-1319,Divya Singh,Consumer,India,Raipur,Chhattisgarh,Central,TEC-PH-1001,Technology,Phones,Smartphone Pro 128GB,52628.91,2,0.2,-2733.19
IN-2022-100952,2022-04-16,2022-04-19,Second Class,CU-1429,Kavya Kulkarni,Consumer,India,Surat,Gujarat,West,TEC-MA-1001,Technology,Machines,Currency Counting Machine,27440.43,4,0.3,-6884.6
IN-2022-100952,2022-04-16,2022-04-19,Second Class,CU-1429,Kavya Kulkarni,Consumer,India,Surat,Gujarat,West,TEC-MA-1003,Technology,Machines,Laminating Machine,6660.87,1,0.05,531.54
IN-2022-101510,2022-04-18,2022-04-24,Standard Class,CU-1444,Swati Menon,Corporate,India,Ahmedabad,Gujarat,West,OFF-BI-1001,Office Supplies,Binders,Ring Binder A4 (Pack of 10),2433.32,4,0,702.44
IN-2022-100934,2022-04-19,2022-04-20,First Class,CU-1058,Tanvi Kulkarni,Consumer,India,Ahmedabad,Gujarat,West,OFF-AR-1001,Office Supplies,Art,Whiteboard Marker Set,743.98,2,0.15,126.87
IN-2022-100934,2022-04-19,2022-04-20,First Class,CU-1058,Tanvi Kulkarni,Consumer,India,Ahmedabad,Gujarat,West,FUR-FU-1002,Furniture,Furnishings,Wall Clock Classic,693.21,1,0.3,-0.73
IN-2022-100934,2022-04-19,2022-04-20,First Class,CU-1058,Tanvi Kulkarni,Consumer,India,Ahmedabad,Gujarat,West,OFF-AR-1003,Office Supplies,Art,Highlighter Pack,754.09,3,0,236.27
IN-2022-100934,2022-04-19,2022-04-20,First Class,CU-1058,Tanvi Kulkarni,Consumer,India,Ahmedabad,Gujarat,West,FUR-CH-1002,Furniture,Chairs,Executive Leather Chair,17605.11,1,0,3006.58
IN-2022-100292,2022-04-20,2022-04-27,Standard Class,CU-1253,Diya Reddy,Consumer,India,Indore,Madhya Pradesh,Central,FUR-FU-1002,Furniture,Furnishings,Wall Clock Classic,936.58,1,0,183.49
IN-2022-100644,2022-04-20,2022-04-22,Second Class,CU-1428,Isha Bose,Consumer,India,Amritsar,Punjab,North,OFF-AR-1001,Office Supplies,Art,Whiteboard Marker Set,825.87,2,0,242.6
IN-2022-101553,2022-04-20,2022-04-26,Standard Class,CU-1085,Pooja Joshi,Home Office,India,Jaipur,Rajasthan,North,OFF-BI-1002,Office Supplies,Binders,Heavy Duty Lever Arch File,858.78,3,0.15,130.2
IN-2022-101553,2022-04-20,2022-04-26,Standard Class,CU-1085,Pooja Joshi,Home Office,India,Jaipur,Rajasthan,North,OFF-PA-1003,Office Supplies,Paper,Sticky Notes Bulk Pack,1892.89,4,0.15,416.0
IN-2022-100474,2022-04-21,2022-04-27,Standard Class,CU-1376,Pranav Das,Consumer,India,Raipur,Chhattisgarh,Central,FUR-FU-1002,Furniture,Furnishings,Wall Clock Classic,4669.03,6,0.2,264.61
IN-2022-101070,2022-04-21,2022-04-24,Second Class,CU-1226,Diya Mehta,Corporate,India,New Delhi,Delhi,North,FUR-FU-1004,Furniture,Furnishings,Anti-Fatigue Floor Mat,3083.22,2,0.15,150.1
IN-2022-101070,2022-04-21,2022-04-24,Second Class,CU-1226,Diya Mehta,Corporate,India,New Delhi,Delhi,North,OFF-BI-1001,Office Supplies,Binders,Ring Binder A4 (Pack of 10),2253.71,4,0.1,408.7
IN-2022-101070,2022-04-21,2022-04-24,Second Class,CU-1226,Diya Mehta,Corporate,India,New Delhi,Delhi,North,FUR-TA-1003,Furniture,Tables,Folding Training Table,32611.73,5,0,-1338.26
IN-2022-100015,2022-04-22,2022-04-26,Standard Class,CU-1357,Karan Verma,Corporate,India,Pune,Maharashtra,West,FUR-BO-1002,Furniture,Bookcases,Steel Library Rack,72338.33,5,0,5952.17
IN-2022-101360,2022-04-22,2022-04-28,Standard Class,CU-1301,Manish Pillai,Consumer,India,Hyderabad,Telangana,South,FUR-CH-1004,Furniture,Chairs,Visitor Chair Set,7609.14,2,0,1213.01
IN-2022-101360,2022-04-22,2022-04-28,Standard Class,CU-1301,Manish Pillai,Consumer,India,Hyderabad,Telangana,South,FUR-FU-1002,Furniture,Furnishings,Wall Clock Classic,3853.26,4,0,845.78
IN-2022-101360,2022-04-22,2022-04-28,Standard Class,CU-1301,Manish Pillai,Consumer,India,Hyderabad,Telangana,South,OFF-BI-1002,Office Supplies,Binders,Heavy Duty Lever Arch File,1127.13,4,0.2,104.56
IN-2022-100099,2022-04-26,2022-05-03,Standard Class,CU-1233,Sneha Iyer,Consumer,India,Panaji,Goa,West,FUR-CH-1003,Furniture,Chairs,Mesh Back Task Chair,15917.83,3,0,723.0
IN-2022-100099,2022-04-26,2022-05-03,Standard Class,CU-1233,Sneha Iyer,Consumer,India,Panaji,Goa,West,TEC-AC-1001,Technology,Accessories,Wireless Mouse,669.67,1,0.3,-6.75
IN-2022-100099,2022-04-26,2022-05-03,Standard Class,CU-1233,Sneha Iyer,Consumer,India,Panaji,Goa,West,OFF-BI-1004,Office Supplies,Binders,Plastic Folder Set,901.5,2,0,214.38
IN-2022-101088,2022-04-28,2022-05-05,Standard Class,CU-1158,Sanjana Gupta,Home Office,India,Kochi,Kerala,South,TEC-AC-1002,Technology,Accessories,Mechanical Keyboard,7360.93,2,0,2086.6
IN-2022-101142,2022-04-28,2022-05-03,Standard Class,CU-1110,Yash Menon,Home Office,India,Hyderabad,Telangana,South,TEC-MA-1002,Technology,Machines,Barcode Label Printer,15627.31,1,0,2703.35
IN-2022-101142,2022-04-28,2022-05-03,Standard Class,CU-1110,Yash Menon,Home Office,India,Hyderabad,Telangana,South,OFF-ST-1003,Office Supplies,Storage,Desk Organizer,2455.22,4,0.3,-294.68
IN-2022-101142,2022-04-28,2022-05-03,Standard Class,CU-1110,Yash Menon,Home Office,India,Hyderabad,Telangana,South,OFF-PA-1002,Office Supplies,Paper,Premium Photo Paper,1903.98,2,0.2,417.02
IN-2022-100460,2022-05-01,2022-05-05,Standard Class,CU-1368,Aditya Chopra,Consumer,India,Surat,Gujarat,West,OFF-PA-1002,Office Supplies,Paper,Premium Photo Paper,5030.82,4,0,2101.08
IN-2022-101141,2022-05-01,2022-05-05,Second Class,CU-1282,Ananya Reddy,Corporate,India,Kolkata,West Bengal,East,OFF-BI-1003,Office Supplies,Binders,Binding Machine Combs,2602.09,5,0.3,217.01
IN-2022-100898,2022-05-06,2022-05-12,Standard Class,CU-1299,Sneha Joshi,Consumer,India,Bhopal,Madhya Pradesh,Central,FUR-BO-1001,Furniture,Bookcases,Wooden Bookcase 5-Shelf,33006.13,3,0,3597.87
IN-2022-100898,2022-05-06,2022-05-12,Standard Class,CU-1299,Sneha Joshi,Consumer,India,Bhopal,Madhya Pradesh,Central,TEC-PH-1004,Technology,Phones,Conference Speakerphone,8619.99,1,0.15,397.3
IN-2022-100180,2022-05-11,2022-05-15,Standard Class,CU-1067,Siddharth Sharma,Corporate,India,Hyderabad,Telangana,South,TEC-AC-1004,Technology,Accessories,Noise Cancelling Headset,6334.17,1,0.15,712.67
IN-2022-100777,2022-05-11,2022-05-15,Standard Class,CU-1094,Riya Sharma,Home Office,India,Panaji,Goa,West,OFF-ST-1002,Office Supplies,Storage,Plastic Storage Box Set,1613.12,1,0,237.91
IN-2022-100777,2022-05-11,2022-05-15,Standard Class,CU-1094,Riya Sharma,Home Office,India,Panaji,Goa,West,OFF-PA-1004,Office Supplies,Paper,Thermal Roll Pack,2629.67,5,0.3,177.66
IN-2022-100188,2022-05-12,2022-05-13,First Class,CU-1001,Siddharth Joshi,Consumer,India,New Delhi,Delhi,North,TEC-PH-1004,Technology,Phones,Conference Speakerphone,19300.9,2,0.05,2330.88
IN-2022-100188,2022-05-12,2022-05-13,First Class,CU-1001,Siddharth Joshi,Consumer,India,New Delhi,Delhi,North,OFF-BI-1004,Office Supplies,Binders,Plastic Folder Set,757.81,2,0.15,172.02
IN-2022-100156,2022-05-13,2022-05-14,First Class,CU-1285,Neha Kapoor,Home Office,India,Ahmedabad,Gujarat,West,FUR-FU-1003,Furniture,Furnishings,Office Curtain Set,4834.7,2,0.15,293.41
IN-2022-100156,2022-05-13,2022-05-14,First Class,CU-1285,Neha Kapoor,Home Office,India,Ahmedabad,Gujarat,West,FUR-TA-1003,Furniture,Tables,Folding Training Table,12892.53,2,0,-745.58
IN-2022-100156,2022-05-13,2022-05-14,First Class,CU-1285,Neha Kapoor,Home Office,India,Ahmedabad,Gujarat,West,OFF-BI-1002,Office Supplies,Binders,Heavy Duty Lever Arch File,819.45,3,0.2,83.05
IN-2022-100156,2022-05-13,2022-05-14,First Class,CU-1285,Neha Kapoor,Home Office,India,Ahmedabad,Gujarat,West,FUR-FU-1002,Furniture,Furnishings,Wall Clock Classic,677.24,1,0.3,-43.05
IN-2022-100894,2022-05-14,2022-05-20,Standard Class,CU-1170,Aditya Kapoor,Home Office,India,Kolkata,West Bengal,East,FUR-CH-1003,Furniture,Chairs,Mesh Back Task Chair,4966.3,1,0,345.92
IN-2022-100894,2022-05-14,2022-05-20,Standard Class,CU-1170,Aditya Kapoor,Home Office,India,Kolkata,West Bengal,East,FUR-BO-1002,Furniture,Bookcases,Steel Library Rack,14861.08,1,0,723.79
IN-2022-101496,2022-05-16,2022-05-20,Second Class,CU-1398,Divya Desai,Consumer,India,Coimbatore,Tamil Nadu,South,OFF-ST-1004,Office Supplies,Storage,Wall Mount Shelf Box,2130.1,1,0,414.85
IN-2022-101325,2022-05-17,2022-05-22,Standard Class,CU-1138,Arjun Verma,Corporate,India,Hyderabad,Telangana,South,FUR-CH-1004,Furniture,Chairs,Visitor Chair Set,13334.6,4,0.1,401.73
IN-2022-101569,2022-05-17,2022-05-17,Same Day,CU-1290,Rohan Iyer,Consumer,India,Jaipur,Rajasthan,North,TEC-CO-1003,Technology,Copiers,Mono Laser Printer,26879.91,2,0.2,4700.54
IN-2022-101569,2022-05-17,2022-05-17,Same Day,CU-1290,Rohan Iyer,Consumer,India,Jaipur,Rajasthan,North,OFF-PA-1003,Office Supplies,Paper,Sticky Notes Bulk Pack,551.34,1,0,205.58
IN-2022-100792,2022-05-19,2022-05-20,First Class,CU-1048,Nikhil Iyer,Consumer,India,Indore,Madhya Pradesh,Central,FUR-FU-1004,Furniture,Furnishings,Anti-Fatigue Floor Mat,1808.66,1,0.05,287.41
IN-2022-100944,2022-05-20,2022-05-24,Standard Class,CU-1050,Isha Iyer,Consumer,India,Hyderabad,Telangana,South,TEC-PH-1002,Technology,Phones,Smartphone Lite 64GB,37849.88,3,0,4481.77
IN-2022-100944,2022-05-20,2022-05-24,Standard Class,CU-1050,Isha Iyer,Consumer,India,Hyderabad,Telangana,South,TEC-CO-1004,Technology,Copiers,Document Scanner,43482.23,2,0,13315.38
IN-2022-100381,2022-05-24,2022-05-28,Second Class,CU-1018,Riya Iyer,Corporate,India,Nagpur,Maharashtra,West,OFF-BI-1002,Office Supplies,Binders,Heavy Duty Lever Arch File,2658.38,8,0,877.51
IN-2022-100381,2022-05-24,2022-05-28,Second Class,CU-1018,Riya Iyer,Corporate,India,Nagpur,Maharashtra,West,OFF-ST-1004,Office Supplies,Storage,Wall Mount Shelf Box,2035.73,1,0.05,65.72
IN-2022-100298,2022-05-25,2022-05-29,Standard Class,CU-1202,Riya Verma,Corporate,India,New Delhi,Delhi,North,OFF-AR-1001,Office Supplies,Art,Whiteboard Marker Set,1320.19,3,0,437.11
IN-2022-100298,2022-05-25,2022-05-29,Standard Class,CU-1202,Riya Verma,Corporate,India,New Delhi,Delhi,North,TEC-AC-1002,Technology,Accessories,Mechanical Keyboard,21210.09,7,0.15,2673.31
IN-2022-100298,2022-05-25,2022-05-29,Standard Class,CU-1202,Riya Verma,Corporate,India,New Delhi,Delhi,North,OFF-AR-1002,Office Supplies,Art,Premium Pen Set,3932.74,3,0.05,789.24
IN-2022-101039,2022-05-25,2022-05-29,Standard Class,CU-1089,Tanvi Joshi,Consumer,India,Panaji,Goa,West,TEC-AC-1004,Technology,Accessories,Noise Cancelling Headset,43347.49,6,0.05,8725.88
IN-2022-100392,2022-05-27,2022-06-01,Standard Class,CU-1309,Aman Chopra,Consumer,India,Panaji,Goa,West,OFF-ST-1003,Office Supplies,Storage,Desk Organizer,724.3,1,0.15,-11.75
IN-2022-100392,2022-05-27,2022-06-01,Standard Class,CU-1309,Aman Chopra,Consumer,India,Panaji,Goa,West,TEC-AC-1004,Technology,Accessories,Noise Cancelling Headset,16293.8,2,0,5038.21
IN-2022-100154,2022-05-28,2022-05-30,Second Class,CU-1096,Ananya Menon,Consumer,India,Bhubaneswar,Odisha,East,TEC-MA-1002,Technology,Machines,Barcode Label Printer,45218.43,3,0,5638.32
IN-2022-101349,2022-06-01,2022-06-05,Standard Class,CU-1043,Neha Pillai,Corporate,India,Surat,Gujarat,West,TEC-MA-1004,Technology,Machines,Paper Shredder 20-Sheet,69476.95,6,0,8604.64
IN-2022-100285,2022-06-03,2022-06-09,Standard Class,CU-1161,Yash Reddy,Home Office,India,Panaji,Goa,West,OFF-PA-1002,Office Supplies,Paper,Premium Photo Paper,3505.98,3,0.05,1397.0
IN-2022-100285,2022-06-03,2022-06-09,Standard Class,CU-1161,Yash Reddy,Home Office,India,Panaji,Goa,West,FUR-FU-1002,Furniture,Furnishings,Wall Clock Classic,936.04,1,0.05,111.51
IN-2022-100693,2022-06-03,2022-06-07,Standard Class,CU-1269,Divya Desai,Consumer,India,Jaipur,Rajasthan,North,TEC-PH-1002,Technology,Phones,Smartphone Lite 64GB,27964.59,3,0.3,-2267.33
IN-2022-100006,2022-06-05,2022-06-12,Standard Class,CU-1306,Karan Gupta,Home Office,India,Hyderabad,Telangana,South,OFF-BI-1004,Office Supplies,Binders,Plastic Folder Set,321.09,1,0.3,18.38
IN-2022-101380,2022-06-05,2022-06-12,Standard Class,CU-1297,Manish Gupta,Corporate,India,Kochi,Kerala,South,OFF-ST-1002,Office Supplies,Storage,Plastic Storage Box Set,2409.05,2,0.3,-327.56
IN-2022-101239,2022-06-06,2022-06-08,Second Class,CU-1305,Sneha Patel,Home Office,India,Pune,Maharashtra,West,FUR-CH-1003,Furniture,Chairs,Mesh Back Task Chair,40130.44,8,0,3970.26
IN-2022-101239,2022-06-06,2022-06-08,Second Class,CU-1305,Sneha Patel,Home Office,India,Pune,Maharashtra,West,OFF-PA-1002,Office Supplies,Paper,Premium Photo Paper,1045.2,1,0.2,261.23
IN-2022-100281,2022-06-07,2022-06-14,Standard Class,CU-1244,Sneha Singh,Consumer,India,Bhubaneswar,Odisha,East,OFF-ST-1003,Office Supplies,Storage,Desk Organizer,780.03,1,0.15,-29.52
IN-2022-101395,2022-06-11,2022-06-16,Standard Class,CU-1280,Sanjana Desai,Consumer,India,Kolkata,West Bengal,East,OFF-BI-1003,Office Supplies,Binders,Binding Machine Combs,786.12,1,0,280.98
IN-2022-101185,2022-06-13,2022-06-20,Standard Class,CU-1426,Divya Kapoor,Consumer,India,Jaipur,Rajasthan,North,OFF-PA-1002,Office Supplies,Paper,Premium Photo Paper,2472.73,2,0,963.48
IN-2022-101185,2022-06-13,2022-06-20,Standard Class,CU-1426,Divya Kapoor,Consumer,India,Jaipur,Rajasthan,North,TEC-CO-1004,Technology,Copiers,Document Scanner,19699.75,1,0.1,5868.5
IN-2022-101185,2022-06-13,2022-06-20,Standard Class,CU-1426,Divya Kapoor,Consumer,India,Jaipur,Rajasthan,North,FUR-FU-1001,Furniture,Furnishings,LED Desk Lamp,1441.98,1,0,259.4
IN-2022-100084,2022-06-14,2022-06-14,Same Day,CU-1283,Pranav Das,Consumer,India,Kochi,Kerala,South,OFF-AR-1003,Office Supplies,Art,Highlighter Pack,214.86,1,0.2,28.59
IN-2022-101130,2022-06-14,2022-06-17,Second Class,CU-1180,Aditya Desai,Consumer,India,Hyderabad,Telangana,South,TEC-PH-1001,Technology,Phones,Smartphone Pro 128GB,236091.9,7,0,56907.18
IN-2022-101130,2022-06-14,2022-06-17,Second Class,CU-1180,Aditya Desai,Consumer,India,Hyderabad,Telangana,South,TEC-AC-1003,Technology,Accessories,USB-C Hub 7-in-1,10559.35,5,0.15,1872.33
IN-2022-101130,2022-06-14,2022-06-17,Second Class,CU-1180,Aditya Desai,Consumer,India,Hyderabad,Telangana,South,OFF-PA-1001,Office Supplies,Paper,A4 Copier Paper 500 Sheets,1857.36,5,0.05,599.74
IN-2022-101130,2022-06-14,2022-06-17,Second Class,CU-1180,Aditya Desai,Consumer,India,Hyderabad,Telangana,South,FUR-TA-1002,Furniture,Tables,Computer Desk,9936.33,1,0,230.68
IN-2022-100965,2022-06-15,2022-06-20,Standard Class,CU-1172,Ananya Sharma,Home Office,India,Hyderabad,Telangana,South,FUR-FU-1003,Furniture,Furnishings,Office Curtain Set,8041.22,3,0,1681.57
IN-2022-101150,2022-06-15,2022-06-22,Standard Class,CU-1105,Nikhil Kapoor,Home Office,India,Ahmedabad,Gujarat,West,OFF-PA-1003,Office Supplies,Paper,Sticky Notes Bulk Pack,490.54,1,0.15,130.37
IN-2022-100673,2022-06-16,2022-06-20,Standard Class,CU-1356,Yash Rao,Consumer,India,Kochi,Kerala,South,OFF-AR-1002,Office Supplies,Art,Premium Pen Set,1956.84,2,0.3,-2.54
IN-2022-100673,2022-06-16,2022-06-20,Standard Class,CU-1356,Yash Rao,Consumer,India,Kochi,Kerala,South,OFF-BI-1003,Office Supplies,Binders,Binding Machine Combs,4469.29,6,0.05,961.04
IN-2022-101321,2022-06-16,2022-06-22,Standard Class,CU-1039,Priya Joshi,Home Office,India,Pune,Maharashtra,West,OFF-AR-1003,Office Supplies,Art,Highlighter Pack,748.44,3,0,208.57
IN-2022-100603,2022-06-18,2022-06-24,Standard Class,CU-1057,Tanvi Menon,Home Office,India,Kolkata,West Bengal,East,TEC-AC-1003,Technology,Accessories,USB-C Hub 7-in-1,2106.16,1,0.15,363.33
IN-2022-100603,2022-06-18,2022-06-24,Standard Class,CU-1057,Tanvi Menon,Home Office,India,Kolkata,West Bengal,East,OFF-ST-1002,Office Supplies,Storage,Plastic Storage Box Set,3859.11,3,0.2,-378.22
IN-2022-100811,2022-06-21,2022-06-27,Standard Class,CU-1385,Aman Kapoor,Corporate,India,Panaji,Goa,West,OFF-BI-1001,Office Supplies,Binders,Ring Binder A4 (Pack of 10),3070.02,5,0,945.16
IN-2022-100994,2022-06-22,2022-06-27,Standard Class,CU-1222,Divya Kapoor,Consumer,India,Kolkata,West Bengal,East,OFF-PA-1003,Office Supplies,Paper,Sticky Notes Bulk Pack,1100.62,2,0.05,329.88
IN-2022-100994,2022-06-22,2022-06-27,Standard Class,CU-1222,Divya Kapoor,Consumer,India,Kolkata,West Bengal,East,FUR-CH-1004,Furniture,Chairs,Visitor Chair Set,7880.97,2,0,560.55
IN-2022-100994,2022-06-22,2022-06-27,Standard Class,CU-1222,Divya Kapoor,Consumer,India,Kolkata,West Bengal,East,TEC-CO-1003,Technology,Copiers,Mono Laser Printer,36422.64,3,0.3,1246.39
IN-2022-100249,2022-06-23,2022-06-25,Second Class,CU-1380,Swati Joshi,Consumer,India,Kochi,Kerala,South,TEC-MA-1003,Technology,Machines,Laminating Machine,6690.27,1,0,277.46
IN-2022-100249,2022-06-23,2022-06-25,Second Class,CU-1380,Swati Joshi,Consumer,India,Kochi,Kerala,South,OFF-ST-1003,Office Supplies,Storage,Desk Organizer,6929.8,8,0,541.43
IN-2022-100249,2022-06-23,2022-06-25,Second Class,CU-1380,Swati Joshi,Consumer,India,Kochi,Kerala,South,OFF-AR-1004,Office Supplies,Art,Artist Sketch Kit,6820.44,4,0.05,1612.57
IN-2022-100249,2022-06-23,2022-06-25,Second Class,CU-1380,Swati Joshi,Consumer,India,Kochi,Kerala,South,TEC-PH-1003,Technology,Phones,IP Desk Phone,33399.07,6,0.1,1253.68
IN-2022-101242,2022-06-24,2022-06-28,Standard Class,CU-1067,Siddharth Sharma,Corporate,India,Hyderabad,Telangana,South,TEC-PH-1003,Technology,Phones,IP Desk Phone,36143.82,6,0,8776.35
IN-2022-101301,2022-06-24,2022-06-29,Standard Class,CU-1299,Sneha Joshi,Consumer,India,Bhopal,Madhya Pradesh,Central,OFF-BI-1004,Office Supplies,Binders,Plastic Folder Set,2645.97,6,0,656.92
IN-2022-100536,2022-06-25,2022-06-28,Second Class,CU-1393,Aditya Pillai,Corporate,India,Jaipur,Rajasthan,North,FUR-TA-1001,Furniture,Tables,Conference Table 8-Seater,41420.81,1,0,-1832.17
IN-2022-100536,2022-06-25,2022-06-28,Second Class,CU-1393,Aditya Pillai,Corporate,India,Jaipur,Rajasthan,North,FUR-FU-1002,Furniture,Furnishings,Wall Clock Classic,658.05,1,0.3,-50.44
IN-2022-100536,2022-06-25,2022-06-28,Second Class,CU-1393,Aditya Pillai,Corporate,India,Jaipur,Rajasthan,North,FUR-FU-1001,Furniture,Furnishings,LED Desk Lamp,2394.9,2,0.15,77.97
IN-2022-101337,2022-06-25,2022-06-29,Standard Class,CU-1206,Isha Kapoor,Consumer,India,Kolkata,West Bengal,East,FUR-FU-1004,Furniture,Furnishings,Anti-Fatigue Floor Mat,5695.09,3,0,1281.41
IN-2022-101337,2022-06-25,2022-06-29,Standard Class,CU-1206,Isha Kapoor,Consumer,India,Kolkata,West Bengal,East,OFF-BI-1001,Office Supplies,Binders,Ring Binder A4 (Pack of 10),516.72,1,0.2,69.25
IN-2022-101337,2022-06-25,2022-06-29,Standard Class,CU-1206,Isha Kapoor,Consumer,India,Kolkata,West Bengal,East,OFF-PA-1001,Office Supplies,Paper,A4 Copier Paper 500 Sheets,794.73,2,0,293.63
IN-2022-100860,2022-06-26,2022-06-28,First Class,CU-1214,Diya Kapoor,Consumer,India,Raipur,Chhattisgarh,Central,OFF-BI-1002,Office Supplies,Binders,Heavy Duty Lever Arch File,943.96,4,0.3,46.67
IN-2022-101107,2022-06-26,2022-07-03,Standard Class,CU-1370,Varun Mehta,Corporate,India,Kochi,Kerala,South,OFF-ST-1002,Office Supplies,Storage,Plastic Storage Box Set,1164.63,1,0.3,-209.18
IN-2022-101661,2022-07-01,2022-07-08,Standard Class,CU-1433,Aman Rao,Consumer,India,Panaji,Goa,West,OFF-BI-1002,Office Supplies,Binders,Heavy Duty Lever Arch File,1000.94,3,0.05,310.17
IN-2022-100178,2022-07-02,2022-07-08,Standard Class,CU-1012,Pooja Joshi,Consumer,India,New Delhi,Delhi,North,OFF-BI-1002,Office Supplies,Binders,Heavy Duty Lever Arch File,1484.18,5,0.1,238.09
IN-2022-100178,2022-07-02,2022-07-08,Standard Class,CU-1012,Pooja Joshi,Consumer,India,New Delhi,Delhi,North,OFF-BI-1001,Office Supplies,Binders,Ring Binder A4 (Pack of 10),1513.46,3,0.2,176.59
IN-2022-100509,2022-07-02,2022-07-04,Second Class,CU-1278,Shruti Shah,Corporate,India,Kolkata,West Bengal,East,TEC-CO-1003,Technology,Copiers,Mono Laser Printer,98494.5,6,0.1,30625.96
IN-2022-100509,2022-07-02,2022-07-04,Second Class,CU-1278,Shruti Shah,Corporate,India,Kolkata,West Bengal,East,OFF-ST-1003,Office Supplies,Storage,Desk Organizer,3276.34,4,0.1,-32.95
IN-2022-100509,2022-07-02,2022-07-04,Second Class,CU-1278,Shruti Shah,Corporate,India,Kolkata,West Bengal,East,OFF-ST-1004,Office Supplies,Storage,Wall Mount Shelf Box,10822.77,5,0,289.49
IN-2022-100544,2022-07-04,2022-07-11,Standard Class,CU-1254,Pranav Kapoor,Consumer,India,Mysuru,Karnataka,South,TEC-PH-1003,Technology,Phones,IP Desk Phone,8608.95,2,0.3,-460.15
IN-2022-100119,2022-07-05,2022-07-05,Same Day,CU-1403,Riya Pillai,Corporate,India,Panaji,Goa,West,FUR-FU-1004,Furniture,Furnishings,Anti-Fatigue Floor Mat,9156.02,5,0,1784.17
IN-2022-100119,2022-07-05,2022-07-05,Same Day,CU-1403,Riya Pillai,Corporate,India,Panaji,Goa,West,TEC-PH-1004,Technology,Phones,Conference Speakerphone,19501.72,2,0,2864.71
IN-2022-100062,2022-07-07,2022-07-09,Second Class,CU-1296,Arjun Nair,Home Office,India,Jaipur,Rajasthan,North,OFF-PA-1003,Office Supplies,Paper,Sticky Notes Bulk Pack,2156.99,4,0,813.38
IN-2022-100062,2022-07-07,2022-07-09,Second Class,CU-1296,Arjun Nair,Home Office,India,Jaipur,Rajasthan,North,OFF-PA-1001,Office Supplies,Paper,A4 Copier Paper 500 Sheets,676.06,2,0.15,160.06
IN-2022-100062,2022-07-07,2022-07-09,Second Class,CU-1296,Arjun Nair,Home Office,India,Jaipur,Rajasthan,North,FUR-FU-1002,Furniture,Furnishings,Wall Clock Classic,1974.48,2,0,409.55
IN-2022-101480,2022-07-07,2022-07-10,First Class,CU-1265,Sanjana Reddy,Home Office,India,Mysuru,Karnataka,South,FUR-FU-1003,Furniture,Furnishings,Office Curtain Set,2792.34,1,0,782.56
IN-2022-101480,2022-07-07,2022-07-10,First Class,CU-1265,Sanjana Reddy,Home Office,India,Mysuru,Karnataka,South,OFF-PA-1004,Office Supplies,Paper,Thermal Roll Pack,1399.69,2,0.05,553.27
IN-2022-100683,2022-07-09,2022-07-13,Standard Class,CU-1255,Swati Kapoor,Corporate,India,Chennai,Tamil Nadu,South,OFF-BI-1002,Office Supplies,Binders,Heavy Duty Lever Arch File,1628.96,7,0.3,81.67
IN-2022-100485,2022-07-11,2022-07-17,Standard Class,CU-1240,Vihaan Patel,Consumer,India,Surat,Gujarat,West,OFF-PA-1002,Office Supplies,Paper,Premium Photo Paper,6669.37,7,0.2,1132.88
IN-2022-101328,2022-07-12,2022-07-19,Standard Class,CU-1435,Neha Desai,Consumer,India,Surat,Gujarat,West,OFF-BI-1004,Office Supplies,Binders,Plastic Folder Set,739.98,2,0.2,152.54
IN-2022-101328,2022-07-12,2022-07-19,Standard Class,CU-1435,Neha Desai,Consumer,India,Surat,Gujarat,West,OFF-BI-1004,Office Supplies,Binders,Plastic Folder Set,1770.85,4,0,480.6
IN-2022-100745,2022-07-13,2022-07-15,First Class,CU-1040,Vihaan Pillai,Home Office,India,Panaji,Goa,West,OFF-BI-1003,Office Supplies,Binders,Binding Machine Combs,1190.66,2,0.2,124.28
IN-2022-100745,2022-07-13,2022-07-15,First Class,CU-1040,Vihaan Pillai,Home Office,India,Panaji,Goa,West,TEC-MA-1003,Technology,Machines,Laminating Machine,33498.44,5,0,2727.28
IN-2022-100942,2022-07-13,2022-07-18,Standard Class,CU-1065,Ananya Singh,Corporate,India,Kochi,Kerala,South,FUR-TA-1003,Furniture,Tables,Folding Training Table,11646.83,2,0.1,-730.03
IN-2022-101212,2022-07-13,2022-07-17,Standard Class,CU-1272,Aarav Kapoor,Consumer,India,Noida,Uttar Pradesh,North,FUR-CH-1002,Furniture,Chairs,Executive Leather Chair,42432.27,3,0.2,-2496.9
IN-2022-100220,2022-07-14,2022-07-20,Standard Class,CU-1113,Swati Iyer,Consumer,India,Lucknow,Uttar Pradesh,North,OFF-ST-1003,Office Supplies,Storage,Desk Organizer,3587.81,4,0,332.5
IN-2022-100220,2022-07-14,2022-07-20,Standard Class,CU-1113,Swati Iyer,Consumer,India,Lucknow,Uttar Pradesh,North,OFF-PA-1001,Office Supplies,Paper,A4 Copier Paper 500 Sheets,1150.44,3,0,426.35
IN-2022-100220,2022-07-14,2022-07-20,Standard Class,CU-1113,Swati Iyer,Consumer,India,Lucknow,Uttar Pradesh,North,TEC-AC-1001,Technology,Accessories,Wireless Mouse,826.57,1,0.15,112.21
IN-2022-100996,2022-07-18,2022-07-24,Standard Class,CU-1167,Priya Singh,Corporate,India,Panaji,Goa,West,OFF-AR-1001,Office Supplies,Art,Whiteboard Marker Set,437.67,1,0,101.85
IN-2022-100996,2022-07-18,2022-07-24,Standard Class,CU-1167,Priya Singh,Corporate,India,Panaji,Goa,West,OFF-PA-1003,Office Supplies,Paper,Sticky Notes Bulk Pack,1607.04,3,0,638.61
IN-2022-100448,2022-07-19,2022-07-22,First Class,CU-1149,Pooja Nair,Home Office,India,Amritsar,Punjab,North,FUR-FU-1002,Furniture,Furnishings,Wall Clock Classic,2628.37,4,0.3,-424.66
IN-2022-100448,2022-07-19,2022-07-22,First Class,CU-1149,Pooja Nair,Home Office,India,Amritsar,Punjab,North,FUR-FU-1002,Furniture,Furnishings,Wall Clock Classic,1871.62,2,0,397.02
IN-2022-100448,2022-07-19,2022-07-22,First Class,CU-1149,Pooja Nair,Home Office,India,Amritsar,Punjab,North,TEC-AC-1004,Technology,Accessories,Noise Cancelling Headset,18910.63,3,0.15,1739.94
IN-2022-101180,2022-07-19,2022-07-21,Second Class,CU-1331,Sneha Rao,Corporate,India,Noida,Uttar Pradesh,North,TEC-AC-1001,Technology,Accessories,Wireless Mouse,925.84,1,0,228.99
IN-2022-101672,2022-07-19,2022-07-20,First Class,CU-1010,Yash Joshi,Home Office,India,Ahmedabad,Gujarat,West,OFF-AR-1004,Office Supplies,Art,Artist Sketch Kit,3479.75,2,0,904.56
IN-2022-101672,2022-07-19,2022-07-20,First Class,CU-1010,Yash Joshi,Home Office,India,Ahmedabad,Gujarat,West,OFF-AR-1002,Office Supplies,Art,Premium Pen Set,1090.19,1,0.15,210.71
IN-2022-101108,2022-07-20,2022-07-24,Standard Class,CU-1050,Isha Iyer,Consumer,India,Hyderabad,Telangana,South,FUR-BO-1003,Furniture,Bookcases,Corner Display Unit,61347.42,7,0,1615.06
IN-2022-101108,2022-07-20,2022-07-24,Standard Class,CU-1050,Isha Iyer,Consumer,India,Hyderabad,Telangana,South,FUR-TA-1003,Furniture,Tables,Folding Training Table,26401.31,4,0,-177.4
IN-2022-100796,2022-07-22,2022-07-27,Standard Class,CU-1017,Pranav Chopra,Consumer,India,Hyderabad,Telangana,South,TEC-AC-1004,Technology,Accessories,Noise Cancelling Headset,7658.05,1,0.05,1920.84
IN-2022-100888,2022-07-22,2022-07-25,Second Class,CU-1191,Tanvi Reddy,Home Office,India,Amritsar,Punjab,North,TEC-AC-1001,Technology,Accessories,Wireless Mouse,5403.94,6,0.05,1100.35
IN-2022-100663,2022-07-23,2022-07-24,First Class,CU-1206,Isha Kapoor,Consumer,India,Kolkata,West Bengal,East,OFF-ST-1004,Office Supplies,Storage,Wall Mount Shelf Box,1770.92,1,0.15,-126.7
IN-2022-101171,2022-07-23,2022-07-30,Standard Class,CU-1191,Tanvi Reddy,Home Office,India,Amritsar,Punjab,North,OFF-BI-1004,Office Supplies,Binders,Plastic Folder Set,2558.19,6,0.05,768.96
IN-2022-101196,2022-07-23,2022-07-27,Standard Class,CU-1006,Aditya Das,Consumer,India,Raipur,Chhattisgarh,Central,OFF-BI-1002,Office Supplies,Binders,Heavy Duty Lever Arch File,276.07,1,0.2,38.83
IN-2022-101196,2022-07-23,2022-07-27,Standard Class,CU-1006,Aditya Das,Consumer,India,Raipur,Chhattisgarh,Central,OFF-BI-1001,Office Supplies,Binders,Ring Binder A4 (Pack of 10),540.33,1,0.15,70.99
IN-2022-101196,2022-07-23,2022-07-27,Standard Class,CU-1006,Aditya Das,Consumer,India,Raipur,Chhattisgarh,Central,OFF-PA-1001,Office Supplies,Paper,A4 Copier Paper 500 Sheets,739.32,2,0,281.24
IN-2022-100052,2022-07-27,2022-08-03,Standard Class,CU-1389,Shruti Menon,Consumer,India,Kochi,Kerala,South,OFF-BI-1004,Office Supplies,Binders,Plastic Folder Set,430.45,1,0,124.74
IN-2022-100052,2022-07-27,2022-08-03,Standard Class,CU-1389,Shruti Menon,Consumer,India,Kochi,Kerala,South,TEC-PH-1001,Technology,Phones,Smartphone Pro 128GB,100123.18,3,0,12079.93
IN-2022-100286,2022-08-01,2022-08-05,Standard Class,CU-1088,Ananya Joshi,Home Office,India,Surat,Gujarat,West,OFF-PA-1002,Office Supplies,Paper,Premium Photo Paper,1960.56,2,0.2,434.07
IN-2022-100286,2022-08-01,2022-08-05,Standard Class,CU-1088,Ananya Joshi,Home Office,India,Surat,Gujarat,West,OFF-AR-1002,Office Supplies,Art,Premium Pen Set,8277.2,7,0.15,611.71
IN-2022-100634,2022-08-03,2022-08-08,Standard Class,CU-1163,Riya Kulkarni,Consumer,India,Ludhiana,Punjab,North,FUR-TA-1004,Furniture,Tables,Reception Counter,103428.22,4,0.15,-18686.67
IN-2022-100634,2022-08-03,2022-08-08,Standard Class,CU-1163,Riya Kulkarni,Consumer,India,Ludhiana,Punjab,North,OFF-BI-1004,Office Supplies,Binders,Plastic Folder Set,354.62,1,0.2,42.72
IN-2022-100634,2022-08-03,2022-08-08,Standard Class,CU-1163,Riya Kulkarni,Consumer,India,Ludhiana,Punjab,North,TEC-PH-1003,Technology,Phones,IP Desk Phone,32423.86,5,0,4909.47
IN-2022-101415,2022-08-04,2022-08-06,Second Class,CU-1342,Riya Bose,Corporate,India,Jaipur,Rajasthan,North,FUR-FU-1003,Furniture,Furnishings,Office Curtain Set,20457.64,8,0.1,1790.46
IN-2022-100147,2022-08-05,2022-08-10,Standard Class,CU-1079,Diya Rao,Corporate,India,Chennai,Tamil Nadu,South,OFF-AR-1003,Office Supplies,Art,Highlighter Pack,426.52,2,0.2,27.52
IN-2022-100163,2022-08-05,2022-08-12,Standard Class,CU-1047,Yash Joshi,Consumer,India,Nagpur,Maharashtra,West,FUR-BO-1001,Furniture,Bookcases,Wooden Bookcase 5-Shelf,31025.69,4,0.3,-5094.2
IN-2022-100163,2022-08-05,2022-08-12,Standard Class,CU-1047,Yash Joshi,Consumer,India,Nagpur,Maharashtra,West,OFF-PA-1001,Office Supplies,Paper,A4 Copier Paper 500 Sheets,756.48,2,0,338.71
IN-2022-100203,2022-08-05,2022-08-12,Standard Class,CU-1112,Priya Menon,Home Office,India,Noida,Uttar Pradesh,North,FUR-BO-1001,Furniture,Bookcases,Wooden Bookcase 5-Shelf,20983.18,2,0.05,234.55
IN-2022-100203,2022-08-05,2022-08-12,Standard Class,CU-1112,Priya Menon,Home Office,India,Noida,Uttar Pradesh,North,FUR-TA-1002,Furniture,Tables,Computer Desk,28704.32,3,0.05,-527.75
IN-2022-101552,2022-08-07,2022-08-11,Standard Class,CU-1110,Yash Menon,Home Office,India,Hyderabad,Telangana,South,OFF-BI-1003,Office Supplies,Binders,Binding Machine Combs,788.74,1,0,239.69
IN-2022-101581,2022-08-08,2022-08-12,Standard Class,CU-1017,Pranav Chopra,Consumer,India,Hyderabad,Telangana,South,TEC-AC-1002,Technology,Accessories,Mechanical Keyboard,2617.22,1,0.3,-80.94
IN-2022-101581,2022-08-08,2022-08-12,Standard Class,CU-1017,Pranav Chopra,Consumer,India,Hyderabad,Telangana,South,OFF-PA-1003,Office Supplies,Paper,Sticky Notes Bulk Pack,3227.83,6,0,1190.15
IN-2022-101581,2022-08-08,2022-08-12,Standard Class,CU-1017,Pranav Chopra,Consumer,India,Hyderabad,Telangana,South,TEC-MA-1002,Technology,Machines,Barcode Label Printer,34120.0,3,0.3,-7554.57
IN-2022-101433,2022-08-12,2022-08-16,Standard Class,CU-1347,Arjun Kapoor,Corporate,India,Hyderabad,Telangana,South,OFF-AR-1002,Office Supplies,Art,Premium Pen Set,1157.06,1,0.1,189.13
IN-2022-101294,2022-08-15,2022-08-22,Standard Class,CU-1442,Arjun Chopra,Consumer,India,Surat,Gujarat,West,OFF-AR-1003,Office Supplies,Art,Highlighter Pack,255.8,1,0,65.9
IN-2022-101294,2022-08-15,2022-08-22,Standard Class,CU-1442,Arjun Chopra,Consumer,India,Surat,Gujarat,West,OFF-PA-1003,Office Supplies,Paper,Sticky Notes Bulk Pack,574.89,1,0,214.96
IN-2022-101233,2022-08-16,2022-08-22,Standard Class,CU-1006,Aditya Das,Consumer,India,Raipur,Chhattisgarh,Central,TEC-AC-1003,Technology,Accessories,USB-C Hub 7-in-1,8954.87,4,0.05,1846.04
IN-2022-101233,2022-08-16,2022-08-22,Standard Class,CU-1006,Aditya Das,Consumer,India,Raipur,Chhattisgarh,Central,TEC-MA-1003,Technology,Machines,Laminating Machine,54966.89,8,0,5283.16
IN-2022-101080,2022-08-18,2022-08-23,Standard Class,CU-1296,Arjun Nair,Home Office,India,Jaipur,Rajasthan,North,TEC-AC-1004,Technology,Accessories,Noise Cancelling Headset,33919.68,5,0.1,5626.18
IN-2022-101668,2022-08-18,2022-08-25,Standard Class,CU-1332,Swati Sharma,Consumer,India,Noida,Uttar Pradesh,North,OFF-BI-1002,Office Supplies,Binders,Heavy Duty Lever Arch File,661.51,2,0.05,136.35
IN-2022-100018,2022-08-20,2022-08-24,Standard Class,CU-1185,Varun Kulkarni,Corporate,India,Kochi,Kerala,South,FUR-BO-1003,Furniture,Bookcases,Corner Display Unit,38573.76,5,0.15,-3191.92
IN-2022-100018,2022-08-20,2022-08-24,Standard Class,CU-1185,Varun Kulkarni,Corporate,India,Kochi,Kerala,South,TEC-MA-1001,Technology,Machines,Currency Counting Machine,37928.49,4,0,-451.88
IN-2022-100018,2022-08-20,2022-08-24,Standard Class,CU-1185,Varun Kulkarni,Corporate,India,Kochi,Kerala,South,FUR-CH-1001,Furniture,Chairs,Ergonomic Office Chair,8881.38,1,0,831.82
IN-2022-100018,2022-08-20,2022-08-24,Standard Class,CU-1185,Varun Kulkarni,Corporate,India,Kochi,Kerala,South,OFF-AR-1003,Office Supplies,Art,Highlighter Pack,901.84,4,0.15,130.46
IN-2022-100019,2022-08-20,2022-08-24,Standard Class,CU-1159,Siddharth Menon,Consumer,India,Bhopal,Madhya Pradesh,Central,TEC-CO-1002,Technology,Copiers,Multifunction Copier Pro,555012.38,7,0,164349.42
IN-2022-100269,2022-08-25,2022-08-26,First Class,CU-1434,Diya Kulkarni,Consumer,India,Coimbatore,Tamil Nadu,South,OFF-PA-1001,Office Supplies,Paper,A4 Copier Paper 500 Sheets,1820.05,6,0.2,391.78
IN-2022-100269,2022-08-25,2022-08-26,First Class,CU-1434,Diya Kulkarni,Consumer,India,Coimbatore,Tamil Nadu,South,OFF-AR-1003,Office Supplies,Art,Highlighter Pack,241.01,1,0.1,44.13
IN-2022-101637,2022-08-25,2022-08-28,First Class,CU-1247,Diya Kulkarni,Corporate,India,Panaji,Goa,West,TEC-AC-1004,Technology,Accessories,Noise Cancelling Headset,24139.14,3,0,7475.92
IN-2022-101627,2022-08-27,2022-08-31,Standard Class,CU-1126,Aman Desai,Consumer,India,New Delhi,Delhi,North,FUR-FU-1003,Furniture,Furnishings,Office Curtain Set,2404.47,1,0.1,436.25
IN-2022-101627,2022-08-27,2022-08-31,Standard Class,CU-1126,Aman Desai,Consumer,India,New Delhi,Delhi,North,TEC-AC-1002,Technology,Accessories,Mechanical Keyboard,22022.17,6,0,5357.46
IN-2022-101627,2022-08-27,2022-08-31,Standard Class,CU-1126,Aman Desai,Consumer,India,New Delhi,Delhi,North,OFF-BI-1004,Office Supplies,Binders,Plastic Folder Set,937.81,2,0,293.42
IN-2022-101044,2022-09-01,2022-09-05,Second Class,CU-1372,Varun Desai,Corporate,India,Mysuru,Karnataka,South,FUR-BO-1004,Furniture,Bookcases,Modular Bookshelf,15323.23,2,0,2155.9
IN-2022-101044,2022-09-01,2022-09-05,Second Class,CU-1372,Varun Desai,Corporate,India,Mysuru,Karnataka,South,OFF-PA-1001,Office Supplies,Paper,A4 Copier Paper 500 Sheets,335.7,1,0.1,74.15
IN-2022-101044,2022-09-01,2022-09-05,Second Class,CU-1372,Varun Desai,Corporate,India,Mysuru,Karnataka,South,OFF-AR-1001,Office Supplies,Art,Whiteboard Marker Set,1251.92,3,0,247.69
IN-2022-101044,2022-09-01,2022-09-05,Second Class,CU-1372,Varun Desai,Corporate,India,Mysuru,Karnataka,South,FUR-BO-1004,Furniture,Bookcases,Modular Bookshelf,15063.17,2,0.05,747.17
IN-2022-101562,2022-09-01,2022-09-08,Standard Class,CU-1353,Swati Das,Corporate,India,Mumbai,Maharashtra,West,OFF-ST-1004,Office Supplies,Storage,Wall Mount Shelf Box,2099.79,1,0,345.62
IN-2022-101562,2022-09-01,2022-09-08,Standard Class,CU-1353,Swati Das,Corporate,India,Mumbai,Maharashtra,West,FUR-CH-1004,Furniture,Chairs,Visitor Chair Set,7896.01,3,0.3,-930.45
IN-2022-101562,2022-09-01,2022-09-08,Standard Class,CU-1353,Swati Das,Corporate,India,Mumbai,Maharashtra,West,OFF-PA-1003,Office Supplies,Paper,Sticky Notes Bulk Pack,2138.02,4,0,834.47
IN-2022-100251,2022-09-04,2022-09-08,Second Class,CU-1385,Aman Kapoor,Corporate,India,Panaji,Goa,West,OFF-PA-1003,Office Supplies,Paper,Sticky Notes Bulk Pack,1081.25,2,0.05,406.07
IN-2022-100251,2022-09-04,2022-09-08,Second Class,CU-1385,Aman Kapoor,Corporate,India,Panaji,Goa,West,OFF-PA-1003,Office Supplies,Paper,Sticky Notes Bulk Pack,519.6,1,0.1,146.89
IN-2022-100190,2022-09-05,2022-09-08,Second Class,CU-1337,Neha Rao,Corporate,India,Panaji,Goa,West,TEC-MA-1004,Technology,Machines,Paper Shredder 20-Sheet,9862.87,1,0.15,-984.89
IN-2022-100668,2022-09-05,2022-09-09,Standard Class,CU-1273,Sneha Bose,Consumer,India,Ludhiana,Punjab,North,OFF-PA-1001,Office Supplies,Paper,A4 Copier Paper 500 Sheets,930.23,3,0.2,156.57
IN-2022-100668,2022-09-05,2022-09-09,Standard Class,CU-1273,Sneha Bose,Consumer,India,Ludhiana,Punjab,North,OFF-BI-1001,Office Supplies,Binders,Ring Binder A4 (Pack of 10),3247.6,5,0,936.59
IN-2022-100668,2022-09-05,2022-09-09,Standard Class,CU-1273,Sneha Bose,Consumer,India,Ludhiana,Punjab,North,OFF-PA-1001,Office Supplies,Paper,A4 Copier Paper 500 Sheets,1577.8,4,0,569.1
IN-2022-101259,2022-09-05,2022-09-06,First Class,CU-1410,Pooja Desai,Consumer,India,Mysuru,Karnataka,South,OFF-BI-1002,Office Supplies,Binders,Heavy Duty Lever Arch File,668.32,2,0,193.02
IN-2022-101259,2022-09-05,2022-09-06,First Class,CU-1410,Pooja Desai,Consumer,India,Mysuru,Karnataka,South,OFF-BI-1001,Office Supplies,Binders,Ring Binder A4 (Pack of 10),1007.37,2,0.15,198.06
IN-2022-101535,2022-09-05,2022-09-08,Second Class,CU-1210,Harsh Reddy,Consumer,India,Bhubaneswar,Odisha,East,OFF-ST-1004,Office Supplies,Storage,Wall Mount Shelf Box,4350.21,3,0.3,-179.68
IN-2022-101692,2022-09-05,2022-09-12,Standard Class,CU-1228,Pooja Joshi,Consumer,India,Coimbatore,Tamil Nadu,South,FUR-FU-1001,Furniture,Furnishings,LED Desk Lamp,5108.33,4,0.1,532.92
IN-2022-101692,2022-09-05,2022-09-12,Standard Class,CU-1228,Pooja Joshi,Consumer,India,Coimbatore,Tamil Nadu,South,OFF-ST-1002,Office Supplies,Storage,Plastic Storage Box Set,2318.19,2,0.3,-400.37
IN-2022-101368,2022-09-06,2022-09-10,Second Class,CU-1175,Arjun Joshi,Consumer,India,Kochi,Kerala,South,OFF-BI-1004,Office Supplies,Binders,Plastic Folder Set,400.0,1,0.1,81.4
IN-2022-101647,2022-09-07,2022-09-13,Standard Class,CU-1395,Riya Mehta,Home Office,India,Kolkata,West Bengal,East,OFF-ST-1004,Office Supplies,Storage,Wall Mount Shelf Box,2174.64,1,0,291.14
IN-2022-101647,2022-09-07,2022-09-13,Standard Class,CU-1395,Riya Mehta,Home Office,India,Kolkata,West Bengal,East,FUR-CH-1001,Furniture,Chairs,Ergonomic Office Chair,17871.41,3,0.3,-2943.65
IN-2022-100093,2022-09-09,2022-09-14,Standard Class,CU-1344,Divya Nair,Consumer,India,Kochi,Kerala,South,TEC-AC-1001,Technology,Accessories,Wireless Mouse,3312.12,5,0.3,-104.49
IN-2022-100093,2022-09-09,2022-09-14,Standard Class,CU-1344,Divya Nair,Consumer,India,Kochi,Kerala,South,FUR-TA-1001,Furniture,Tables,Conference Table 8-Seater,35117.17,1,0.2,-7380.84
IN-2022-100093,2022-09-09,2022-09-14,Standard Class,CU-1344,Divya Nair,Consumer,India,Kochi,Kerala,South,OFF-BI-1003,Office Supplies,Binders,Binding Machine Combs,2246.41,3,0,532.92
IN-2022-101434,2022-09-10,2022-09-15,Standard Class,CU-1034,Rahul Pillai,Consumer,India,Panaji,Goa,West,OFF-PA-1002,Office Supplies,Paper,Premium Photo Paper,1290.55,1,0,490.68
IN-2022-101184,2022-09-13,2022-09-16,First Class,CU-1024,Divya Rao,Home Office,India,Nagpur,Maharashtra,West,FUR-CH-1002,Furniture,Chairs,Executive Leather Chair,44337.19,3,0.2,-769.45
IN-2022-100850,2022-09-14,2022-09-19,Standard Class,CU-1429,Kavya Kulkarni,Consumer,India,Surat,Gujarat,West,OFF-BI-1002,Office Supplies,Binders,Heavy Duty Lever Arch File,856.33,3,0.2,95.98
IN-2022-100850,2022-09-14,2022-09-19,Standard Class,CU-1429,Kavya Kulkarni,Consumer,India,Surat,Gujarat,West,FUR-CH-1003,Furniture,Chairs,Mesh Back Task Chair,14294.91,3,0.1,1250.14
IN-2022-100850,2022-09-14,2022-09-19,Standard Class,CU-1429,Kavya Kulkarni,Consumer,India,Surat,Gujarat,West,OFF-AR-1002,Office Supplies,Art,Premium Pen Set,4642.21,4,0.1,790.27
IN-2022-100980,2022-09-14,2022-09-18,Second Class,CU-1381,Sanjana Reddy,Consumer,India,Hyderabad,Telangana,South,OFF-BI-1002,Office Supplies,Binders,Heavy Duty Lever Arch File,1761.3,5,0,534.94
IN-2022-101662,2022-09-14,2022-09-16,Second Class,CU-1323,Harsh Bose,Corporate,India,Pune,Maharashtra,West,FUR-TA-1001,Furniture,Tables,Conference Table 8-Seater,111738.49,3,0.1,-9435.85
IN-2022-100822,2022-09-16,2022-09-19,Second Class,CU-1218,Kavya Sharma,Consumer,India,Surat,Gujarat,West,OFF-AR-1001,Office Supplies,Art,Whiteboard Marker Set,440.32,1,0,95.33
IN-2022-100822,2022-09-16,2022-09-19,Second Class,CU-1218,Kavya Sharma,Consumer,India,Surat,Gujarat,West,TEC-AC-1001,Technology,Accessories,Wireless Mouse,1827.01,2,0,462.36
IN-2022-100822,2022-09-16,2022-09-19,Second Class,CU-1218,Kavya Sharma,Consumer,India,Surat,Gujarat,West,TEC-PH-1002,Technology,Phones,Smartphone Lite 64GB,101575.73,8,0,21124.49
IN-2022-100112,2022-09-17,2022-09-21,Second Class,CU-1087,Swati Pillai,Consumer,India,Jaipur,Rajasthan,North,OFF-BI-1003,Office Supplies,Binders,Binding Machine Combs,2243.32,3,0,658.29
IN-2022-100112,2022-09-17,2022-09-21,Second Class,CU-1087,Swati Pillai,Consumer,India,Jaipur,Rajasthan,North,OFF-AR-1001,Office Supplies,Art,Whiteboard Marker Set,841.49,2,0,252.33
IN-2022-100107,2022-09-18,2022-09-23,Standard Class,CU-1003,Nikhil Sharma,Corporate,India,Nagpur,Maharashtra,West,TEC-PH-1002,Technology,Phones,Smartphone Lite 64GB,38776.48,3,0,5460.33
IN-2022-100107,2022-09-18,2022-09-23,Standard Class,CU-1003,Nikhil Sharma,Corporate,India,Nagpur,Maharashtra,West,TEC-PH-1003,Technology,Phones,IP Desk Phone,11971.93,2,0,2145.1
IN-2022-100308,2022-09-20,2022-09-25,Standard Class,CU-1203,Sneha Joshi,Home Office,India,Mysuru,Karnataka,South,FUR-CH-1004,Furniture,Chairs,Visitor Chair Set,9335.15,3,0.2,-75.0
IN-2022-100651,2022-09-20,2022-09-27,Standard Class,CU-1403,Riya Pillai,Corporate,India,Panaji,Goa,West,OFF-AR-1004,Office Supplies,Art,Artist Sketch Kit,3796.74,3,0.3,-21.46
IN-2022-100651,2022-09-20,2022-09-27,Standard Class,CU-1403,Riya Pillai,Corporate,India,Panaji,Goa,West,FUR-FU-1002,Furniture,Furnishings,Wall Clock Classic,643.28,1,0.3,-48.17
IN-2022-100651,2022-09-20,2022-09-27,Standard Class,CU-1403,Riya Pillai,Corporate,India,Panaji,Goa,West,FUR-CH-1003,Furniture,Chairs,Mesh Back Task Chair,29975.41,7,0.15,-103.39
IN-2022-100759,2022-09-22,2022-09-28,Standard Class,CU-1364,Shruti Reddy,Corporate,India,Panaji,Goa,West,OFF-PA-1002,Office Supplies,Paper,Premium Photo Paper,1236.35,1,0,417.96
IN-2022-101276,2022-09-26,2022-09-27,First Class,CU-1109,Kavya Pillai,Consumer,India,New Delhi,Delhi,North,OFF-PA-1001,Office Supplies,Paper,A4 Copier Paper 500 Sheets,349.91,1,0.1,97.76
IN-2022-101276,2022-09-26,2022-09-27,First Class,CU-1109,Kavya Pillai,Consumer,India,New Delhi,Delhi,North,OFF-PA-1004,Office Supplies,Paper,Thermal Roll Pack,2744.75,4,0,870.12
IN-2022-100044,2022-09-27,2022-10-01,Standard Class,CU-1185,Varun Kulkarni,Corporate,India,Kochi,Kerala,South,FUR-TA-1003,Furniture,Tables,Folding Training Table,25219.15,5,0.2,-4315.4
IN-2022-101001,2022-09-27,2022-09-27,Same Day,CU-1286,Arjun Iyer,Consumer,India,Surat,Gujarat,West,OFF-ST-1004,Office Supplies,Storage,Wall Mount Shelf Box,2197.37,1,0,266.45
IN-2022-101001,2022-09-27,2022-09-27,Same Day,CU-1286,Arjun Iyer,Consumer,India,Surat,Gujarat,West,OFF-PA-1003,Office Supplies,Paper,Sticky Notes Bulk Pack,1984.55,4,0.15,493.63
IN-2022-101003,2022-10-01,2022-10-05,Second Class,CU-1150,Aarav Kapoor,Corporate,India,Kochi,Kerala,South,FUR-BO-1004,Furniture,Bookcases,Modular Bookshelf,23908.61,3,0,1172.43
IN-2022-101663,2022-10-01,2022-10-01,Same Day,CU-1017,Pranav Chopra,Consumer,India,Hyderabad,Telangana,South,OFF-ST-1004,Office Supplies,Storage,Wall Mount Shelf Box,6110.69,3,0.05,803.62
IN-2022-101663,2022-10-01,2022-10-01,Same Day,CU-1017,Pranav Chopra,Consumer,India,Hyderabad,Telangana,South,FUR-FU-1002,Furniture,Furnishings,Wall Clock Classic,942.24,1,0,244.31
IN-2022-100529,2022-10-02,2022-10-08,Standard Class,CU-1098,Aman Chopra,Corporate,India,Bhopal,Madhya Pradesh,Central,OFF-AR-1001,Office Supplies,Art,Whiteboard Marker Set,2194.33,5,0,440.0
IN-2022-100529,2022-10-02,2022-10-08,Standard Class,CU-1098,Aman Chopra,Corporate,India,Bhopal,Madhya Pradesh,Central,OFF-ST-1004,Office Supplies,Storage,Wall Mount Shelf Box,1851.42,1,0.15,-18.68
IN-2022-100529,2022-10-02,2022-10-08,Standard Class,CU-1098,Aman Chopra,Corporate,India,Bhopal,Madhya Pradesh,Central,OFF-PA-1002,Office Supplies,Paper,Premium Photo Paper,2558.39,2,0,1038.54
IN-2022-101236,2022-10-03,2022-10-03,Same Day,CU-1145,Varun Das,Corporate,India,Kochi,Kerala,South,OFF-AR-1003,Office Supplies,Art,Highlighter Pack,265.78,1,0,63.03
IN-2022-101236,2022-10-03,2022-10-03,Same Day,CU-1145,Varun Das,Corporate,India,Kochi,Kerala,South,FUR-FU-1002,Furniture,Furnishings,Wall Clock Classic,4468.79,6,0.2,244.68
IN-2022-100263,2022-10-04,2022-10-10,Standard Class,CU-1255,Swati Kapoor,Corporate,India,Chennai,Tamil Nadu,South,FUR-FU-1004,Furniture,Furnishings,Anti-Fatigue Floor Mat,1636.58,1,0.1,144.46
IN-2022-100263,2022-10-04,2022-10-10,Standard Class,CU-1255,Swati Kapoor,Corporate,India,Chennai,Tamil Nadu,South,OFF-ST-1002,Office Supplies,Storage,Plastic Storage Box Set,3443.72,2,0,426.32
IN-2022-100263,2022-10-04,2022-10-10,Standard Class,CU-1255,Swati Kapoor,Corporate,India,Chennai,Tamil Nadu,South,FUR-FU-1002,Furniture,Furnishings,Wall Clock Classic,787.66,1,0.15,65.87
IN-2022-101136,2022-10-04,2022-10-08,Second Class,CU-1424,Aarav Kulkarni,Corporate,India,Kochi,Kerala,South,OFF-ST-1003,Office Supplies,Storage,Desk Organizer,5974.24,7,0,704.25
IN-2022-101136,2022-10-04,2022-10-08,Second Class,CU-1424,Aarav Kulkarni,Corporate,India,Kochi,Kerala,South,OFF-BI-1001,Office Supplies,Binders,Ring Binder A4 (Pack of 10),3644.79,6,0,1339.74
IN-2022-100754,2022-10-05,2022-10-12,Standard Class,CU-1048,Nikhil Iyer,Consumer,India,Indore,Madhya Pradesh,Central,TEC-PH-1002,Technology,Phones,Smartphone Lite 64GB,40603.41,3,0,7512.02
IN-2022-100754,2022-10-05,2022-10-12,Standard Class,CU-1048,Nikhil Iyer,Consumer,India,Indore,Madhya Pradesh,Central,FUR-BO-1003,Furniture,Bookcases,Corner Display Unit,67423.97,8,0.1,-652.12
IN-2022-100754,2022-10-05,2022-10-12,Standard Class,CU-1048,Nikhil Iyer,Consumer,India,Indore,Madhya Pradesh,Central,TEC-CO-1001,Technology,Copiers,Laser Copier Compact,138813.25,3,0,51083.12
IN-2022-100754,2022-10-05,2022-10-12,Standard Class,CU-1048,Nikhil Iyer,Consumer,India,Indore,Madhya Pradesh,Central,FUR-CH-1003,Furniture,Chairs,Mesh Back Task Chair,15778.41,3,0,1541.21
IN-2022-100859,2022-10-05,2022-10-07,Second Class,CU-1140,Nikhil Kulkarni,Consumer,India,Patna,Bihar,East,FUR-FU-1004,Furniture,Furnishings,Anti-Fatigue Floor Mat,2682.32,2,0.3,-224.81
IN-2022-100883,2022-10-05,2022-10-11,Standard Class,CU-1193,Arjun Bose,Corporate,India,Coimbatore,Tamil Nadu,South,TEC-AC-1001,Technology,Accessories,Wireless Mouse,2691.86,3,0.1,560.01
IN-2022-100885,2022-10-05,2022-10-12,Standard Class,CU-1028,Varun Shah,Home Office,India,Chennai,Tamil Nadu,South,OFF-BI-1003,Office Supplies,Binders,Binding Machine Combs,784.49,1,0,232.04
IN-2022-100475,2022-10-06,2022-10-13,Standard Class,CU-1073,Neha Iyer,Home Office,India,Bhopal,Madhya Pradesh,Central,OFF-AR-1001,Office Supplies,Art,Whiteboard Marker Set,812.91,2,0,171.68
IN-2022-100475,2022-10-06,2022-10-13,Standard Class,CU-1073,Neha Iyer,Home Office,India,Bhopal,Madhya Pradesh,Central,OFF-BI-1001,Office Supplies,Binders,Ring Binder A4 (Pack of 10),625.83,1,0,220.26
IN-2022-100475,2022-10-06,2022-10-13,Standard Class,CU-1073,Neha Iyer,Home Office,India,Bhopal,Madhya Pradesh,Central,OFF-PA-1003,Office Supplies,Paper,Sticky Notes Bulk Pack,534.53,1,0,197.74
IN-2022-100475,2022-10-06,2022-10-13,Standard Class,CU-1073,Neha Iyer,Home Office,India,Bhopal,Madhya Pradesh,Central,FUR-CH-1002,Furniture,Chairs,Executive Leather Chair,54493.18,3,0.05,2784.57
IN-2022-100846,2022-10-06,2022-10-11,Standard Class,CU-1168,Manish Patel,Consumer,India,Kolkata,West Bengal,East,TEC-MA-1002,Technology,Machines,Barcode Label Printer,63563.57,4,0,3994.45
IN-2022-100846,2022-10-06,2022-10-11,Standard Class,CU-1168,Manish Patel,Consumer,India,Kolkata,West Bengal,East,OFF-PA-1004,Office Supplies,Paper,Thermal Roll Pack,2144.87,3,0,760.18
IN-2022-101158,2022-10-06,2022-10-11,Standard Class,CU-1090,Ananya Gupta,Consumer,India,Ahmedabad,Gujarat,West,FUR-BO-1004,Furniture,Bookcases,Modular Bookshelf,8062.01,1,0,870.8
IN-2022-101158,2022-10-06,2022-10-11,Standard Class,CU-1090,Ananya Gupta,Consumer,India,Ahmedabad,Gujarat,West,OFF-PA-1003,Office Supplies,Paper,Sticky Notes Bulk Pack,1291.13,3,0.2,192.57
IN-2022-101158,2022-10-06,2022-10-11,Standard Class,CU-1090,Ananya Gupta,Consumer,India,Ahmedabad,Gujarat,West,FUR-FU-1001,Furniture,Furnishings,LED Desk Lamp,5867.74,4,0,1062.28
IN-2022-101158,2022-10-06,2022-10-11,Standard Class,CU-1090,Ananya Gupta,Consumer,India,Ahmedabad,Gujarat,West,OFF-BI-1001,Office Supplies,Binders,Ring Binder A4 (Pack of 10),1267.2,3,0.3,31.33
IN-2022-101466,2022-10-06,2022-10-11,Standard Class,CU-1411,Manish Singh,Consumer,India,Patna,Bihar,East,FUR-FU-1002,Furniture,Furnishings,Wall Clock Classic,5458.82,6,0,1205.98
IN-2022-101466,2022-10-06,2022-10-11,Standard Class,CU-1411,Manish Singh,Consumer,India,Patna,Bihar,East,OFF-ST-1003,Office Supplies,Storage,Desk Organizer,2556.39,3,0.05,192.57
IN-2022-101466,2022-10-06,2022-10-11,Standard Class,CU-1411,Manish Singh,Consumer,India,Patna,Bihar,East,OFF-AR-1002,Office Supplies,Art,Premium Pen Set,6733.95,5,0,1668.74
IN-2022-101466,2022-10-06,2022-10-11,Standard Class,CU-1411,Manish Singh,Consumer,India,Patna,Bihar,East,FUR-FU-1001,Furniture,Furnishings,LED Desk Lamp,2719.62,2,0.05,442.9
IN-2022-100445,2022-10-07,2022-10-12,Standard Class,CU-1308,Tanvi Desai,Corporate,India,Lucknow,Uttar Pradesh,North,OFF-BI-1003,Office Supplies,Binders,Binding Machine Combs,5389.16,7,0,1399.69
IN-2022-100704,2022-10-07,2022-10-14,Standard Class,CU-1016,Ananya Nair,Consumer,India,Raipur,Chhattisgarh,Central,OFF-PA-1001,Office Supplies,Paper,A4 Copier Paper 500 Sheets,795.94,2,0,308.25
IN-2022-100558,2022-10-08,2022-10-13,Standard Class,CU-1383,Siddharth Patel,Consumer,India,Panaji,Goa,West,FUR-BO-1003,Furniture,Bookcases,Corner Display Unit,8458.58,1,0.05,617.03
IN-2022-100558,2022-10-08,2022-10-13,Standard Class,CU-1383,Siddharth Patel,Consumer,India,Panaji,Goa,West,FUR-BO-1003,Furniture,Bookcases,Corner Display Unit,19016.91,2,0,1448.96
IN-2022-100558,2022-10-08,2022-10-13,Standard Class,CU-1383,Siddharth Patel,Consumer,India,Panaji,Goa,West,TEC-MA-1003,Technology,Machines,Laminating Machine,5311.91,1,0.2,-550.36
IN-2022-101016,2022-10-08,2022-10-12,Standard Class,CU-1356,Yash Rao,Consumer,India,Kochi,Kerala,South,OFF-PA-1002,Office Supplies,Paper,Premium Photo Paper,1108.1,1,0.1,273.17
IN-2022-100769,2022-10-09,2022-10-11,First Class,CU-1404,Harsh Shah,Consumer,India,Noida,Uttar Pradesh,North,FUR-FU-1001,Furniture,Furnishings,LED Desk Lamp,4240.65,4,0.3,-354.47
IN-2022-100361,2022-10-10,2022-10-15,Standard Class,CU-1126,Aman Desai,Consumer,India,New Delhi,Delhi,North,OFF-ST-1003,Office Supplies,Storage,Desk Organizer,1490.6,2,0.2,-53.73
IN-2022-101356,2022-10-10,2022-10-17,Standard Class,CU-1410,Pooja Desai,Consumer,India,Mysuru,Karnataka,South,OFF-AR-1003,Office Supplies,Art,Highlighter Pack,520.69,3,0.3,16.2
IN-2022-101356,2022-10-10,2022-10-17,Standard Class,CU-1410,Pooja Desai,Consumer,India,Mysuru,Karnataka,South,OFF-ST-1001,Office Supplies,Storage,Steel Filing Cabinet,37960.42,3,0,5478.43
IN-2022-101511,2022-10-12,2022-10-17,Standard Class,CU-1391,Sanjana Patel,Corporate,India,Coimbatore,Tamil Nadu,South,TEC-AC-1001,Technology,Accessories,Wireless Mouse,3675.89,4,0,907.61
IN-2022-101511,2022-10-12,2022-10-17,Standard Class,CU-1391,Sanjana Patel,Corporate,India,Coimbatore,Tamil Nadu,South,TEC-AC-1004,Technology,Accessories,Noise Cancelling Headset,15281.33,2,0,4092.58
IN-2022-101511,2022-10-12,2022-10-17,Standard Class,CU-1391,Sanjana Patel,Corporate,India,Coimbatore,Tamil Nadu,South,OFF-BI-1004,Office Supplies,Binders,Plastic Folder Set,442.46,1,0,122.12
IN-2022-100333,2022-10-13,2022-10-15,Second Class,CU-1174,Shruti Kulkarni,Consumer,India,Raipur,Chhattisgarh,Central,OFF-BI-1002,Office Supplies,Binders,Heavy Duty Lever Arch File,310.92,1,0.1,42.48
IN-2022-100333,2022-10-13,2022-10-15,Second Class,CU-1174,Shruti Kulkarni,Consumer,India,Raipur,Chhattisgarh,Central,TEC-CO-1004,Technology,Copiers,Document Scanner,138940.67,7,0.15,31328.82
IN-2022-100333,2022-10-13,2022-10-15,Second Class,CU-1174,Shruti Kulkarni,Consumer,India,Raipur,Chhattisgarh,Central,TEC-CO-1002,Technology,Copiers,Multifunction Copier Pro,317028.73,4,0,110618.21
IN-2022-100333,2022-10-13,2022-10-15,Second Class,CU-1174,Shruti Kulkarni,Consumer,India,Raipur,Chhattisgarh,Central,OFF-AR-1002,Office Supplies,Art,Premium Pen Set,2404.47,2,0.15,301.57
IN-2022-100437,2022-10-15,2022-10-22,Standard Class,CU-1132,Tanvi Mehta,Consumer,India,Indore,Madhya Pradesh,Central,OFF-PA-1001,Office Supplies,Paper,A4 Copier Paper 500 Sheets,2387.54,6,0,866.03
IN-2022-100437,2022-10-15,2022-10-22,Standard Class,CU-1132,Tanvi Mehta,Consumer,India,Indore,Madhya Pradesh,Central,OFF-PA-1003,Office Supplies,Paper,Sticky Notes Bulk Pack,1053.46,2,0.05,411.48
IN-2022-100437,2022-10-15,2022-10-22,Standard Class,CU-1132,Tanvi Mehta,Consumer,India,Indore,Madhya Pradesh,Central,FUR-BO-1002,Furniture,Bookcases,Steel Library Rack,25770.31,2,0.1,-2057.69
IN-2022-100344,2022-10-16,2022-10-21,Standard Class,CU-1036,Neha Bose,Consumer,India,Nagpur,Maharashtra,West,OFF-BI-1004,Office Supplies,Binders,Plastic Folder Set,434.32,1,0.05,124.19
IN-2022-100344,2022-10-16,2022-10-21,Standard Class,CU-1036,Neha Bose,Consumer,India,Nagpur,Maharashtra,West,FUR-TA-1002,Furniture,Tables,Computer Desk,6524.58,1,0.3,-2157.69
IN-2022-100344,2022-10-16,2022-10-21,Standard Class,CU-1036,Neha Bose,Consumer,India,Nagpur,Maharashtra,West,OFF-BI-1004,Office Supplies,Binders,Plastic Folder Set,3613.12,8,0,1364.79
IN-2022-100707,2022-10-16,2022-10-19,Second Class,CU-1185,Varun Kulkarni,Corporate,India,Kochi,Kerala,South,FUR-TA-1003,Furniture,Tables,Folding Training Table,6391.32,1,0,-172.97
IN-2022-100707,2022-10-16,2022-10-19,Second Class,CU-1185,Varun Kulkarni,Corporate,India,Kochi,Kerala,South,OFF-BI-1003,Office Supplies,Binders,Binding Machine Combs,1131.51,2,0.3,40.81
IN-2022-100707,2022-10-16,2022-10-19,Second Class,CU-1185,Varun Kulkarni,Corporate,India,Kochi,Kerala,South,OFF-PA-1003,Office Supplies,Paper,Sticky Notes Bulk Pack,2827.66,5,0,1103.21
IN-2022-100707,2022-10-16,2022-10-19,Second Class,CU-1185,Varun Kulkarni,Corporate,India,Kochi,Kerala,South,OFF-PA-1004,Office Supplies,Paper,Thermal Roll Pack,3726.4,5,0,1049.23
IN-2022-101502,2022-10-16,2022-10-22,Standard Class,CU-1438,Priya Gupta,Consumer,India,Kochi,Kerala,South,OFF-BI-1001,Office Supplies,Binders,Ring Binder A4 (Pack of 10),1255.27,2,0,278.19
IN-2022-101586,2022-10-16,2022-10-22,Standard Class,CU-1140,Nikhil Kulkarni,Consumer,India,Patna,Bihar,East,OFF-BI-1001,Office Supplies,Binders,Ring Binder A4 (Pack of 10),1259.66,2,0,304.83
IN-2022-100036,2022-10-19,2022-10-24,Standard Class,CU-1429,Kavya Kulkarni,Consumer,India,Surat,Gujarat,West,TEC-AC-1003,Technology,Accessories,USB-C Hub 7-in-1,4412.05,2,0.05,1051.02
IN-2022-100036,2022-10-19,2022-10-24,Standard Class,CU-1429,Kavya Kulkarni,Consumer,India,Surat,Gujarat,West,OFF-ST-1003,Office Supplies,Storage,Desk Organizer,676.45,1,0.2,-38.41
IN-2022-100036,2022-10-19,2022-10-24,Standard Class,CU-1429,Kavya Kulkarni,Consumer,India,Surat,Gujarat,West,TEC-CO-1001,Technology,Copiers,Laser Copier Compact,47727.68,1,0,17740.76
IN-2022-100036,2022-10-19,2022-10-24,Standard Class,CU-1429,Kavya Kulkarni,Consumer,India,Surat,Gujarat,West,TEC-AC-1002,Technology,Accessories,Mechanical Keyboard,3631.18,1,0,1215.29
IN-2022-100039,2022-10-19,2022-10-23,Standard Class,CU-1094,Riya Sharma,Home Office,India,Panaji,Goa,West,TEC-CO-1002,Technology,Copiers,Multifunction Copier Pro,560722.47,7,0,204130.88
IN-2022-100039,2022-10-19,2022-10-23,Standard Class,CU-1094,Riya Sharma,Home Office,India,Panaji,Goa,West,FUR-TA-1004,Furniture,Tables,Reception Counter,57169.02,2,0.1,-5798.87
IN-2022-101008,2022-10-19,2022-10-19,Same Day,CU-1231,Arjun Das,Consumer,India,Jaipur,Rajasthan,North,OFF-BI-1003,Office Supplies,Binders,Binding Machine Combs,642.93,1,0.2,83.5
IN-2022-101008,2022-10-19,2022-10-19,Same Day,CU-1231,Arjun Das,Consumer,India,Jaipur,Rajasthan,North,TEC-PH-1003,Technology,Phones,IP Desk Phone,6159.45,1,0,1008.78
IN-2022-100165,2022-10-24,2022-10-27,First Class,CU-1314,Riya Verma,Consumer,India,Surat,Gujarat,West,OFF-BI-1004,Office Supplies,Binders,Plastic Folder Set,937.1,2,0,230.7
IN-2022-100165,2022-10-24,2022-10-27,First Class,CU-1314,Riya Verma,Consumer,India,Surat,Gujarat,West,FUR-BO-1004,Furniture,Bookcases,Modular Bookshelf,40049.71,5,0,2263.37
IN-2022-100165,2022-10-24,2022-10-27,First Class,CU-1314,Riya Verma,Consumer,India,Surat,Gujarat,West,FUR-CH-1004,Furniture,Chairs,Visitor Chair Set,5951.58,2,0.2,-142.28
IN-2022-100165,2022-10-24,2022-10-27,First Class,CU-1314,Riya Verma,Consumer,India,Surat,Gujarat,West,TEC-MA-1001,Technology,Machines,Currency Counting Machine,8494.4,1,0.05,701.49
IN-2022-101455,2022-10-25,2022-10-27,First Class,CU-1279,Vihaan Desai,Consumer,India,Kolkata,West Bengal,East,FUR-CH-1003,Furniture,Chairs,Mesh Back Task Chair,10357.12,2,0,1629.71
IN-2022-100071,2022-10-27,2022-10-29,Second Class,CU-1248,Aditya Chopra,Corporate,India,Amritsar,Punjab,North,FUR-BO-1001,Furniture,Bookcases,Wooden Bookcase 5-Shelf,21995.67,2,0,2328.22
IN-2022-100071,2022-10-27,2022-10-29,Second Class,CU-1248,Aditya Chopra,Corporate,India,Amritsar,Punjab,North,OFF-AR-1001,Office Supplies,Art,Whiteboard Marker Set,301.87,1,0.3,-16.83
IN-2022-100071,2022-10-27,2022-10-29,Second Class,CU-1248,Aditya Chopra,Corporate,India,Amritsar,Punjab,North,TEC-MA-1003,Technology,Machines,Laminating Machine,18395.07,3,0.1,-1175.57
IN-2022-100071,2022-10-27,2022-10-29,Second Class,CU-1248,Aditya Chopra,Corporate,India,Amritsar,Punjab,North,OFF-AR-1002,Office Supplies,Art,Premium Pen Set,3498.17,3,0.15,438.42
IN-2022-100258,2022-10-28,2022-11-04,Standard Class,CU-1110,Yash Menon,Home Office,India,Hyderabad,Telangana,South,TEC-PH-1004,Technology,Phones,Conference Speakerphone,58301.99,6,0.05,3552.88
IN-2022-100258,2022-10-28,2022-11-04,Standard Class,CU-1110,Yash Menon,Home Office,India,Hyderabad,Telangana,South,OFF-AR-1004,Office Supplies,Art,Artist Sketch Kit,3507.79,2,0,872.48
IN-2022-100086,2022-11-01,2022-11-06,Standard Class,CU-1021,Divya Gupta,Consumer,India,Panaji,Goa,West,OFF-BI-1002,Office Supplies,Binders,Heavy Duty Lever Arch File,322.69,1,0.05,92.23
IN-2022-100551,2022-11-01,2022-11-07,Standard Class,CU-1270,Tanvi Kapoor,Consumer,India,Pune,Maharashtra,West,OFF-ST-1003,Office Supplies,Storage,Desk Organizer,1668.61,2,0.1,39.26
IN-2022-100609,2022-11-01,2022-11-07,Standard Class,CU-1219,Aditya Nair,Corporate,India,Panaji,Goa,West,TEC-AC-1001,Technology,Accessories,Wireless Mouse,2573.3,3,0.1,424.01
IN-2022-101102,2022-11-03,2022-11-10,Standard Class,CU-1354,Pranav Patel,Consumer,India,Panaji,Goa,West,OFF-AR-1002,Office Supplies,Art,Premium Pen Set,1304.04,1,0,384.68
IN-2022-101102,2022-11-03,2022-11-10,Standard Class,CU-1354,Pranav Patel,Consumer,India,Panaji,Goa,West,OFF-BI-1004,Office Supplies,Binders,Plastic Folder Set,1278.05,4,0.3,92.99
IN-2022-101267,2022-11-04,2022-11-10,Standard Class,CU-1288,Ananya Patel,Consumer,India,Surat,Gujarat,West,FUR-FU-1003,Furniture,Furnishings,Office Curtain Set,2711.09,1,0,372.47
IN-2022-101267,2022-11-04,2022-11-10,Standard Class,CU-1288,Ananya Patel,Consumer,India,Surat,Gujarat,West,TEC-MA-1004,Technology,Machines,Paper Shredder 20-Sheet,58293.87,5,0,4089.76
IN-2022-101267,2022-11-04,2022-11-10,Standard Class,CU-1288,Ananya Patel,Consumer,India,Surat,Gujarat,West,TEC-PH-1004,Technology,Phones,Conference Speakerphone,68031.27,7,0.05,6243.93
IN-2022-101267,2022-11-04,2022-11-10,Standard Class,CU-1288,Ananya Patel,Consumer,India,Surat,Gujarat,West,TEC-CO-1003,Technology,Copiers,Mono Laser Printer,15195.01,1,0.15,4196.9
IN-2022-100566,2022-11-05,2022-11-11,Standard Class,CU-1145,Varun Das,Corporate,India,Kochi,Kerala,South,OFF-AR-1003,Office Supplies,Art,Highlighter Pack,443.51,2,0.15,47.5
IN-2022-100566,2022-11-05,2022-11-11,Standard Class,CU-1145,Varun Das,Corporate,India,Kochi,Kerala,South,OFF-BI-1003,Office Supplies,Binders,Binding Machine Combs,2274.88,3,0,561.73
IN-2022-100566,2022-11-05,2022-11-11,Standard Class,CU-1145,Varun Das,Corporate,India,Kochi,Kerala,South,OFF-BI-1003,Office Supplies,Binders,Binding Machine Combs,1577.25,2,0,405.22
IN-2022-100695,2022-11-05,2022-11-05,Same Day,CU-1257,Divya Verma,Consumer,India,Surat,Gujarat,West,OFF-BI-1004,Office Supplies,Binders,Plastic Folder Set,1092.33,3,0.15,133.07
IN-2022-101040,2022-11-05,2022-11-12,Standard Class,CU-1091,Siddharth Das,Corporate,India,Chennai,Tamil Nadu,South,OFF-BI-1002,Office Supplies,Binders,Heavy Duty Lever Arch File,1196.46,4,0.15,186.69
IN-2022-100326,2022-11-08,2022-11-11,First Class,CU-1320,Riya Sharma,Consumer,India,Kochi,Kerala,South,OFF-BI-1004,Office Supplies,Binders,Plastic Folder Set,1771.13,4,0,598.03
IN-2022-100889,2022-11-09,2022-11-13,Standard Class,CU-1057,Tanvi Menon,Home Office,India,Kolkata,West Bengal,East,FUR-CH-1004,Furniture,Chairs,Visitor Chair Set,2559.62,1,0.3,-334.69
IN-2022-101052,2022-11-09,2022-11-14,Standard Class,CU-1282,Ananya Reddy,Corporate,India,Kolkata,West Bengal,East,TEC-CO-1003,Technology,Copiers,Mono Laser Printer,54730.75,3,0,20270.5
IN-2022-101052,2022-11-09,2022-11-14,Standard Class,CU-1282,Ananya Reddy,Corporate,India,Kolkata,West Bengal,East,OFF-AR-1001,Office Supplies,Art,Whiteboard Marker Set,1204.51,3,0,257.45
IN-2022-100436,2022-11-10,2022-11-14,Standard Class,CU-1256,Neha Bose,Corporate,India,Ahmedabad,Gujarat,West,OFF-BI-1002,Office Supplies,Binders,Heavy Duty Lever Arch File,1951.91,6,0,520.93
IN-2022-100667,2022-11-11,2022-11-13,First Class,CU-1104,Aman Mehta,Consumer,India,Ahmedabad,Gujarat,West,TEC-MA-1001,Technology,Machines,Currency Counting Machine,18542.33,2,0,1007.51
IN-2022-100667,2022-11-11,2022-11-13,First Class,CU-1104,Aman Mehta,Consumer,India,Ahmedabad,Gujarat,West,TEC-AC-1004,Technology,Accessories,Noise Cancelling Headset,18673.36,3,0.2,1503.02
IN-2022-101300,2022-11-11,2022-11-17,Standard Class,CU-1329,Rohan Kapoor,Home Office,India,Patna,Bihar,East,TEC-PH-1004,Technology,Phones,Conference Speakerphone,8928.73,1,0.05,1382.91
IN-2022-100844,2022-11-12,2022-11-15,Second Class,CU-1277,Vihaan Bose,Corporate,India,Lucknow,Uttar Pradesh,North,OFF-AR-1001,Office Supplies,Art,Whiteboard Marker Set,425.43,1,0,127.24
IN-2022-100946,2022-11-12,2022-11-16,Standard Class,CU-1364,Shruti Reddy,Corporate,India,Panaji,Goa,West,TEC-CO-1004,Technology,Copiers,Document Scanner,18588.65,1,0.15,4834.79
IN-2022-100946,2022-11-12,2022-11-16,Standard Class,CU-1364,Shruti Reddy,Corporate,India,Panaji,Goa,West,OFF-AR-1002,Office Supplies,Art,Premium Pen Set,2680.59,2,0.05,504.85
IN-2022-100655,2022-11-13,2022-11-18,Standard Class,CU-1419,Karan Gupta,Consumer,India,Lucknow,Uttar Pradesh,North,FUR-FU-1004,Furniture,Furnishings,Anti-Fatigue Floor Mat,1500.45,1,0.15,100.92
IN-2022-100655,2022-11-13,2022-11-18,Standard Class,CU-1419,Karan Gupta,Consumer,India,Lucknow,Uttar Pradesh,North,OFF-AR-1002,Office Supplies,Art,Premium Pen Set,1298.06,1,0,310.38
IN-2022-100655,2022-11-13,2022-11-18,Standard Class,CU-1419,Karan Gupta,Consumer,India,Lucknow,Uttar Pradesh,North,TEC-AC-1004,Technology,Accessories,Noise Cancelling Headset,15657.63,2,0,4737.71
IN-2022-101374,2022-11-13,2022-11-16,First Class,CU-1369,Aman Pillai,Consumer,India,Patna,Bihar,East,OFF-PA-1003,Office Supplies,Paper,Sticky Notes Bulk Pack,858.71,2,0.2,167.31
IN-2022-100427,2022-11-14,2022-11-19,Standard Class,CU-1029,Rahul Pillai,Corporate,India,Panaji,Goa,West,FUR-BO-1001,Furniture,Bookcases,Wooden Bookcase 5-Shelf,34077.24,3,0,6206.18
IN-2022-100427,2022-11-14,2022-11-19,Standard Class,CU-1029,Rahul Pillai,Corporate,India,Panaji,Goa,West,OFF-BI-1004,Office Supplies,Binders,Plastic Folder Set,1795.83,4,0,569.39
IN-2022-100218,2022-11-16,2022-11-20,Standard Class,CU-1121,Ananya Joshi,Consumer,India,Noida,Uttar Pradesh,North,OFF-ST-1003,Office Supplies,Storage,Desk Organizer,1823.98,2,0,53.18
IN-2022-100218,2022-11-16,2022-11-20,Standard Class,CU-1121,Ananya Joshi,Consumer,India,Noida,Uttar Pradesh,North,TEC-AC-1004,Technology,Accessories,Noise Cancelling Headset,7664.38,1,0,2478.74
IN-2022-100579,2022-11-16,2022-11-21,Standard Class,CU-1345,Kavya Verma,Corporate,India,Panaji,Goa,West,OFF-BI-1004,Office Supplies,Binders,Plastic Folder Set,1367.74,3,0,502.49
IN-2022-100947,2022-11-16,2022-11-16,Same Day,CU-1287,Karan Verma,Consumer,India,Surat,Gujarat,West,TEC-AC-1003,Technology,Accessories,USB-C Hub 7-in-1,10835.76,5,0.05,2513.47
IN-2022-100947,2022-11-16,2022-11-16,Same Day,CU-1287,Karan Verma,Consumer,India,Surat,Gujarat,West,FUR-TA-1003,Furniture,Tables,Folding Training Table,13216.98,3,0.3,-4147.84
IN-2022-101193,2022-11-16,2022-11-22,Standard Class,CU-1345,Kavya Verma,Corporate,India,Panaji,Goa,West,OFF-BI-1002,Office Supplies,Binders,Heavy Duty Lever Arch File,1479.25,5,0.15,226.42
IN-2022-101470,2022-11-16,2022-11-20,Second Class,CU-1339,Isha Singh,Consumer,India,Raipur,Chhattisgarh,Central,OFF-AR-1004,Office Supplies,Art,Artist Sketch Kit,4549.86,3,0.15,439.4
IN-2022-101470,2022-11-16,2022-11-20,Second Class,CU-1339,Isha Singh,Consumer,India,Raipur,Chhattisgarh,Central,OFF-ST-1002,Office Supplies,Storage,Plastic Storage Box Set,3265.0,2,0.05,498.39
IN-2022-100293,2022-11-17,2022-11-21,Standard Class,CU-1173,Aditya Verma,Home Office,India,Hyderabad,Telangana,South,OFF-ST-1004,Office Supplies,Storage,Wall Mount Shelf Box,2097.14,1,0,377.47
IN-2022-100624,2022-11-17,2022-11-22,Standard Class,CU-1073,Neha Iyer,Home Office,India,Bhopal,Madhya Pradesh,Central,FUR-FU-1003,Furniture,Furnishings,Office Curtain Set,2526.44,1,0.1,302.22
IN-2022-100624,2022-11-17,2022-11-22,Standard Class,CU-1073,Neha Iyer,Home Office,India,Bhopal,Madhya Pradesh,Central,OFF-PA-1004,Office Supplies,Paper,Thermal Roll Pack,497.08,1,0.3,29.55
IN-2022-100624,2022-11-17,2022-11-22,Standard Class,CU-1073,Neha Iyer,Home Office,India,Bhopal,Madhya Pradesh,Central,FUR-FU-1003,Furniture,Furnishings,Office Curtain Set,11368.1,6,0.3,-423.21
IN-2022-100981,2022-11-17,2022-11-21,Standard Class,CU-1135,Varun Joshi,Home Office,India,Ahmedabad,Gujarat,West,TEC-MA-1002,Technology,Machines,Barcode Label Printer,43079.66,3,0.05,-562.49
IN-2022-100954,2022-11-18,2022-11-25,Standard Class,CU-1230,Aman Menon,Corporate,India,Mysuru,Karnataka,South,OFF-ST-1001,Office Supplies,Storage,Steel Filing Cabinet,101083.61,8,0.05,11921.95
IN-2022-101450,2022-11-18,2022-11-22,Standard Class,CU-1039,Priya Joshi,Home Office,India,Pune,Maharashtra,West,TEC-AC-1001,Technology,Accessories,Wireless Mouse,2205.34,3,0.2,256.72
IN-2022-101450,2022-11-18,2022-11-22,Standard Class,CU-1039,Priya Joshi,Home Office,India,Pune,Maharashtra,West,FUR-CH-1004,Furniture,Chairs,Visitor Chair Set,14810.4,4,0,1737.11
IN-2022-101450,2022-11-18,2022-11-22,Standard Class,CU-1039,Priya Joshi,Home Office,India,Pune,Maharashtra,West,OFF-PA-1004,Office Supplies,Paper,Thermal Roll Pack,691.09,1,0,272.17
IN-2022-101201,2022-11-19,2022-11-22,First Class,CU-1008,Pooja Desai,Home Office,India,Kochi,Kerala,South,TEC-CO-1004,Technology,Copiers,Document Scanner,69300.48,3,0,24470.65
IN-2022-101201,2022-11-19,2022-11-22,First Class,CU-1008,Pooja Desai,Home Office,India,Kochi,Kerala,South,OFF-PA-1003,Office Supplies,Paper,Sticky Notes Bulk Pack,1226.63,3,0.3,72.01
IN-2022-100517,2022-11-21,2022-11-25,Standard Class,CU-1115,Kavya Kulkarni,Consumer,India,Kochi,Kerala,South,TEC-MA-1004,Technology,Machines,Paper Shredder 20-Sheet,28671.29,3,0.15,-733.24
IN-2022-100517,2022-11-21,2022-11-25,Standard Class,CU-1115,Kavya Kulkarni,Consumer,India,Kochi,Kerala,South,TEC-PH-1003,Technology,Phones,IP Desk Phone,13046.48,3,0.3,-695.58
IN-2022-101263,2022-11-21,2022-11-27,Standard Class,CU-1373,Aman Iyer,Consumer,India,Bengaluru,Karnataka,South,TEC-AC-1003,Technology,Accessories,USB-C Hub 7-in-1,2034.54,1,0.15,279.89
IN-2022-100276,2022-11-22,2022-11-25,Second Class,CU-1028,Varun Shah,Home Office,India,Chennai,Tamil Nadu,South,FUR-CH-1004,Furniture,Chairs,Visitor Chair Set,2967.11,1,0.2,-212.75
IN-2022-101377,2022-11-22,2022-11-24,First Class,CU-1412,Rahul Kapoor,Corporate,India,Mumbai,Maharashtra,West,OFF-AR-1002,Office Supplies,Art,Premium Pen Set,2681.39,2,0,843.14
IN-2022-100390,2022-11-23,2022-11-30,Standard Class,CU-1410,Pooja Desai,Consumer,India,Mysuru,Karnataka,South,FUR-CH-1003,Furniture,Chairs,Mesh Back Task Chair,14957.0,3,0,2640.81
IN-2022-100765,2022-11-24,2022-11-27,First Class,CU-1404,Harsh Shah,Consumer,India,Noida,Uttar Pradesh,North,OFF-ST-1003,Office Supplies,Storage,Desk Organizer,893.03,1,0,48.36
IN-2022-101361,2022-11-26,2022-12-02,Standard Class,CU-1346,Swati Pillai,Consumer,India,Ludhiana,Punjab,North,OFF-AR-1003,Office Supplies,Art,Highlighter Pack,1515.16,6,0,290.83
IN-2022-100416,2022-11-27,2022-12-03,Standard Class,CU-1091,Siddharth Das,Corporate,India,Chennai,Tamil Nadu,South,FUR-CH-1002,Furniture,Chairs,Executive Leather Chair,56735.44,3,0,5512.2
IN-2022-100513,2022-11-28,2022-12-02,Standard Class,CU-1308,Tanvi Desai,Corporate,India,Lucknow,Uttar Pradesh,North,FUR-BO-1001,Furniture,Bookcases,Wooden Bookcase 5-Shelf,23025.38,2,0,1908.86
IN-2022-100217,2022-12-02,2022-12-05,Second Class,CU-1108,Shruti Desai,Home Office,India,Ludhiana,Punjab,North,OFF-BI-1002,Office Supplies,Binders,Heavy Duty Lever Arch File,1038.31,4,0.2,118.91
IN-2022-100468,2022-12-02,2022-12-07,Standard Class,CU-1240,Vihaan Patel,Consumer,India,Surat,Gujarat,West,FUR-FU-1002,Furniture,Furnishings,Wall Clock Classic,979.83,1,0,169.47
IN-2022-100468,2022-12-02,2022-12-07,Standard Class,CU-1240,Vihaan Patel,Consumer,India,Surat,Gujarat,West,OFF-AR-1004,Office Supplies,Art,Artist Sketch Kit,3232.05,2,0.1,495.58
IN-2022-100468,2022-12-02,2022-12-07,Standard Class,CU-1240,Vihaan Patel,Consumer,India,Surat,Gujarat,West,FUR-BO-1004,Furniture,Bookcases,Modular Bookshelf,15161.3,2,0,1830.39
IN-2022-100040,2022-12-03,2022-12-06,First Class,CU-1328,Vihaan Nair,Corporate,India,Bengaluru,Karnataka,South,OFF-BI-1002,Office Supplies,Binders,Heavy Duty Lever Arch File,331.48,1,0,137.02
IN-2022-100040,2022-12-03,2022-12-06,First Class,CU-1328,Vihaan Nair,Corporate,India,Bengaluru,Karnataka,South,FUR-TA-1001,Furniture,Tables,Conference Table 8-Seater,42925.74,1,0,901.69
IN-2022-100454,2022-12-03,2022-12-10,Standard Class,CU-1193,Arjun Bose,Corporate,India,Coimbatore,Tamil Nadu,South,OFF-ST-1004,Office Supplies,Storage,Wall Mount Shelf Box,4065.52,2,0,489.79
IN-2022-100454,2022-12-03,2022-12-10,Standard Class,CU-1193,Arjun Bose,Corporate,India,Coimbatore,Tamil Nadu,South,FUR-CH-1001,Furniture,Chairs,Ergonomic Office Chair,8174.63,1,0,814.79
IN-2022-100454,2022-12-03,2022-12-10,Standard Class,CU-1193,Arjun Bose,Corporate,India,Coimbatore,Tamil Nadu,South,TEC-MA-1004,Technology,Machines,Paper Shredder 20-Sheet,32452.18,3,0,2622.6
IN-2022-101638,2022-12-03,2022-12-10,Standard Class,CU-1427,Ananya Nair,Consumer,India,Mumbai,Maharashtra,West,FUR-CH-1003,Furniture,Chairs,Mesh Back Task Chair,16258.19,3,0,1667.96
IN-2022-100691,2022-12-04,2022-12-10,Standard Class,CU-1283,Pranav Das,Consumer,India,Kochi,Kerala,South,FUR-BO-1003,Furniture,Bookcases,Corner Display Unit,39296.0,5,0.15,-1890.35
IN-2022-100691,2022-12-04,2022-12-10,Standard Class,CU-1283,Pranav Das,Consumer,India,Kochi,Kerala,South,OFF-ST-1004,Office Supplies,Storage,Wall Mount Shelf Box,5182.57,3,0.15,-343.43
IN-2022-100092,2022-12-05,2022-12-09,Standard Class,CU-1294,Riya Rao,Consumer,India,Panaji,Goa,West,OFF-PA-1004,Office Supplies,Paper,Thermal Roll Pack,3985.01,6,0.05,1321.18
IN-2022-100092,2022-12-05,2022-12-09,Standard Class,CU-1294,Riya Rao,Consumer,India,Panaji,Goa,West,FUR-FU-1002,Furniture,Furnishings,Wall Clock Classic,3847.34,6,0.3,-516.57
IN-2022-100746,2022-12-05,2022-12-09,Second Class,CU-1139,Priya Iyer,Corporate,India,Noida,Uttar Pradesh,North,OFF-PA-1003,Office Supplies,Paper,Sticky Notes Bulk Pack,1440.05,3,0.1,539.6
IN-2022-100758,2022-12-05,2022-12-12,Standard Class,CU-1065,Ananya Singh,Corporate,India,Kochi,Kerala,South,FUR-TA-1002,Furniture,Tables,Computer Desk,35559.67,4,0.1,-4209.27
IN-2022-100834,2022-12-05,2022-12-08,Second Class,CU-1344,Divya Nair,Consumer,India,Kochi,Kerala,South,FUR-BO-1003,Furniture,Bookcases,Corner Display Unit,9426.19,1,0,535.7
IN-2022-101113,2022-12-05,2022-12-11,Standard Class,CU-1424,Aarav Kulkarni,Corporate,India,Kochi,Kerala,South,OFF-ST-1002,Office Supplies,Storage,Plastic Storage Box Set,2675.14,2,0.15,70.06
IN-2022-101113,2022-12-05,2022-12-11,Standard Class,CU-1424,Aarav Kulkarni,Corporate,India,Kochi,Kerala,South,FUR-BO-1001,Furniture,Bookcases,Wooden Bookcase 5-Shelf,56808.93,7,0.3,-8960.48
IN-2022-101652,2022-12-05,2022-12-08,First Class,CU-1413,Aditya Bose,Home Office,India,Bhubaneswar,Odisha,East,OFF-PA-1002,Office Supplies,Paper,Premium Photo Paper,1103.73,1,0.15,273.93
IN-2022-101055,2022-12-07,2022-12-12,Standard Class,CU-1103,Rahul Sharma,Corporate,India,New Delhi,Delhi,North,OFF-AR-1003,Office Supplies,Art,Highlighter Pack,188.35,1,0.3,-2.52
IN-2022-101055,2022-12-07,2022-12-12,Standard Class,CU-1103,Rahul Sharma,Corporate,India,New Delhi,Delhi,North,TEC-AC-1003,Technology,Accessories,USB-C Hub 7-in-1,4813.61,2,0,1163.58
IN-2022-101055,2022-12-07,2022-12-12,Standard Class,CU-1103,Rahul Sharma,Corporate,India,New Delhi,Delhi,North,OFF-BI-1002,Office Supplies,Binders,Heavy Duty Lever Arch File,2020.84,6,0,680.93
IN-2022-101410,2022-12-07,2022-12-11,Second Class,CU-1357,Karan Verma,Corporate,India,Pune,Maharashtra,West,TEC-MA-1004,Technology,Machines,Paper Shredder 20-Sheet,19696.91,2,0.15,-2498.3
IN-2022-101410,2022-12-07,2022-12-11,Second Class,CU-1357,Karan Verma,Corporate,India,Pune,Maharashtra,West,TEC-AC-1004,Technology,Accessories,Noise Cancelling Headset,16086.44,2,0,4531.94
IN-2022-100003,2022-12-08,2022-12-13,Standard Class,CU-1170,Aditya Kapoor,Home Office,India,Kolkata,West Bengal,East,TEC-MA-1001,Technology,Machines,Currency Counting Machine,8093.68,1,0.15,-503.59
IN-2022-100003,2022-12-08,2022-12-13,Standard Class,CU-1170,Aditya Kapoor,Home Office,India,Kolkata,West Bengal,East,OFF-BI-1004,Office Supplies,Binders,Plastic Folder Set,1790.92,4,0,633.85
IN-2022-100395,2022-12-08,2022-12-12,Standard Class,CU-1401,Aman Joshi,Corporate,India,Kochi,Kerala,South,FUR-FU-1001,Furniture,Furnishings,LED Desk Lamp,5558.94,4,0.05,896.45
IN-2022-100395,2022-12-08,2022-12-12,Standard Class,CU-1401,Aman Joshi,Corporate,India,Kochi,Kerala,South,OFF-BI-1003,Office Supplies,Binders,Binding Machine Combs,2234.46,3,0.05,532.26
IN-2022-100395,2022-12-08,2022-12-12,Standard Class,CU-1401,Aman Joshi,Corporate,India,Kochi,Kerala,South,OFF-ST-1003,Office Supplies,Storage,Desk Organizer,4369.01,5,0,525.58
IN-2022-100395,2022-12-08,2022-12-12,Standard Class,CU-1401,Aman Joshi,Corporate,India,Kochi,Kerala,South,TEC-PH-1003,Technology,Phones,IP Desk Phone,13087.28,3,0.3,-1770.06
IN-2022-100611,2022-12-08,2022-12-09,First Class,CU-1396,Sanjana Mehta,Home Office,India,Bengaluru,Karnataka,South,FUR-BO-1003,Furniture,Bookcases,Corner Display Unit,35413.05,5,0.2,-3236.83
IN-2022-101315,2022-12-08,2022-12-14,Standard Class,CU-1241,Nikhil Kapoor,Consumer,India,Panaji,Goa,West,TEC-MA-1001,Technology,Machines,Currency Counting Machine,8270.49,1,0.1,-390.92
IN-2022-101315,2022-12-08,2022-12-14,Standard Class,CU-1241,Nikhil Kapoor,Consumer,India,Panaji,Goa,West,OFF-BI-1004,Office Supplies,Binders,Plastic Folder Set,868.39,2,0,207.3
IN-2022-101315,2022-12-08,2022-12-14,Standard Class,CU-1241,Nikhil Kapoor,Consumer,India,Panaji,Goa,West,FUR-TA-1003,Furniture,Tables,Folding Training Table,5213.51,1,0.2,-1422.81
IN-2022-100512,2022-12-09,2022-12-12,First Class,CU-1161,Yash Reddy,Home Office,India,Panaji,Goa,West,OFF-PA-1001,Office Supplies,Paper,A4 Copier Paper 500 Sheets,352.32,1,0.05,107.91
IN-2022-100512,2022-12-09,2022-12-12,First Class,CU-1161,Yash Reddy,Home Office,India,Panaji,Goa,West,FUR-FU-1001,Furniture,Furnishings,LED Desk Lamp,7056.19,5,0,1417.7
IN-2022-100512,2022-12-09,2022-12-12,First Class,CU-1161,Yash Reddy,Home Office,India,Panaji,Goa,West,OFF-AR-1001,Office Supplies,Art,Whiteboard Marker Set,304.6,1,0.3,-6.17
IN-2022-100512,2022-12-09,2022-12-12,First Class,CU-1161,Yash Reddy,Home Office,India,Panaji,Goa,West,OFF-AR-1003,Office Supplies,Art,Highlighter Pack,258.74,1,0.05,54.17
IN-2022-100365,2022-12-13,2022-12-14,First Class,CU-1100,Priya Gupta,Consumer,India,Ahmedabad,Gujarat,West,TEC-MA-1001,Technology,Machines,Currency Counting Machine,33872.51,4,0.1,-3418.95
IN-2022-100365,2022-12-13,2022-12-14,First Class,CU-1100,Priya Gupta,Consumer,India,Ahmedabad,Gujarat,West,OFF-AR-1002,Office Supplies,Art,Premium Pen Set,3523.63,3,0.15,455.83
IN-2022-100365,2022-12-13,2022-12-14,First Class,CU-1100,Priya Gupta,Consumer,India,Ahmedabad,Gujarat,West,FUR-FU-1004,Furniture,Furnishings,Anti-Fatigue Floor Mat,1686.8,1,0.1,139.02
IN-2022-100917,2022-12-13,2022-12-16,Second Class,CU-1403,Riya Pillai,Corporate,India,Panaji,Goa,West,TEC-AC-1002,Technology,Accessories,Mechanical Keyboard,9177.71,3,0.15,1188.98
IN-2022-100917,2022-12-13,2022-12-16,Second Class,CU-1403,Riya Pillai,Corporate,India,Panaji,Goa,West,FUR-CH-1004,Furniture,Chairs,Visitor Chair Set,13951.68,4,0.05,1597.83
IN-2022-100917,2022-12-13,2022-12-16,Second Class,CU-1403,Riya Pillai,Corporate,India,Panaji,Goa,West,OFF-BI-1002,Office Supplies,Binders,Heavy Duty Lever Arch File,1394.85,5,0.2,50.58
IN-2022-101681,2022-12-14,2022-12-18,Second Class,CU-1175,Arjun Joshi,Consumer,India,Kochi,Kerala,South,OFF-ST-1001,Office Supplies,Storage,Steel Filing Cabinet,39275.69,3,0,5144.46
IN-2022-100160,2022-12-15,2022-12-17,First Class,CU-1353,Swati Das,Corporate,India,Mumbai,Maharashtra,West,OFF-PA-1002,Office Supplies,Paper,Premium Photo Paper,1091.85,1,0.15,204.07
IN-2022-100738,2022-12-15,2022-12-20,Standard Class,CU-1440,Karan Das,Home Office,India,Jaipur,Rajasthan,North,TEC-AC-1002,Technology,Accessories,Mechanical Keyboard,3002.35,1,0.15,369.08
IN-2022-100995,2022-12-15,2022-12-22,Standard Class,CU-1205,Varun Reddy,Consumer,India,Kochi,Kerala,South,OFF-BI-1004,Office Supplies,Binders,Plastic Folder Set,432.52,1,0,153.66
IN-2022-100995,2022-12-15,2022-12-22,Standard Class,CU-1205,Varun Reddy,Consumer,India,Kochi,Kerala,South,TEC-AC-1004,Technology,Accessories,Noise Cancelling Headset,24394.5,3,0,5955.7
IN-2022-101065,2022-12-15,2022-12-16,First Class,CU-1025,Arjun Bose,Home Office,India,Jaipur,Rajasthan,North,FUR-CH-1004,Furniture,Chairs,Visitor Chair Set,6627.81,2,0.15,168.04
IN-2022-100116,2022-12-16,2022-12-20,Second Class,CU-1022,Harsh Kulkarni,Home Office,India,Kochi,Kerala,South,OFF-BI-1004,Office Supplies,Binders,Plastic Folder Set,854.21,2,0.05,293.51
IN-2022-100116,2022-12-16,2022-12-20,Second Class,CU-1022,Harsh Kulkarni,Home Office,India,Kochi,Kerala,South,OFF-BI-1001,Office Supplies,Binders,Ring Binder A4 (Pack of 10),592.36,1,0,172.55
IN-2022-100116,2022-12-16,2022-12-20,Second Class,CU-1022,Harsh Kulkarni,Home Office,India,Kochi,Kerala,South,TEC-PH-1003,Technology,Phones,IP Desk Phone,8274.26,2,0.3,-1287.11
IN-2022-101407,2022-12-16,2022-12-20,Second Class,CU-1209,Priya Joshi,Consumer,India,Amritsar,Punjab,North,FUR-BO-1004,Furniture,Bookcases,Modular Bookshelf,14661.2,2,0.05,-64.9
IN-2022-100179,2022-12-18,2022-12-23,Standard Class,CU-1278,Shruti Shah,Corporate,India,Kolkata,West Bengal,East,OFF-BI-1002,Office Supplies,Binders,Heavy Duty Lever Arch File,325.39,1,0.05,90.52
IN-2022-100379,2022-12-19,2022-12-25,Standard Class,CU-1195,Varun Mehta,Corporate,India,Ahmedabad,Gujarat,West,FUR-CH-1001,Furniture,Chairs,Ergonomic Office Chair,5765.47,1,0.3,-604.27
IN-2022-100379,2022-12-19,2022-12-25,Standard Class,CU-1195,Varun Mehta,Corporate,India,Ahmedabad,Gujarat,West,OFF-BI-1004,Office Supplies,Binders,Plastic Folder Set,834.1,2,0.1,191.03
IN-2022-101216,2022-12-19,2022-12-26,Standard Class,CU-1128,Aman Patel,Consumer,India,Ahmedabad,Gujarat,West,OFF-BI-1001,Office Supplies,Binders,Ring Binder A4 (Pack of 10),2034.7,4,0.15,349.45
IN-2022-101216,2022-12-19,2022-12-26,Standard Class,CU-1128,Aman Patel,Consumer,India,Ahmedabad,Gujarat,West,OFF-PA-1001,Office Supplies,Paper,A4 Copier Paper 500 Sheets,614.34,2,0.2,135.0
IN-2022-100158,2022-12-20,2022-12-25,Standard Class,CU-1306,Karan Gupta,Home Office,India,Hyderabad,Telangana,South,OFF-AR-1002,Office Supplies,Art,Premium Pen Set,2080.96,2,0.2,207.37
IN-2022-100481,2022-12-20,2022-12-25,Standard Class,CU-1156,Diya Desai,Home Office,India,Lucknow,Uttar Pradesh,North,FUR-TA-1001,Furniture,Tables,Conference Table 8-Seater,64115.2,2,0.2,-13531.39
IN-2022-100481,2022-12-20,2022-12-25,Standard Class,CU-1156,Diya Desai,Home Office,India,Lucknow,Uttar Pradesh,North,FUR-CH-1004,Furniture,Chairs,Visitor Chair Set,6364.56,2,0.15,238.6
IN-2022-101471,2022-12-20,2022-12-22,Second Class,CU-1360,Karan Nair,Consumer,India,Panaji,Goa,West,OFF-PA-1003,Office Supplies,Paper,Sticky Notes Bulk Pack,2201.61,4,0,1025.86
IN-2022-101651,2022-12-20,2022-12-23,Second Class,CU-1434,Diya Kulkarni,Consumer,India,Coimbatore,Tamil Nadu,South,OFF-BI-1001,Office Supplies,Binders,Ring Binder A4 (Pack of 10),3014.85,5,0,864.53
IN-2022-101651,2022-12-20,2022-12-23,Second Class,CU-1434,Diya Kulkarni,Consumer,India,Coimbatore,Tamil Nadu,South,OFF-ST-1002,Office Supplies,Storage,Plastic Storage Box Set,1728.79,1,0,195.35
IN-2022-100613,2022-12-24,2022-12-29,Standard Class,CU-1388,Pooja Shah,Consumer,India,Amritsar,Punjab,North,TEC-CO-1004,Technology,Copiers,Document Scanner,83022.43,4,0.1,19873.57
IN-2022-101390,2022-12-24,2022-12-28,Standard Class,CU-1147,Varun Pillai,Consumer,India,Raipur,Chhattisgarh,Central,FUR-TA-1002,Furniture,Tables,Computer Desk,18139.59,2,0.05,-1594.36
IN-2022-101505,2022-12-24,2022-12-25,First Class,CU-1370,Varun Mehta,Corporate,India,Kochi,Kerala,South,OFF-PA-1003,Office Supplies,Paper,Sticky Notes Bulk Pack,1586.41,3,0.1,503.85
IN-2022-101340,2022-12-25,2022-12-31,Standard Class,CU-1155,Ananya Menon,Consumer,India,Chennai,Tamil Nadu,South,TEC-AC-1003,Technology,Accessories,USB-C Hub 7-in-1,18852.96,8,0,5329.71
IN-2022-101340,2022-12-25,2022-12-31,Standard Class,CU-1155,Ananya Menon,Consumer,India,Chennai,Tamil Nadu,South,OFF-PA-1003,Office Supplies,Paper,Sticky Notes Bulk Pack,4473.58,8,0,1728.77
IN-2022-101691,2022-12-26,2022-12-28,Second Class,CU-1058,Tanvi Kulkarni,Consumer,India,Ahmedabad,Gujarat,West,OFF-BI-1002,Office Supplies,Binders,Heavy Duty Lever Arch File,328.43,1,0,101.9
IN-2022-100270,2022-12-27,2022-12-28,First Class,CU-1011,Karan Bose,Consumer,India,Kochi,Kerala,South,TEC-CO-1002,Technology,Copiers,Multifunction Copier Pro,246642.22,3,0,93539.77
IN-2022-100270,2022-12-27,2022-12-28,First Class,CU-1011,Karan Bose,Consumer,India,Kochi,Kerala,South,TEC-MA-1003,Technology,Machines,Laminating Machine,6493.85,1,0,65.22
IN-2022-100270,2022-12-27,2022-12-28,First Class,CU-1011,Karan Bose,Consumer,India,Kochi,Kerala,South,FUR-BO-1004,Furniture,Bookcases,Modular Bookshelf,57041.95,7,0,2476.23
IN-2022-100270,2022-12-27,2022-12-28,First Class,CU-1011,Karan Bose,Consumer,India,Kochi,Kerala,South,FUR-BO-1001,Furniture,Bookcases,Wooden Bookcase 5-Shelf,40168.83,4,0.15,501.24
IN-2022-100743,2022-12-27,2023-01-03,Standard Class,CU-1196,Manish Gupta,Consumer,India,New Delhi,Delhi,North,OFF-BI-1004,Office Supplies,Binders,Plastic Folder Set,922.53,2,0,283.92
IN-2022-100817,2022-12-28,2023-01-01,Standard Class,CU-1006,Aditya Das,Consumer,India,Raipur,Chhattisgarh,Central,FUR-FU-1002,Furniture,Furnishings,Wall Clock Classic,958.18,1,0,163.46
IN-2022-100817,2022-12-28,2023-01-01,Standard Class,CU-1006,Aditya Das,Consumer,India,Raipur,Chhattisgarh,Central,OFF-BI-1002,Office Supplies,Binders,Heavy Duty Lever Arch File,458.29,2,0.3,-20.37
IN-2022-100817,2022-12-28,2023-01-01,Standard Class,CU-1006,Aditya Das,Consumer,India,Raipur,Chhattisgarh,Central,FUR-FU-1004,Furniture,Furnishings,Anti-Fatigue Floor Mat,3000.5,2,0.2,-96.37
IN-2022-101154,2022-12-28,2022-12-29,First Class,CU-1174,Shruti Kulkarni,Consumer,India,Raipur,Chhattisgarh,Central,OFF-ST-1001,Office Supplies,Storage,Steel Filing Cabinet,60933.54,6,0.2,-1515.9
IN-2023-101375,2023-01-01,2023-01-02,First Class,CU-1233,Sneha Iyer,Consumer,India,Panaji,Goa,West,OFF-AR-1004,Office Supplies,Art,Artist Sketch Kit,1232.91,1,0.3,15.29
IN-2023-101375,2023-01-01,2023-01-02,First Class,CU-1233,Sneha Iyer,Consumer,India,Panaji,Goa,West,OFF-AR-1002,Office Supplies,Art,Premium Pen Set,6552.35,5,0,1689.01
IN-2023-101375,2023-01-01,2023-01-02,First Class,CU-1233,Sneha Iyer,Consumer,India,Panaji,Goa,West,OFF-AR-1001,Office Supplies,Art,Whiteboard Marker Set,705.43,2,0.15,114.07
IN-2023-100660,2023-01-04,2023-01-06,Second Class,CU-1196,Manish Gupta,Consumer,India,New Delhi,Delhi,North,FUR-CH-1004,Furniture,Chairs,Visitor Chair Set,7871.32,2,0,951.0
IN-2023-101131,2023-01-04,2023-01-06,First Class,CU-1257,Divya Verma,Consumer,India,Surat,Gujarat,West,TEC-MA-1004,Technology,Machines,Paper Shredder 20-Sheet,76324.7,7,0,7481.84
IN-2023-101131,2023-01-04,2023-01-06,First Class,CU-1257,Divya Verma,Consumer,India,Surat,Gujarat,West,OFF-BI-1002,Office Supplies,Binders,Heavy Duty Lever Arch File,599.89,2,0.15,65.93
IN-2023-100346,2023-01-05,2023-01-12,Standard Class,CU-1310,Swati Sharma,Consumer,India,Lucknow,Uttar Pradesh,North,OFF-PA-1004,Office Supplies,Paper,Thermal Roll Pack,3442.25,6,0.2,685.2
IN-2023-100346,2023-01-05,2023-01-12,Standard Class,CU-1310,Swati Sharma,Consumer,India,Lucknow,Uttar Pradesh,North,OFF-ST-1002,Office Supplies,Storage,Plastic Storage Box Set,6361.73,4,0.05,682.13
IN-2023-100346,2023-01-05,2023-01-12,Standard Class,CU-1310,Swati Sharma,Consumer,India,Lucknow,Uttar Pradesh,North,TEC-AC-1001,Technology,Accessories,Wireless Mouse,3266.51,4,0.15,382.16
IN-2023-100882,2023-01-06,2023-01-12,Standard Class,CU-1398,Divya Desai,Consumer,India,Coimbatore,Tamil Nadu,South,FUR-BO-1004,Furniture,Bookcases,Modular Bookshelf,29953.43,4,0,3492.55
IN-2023-100882,2023-01-06,2023-01-12,Standard Class,CU-1398,Divya Desai,Consumer,India,Coimbatore,Tamil Nadu,South,OFF-BI-1001,Office Supplies,Binders,Ring Binder A4 (Pack of 10),2134.42,4,0.15,401.3
IN-2023-100547,2023-01-07,2023-01-14,Standard Class,CU-1300,Manish Shah,Consumer,India,Mumbai,Maharashtra,West,OFF-BI-1003,Office Supplies,Binders,Binding Machine Combs,2982.11,4,0.05,709.9
IN-2023-100547,2023-01-07,2023-01-14,Standard Class,CU-1300,Manish Shah,Consumer,India,Mumbai,Maharashtra,West,OFF-ST-1003,Office Supplies,Storage,Desk Organizer,870.42,1,0,86.25
IN-2023-100776,2023-01-10,2023-01-14,Standard Class,CU-1446,Nikhil Shah,Corporate,India,New Delhi,Delhi,North,OFF-PA-1004,Office Supplies,Paper,Thermal Roll Pack,2130.31,3,0,811.02
IN-2023-101409,2023-01-10,2023-01-13,Second Class,CU-1405,Rohan Pillai,Consumer,India,Lucknow,Uttar Pradesh,North,FUR-TA-1003,Furniture,Tables,Folding Training Table,5721.18,1,0.1,-509.44
IN-2023-101635,2023-01-10,2023-01-16,Standard Class,CU-1226,Diya Mehta,Corporate,India,New Delhi,Delhi,North,OFF-PA-1004,Office Supplies,Paper,Thermal Roll Pack,1419.55,2,0.05,442.28
IN-2023-101232,2023-01-12,2023-01-16,Standard Class,CU-1374,Sanjana Iyer,Home Office,India,Bengaluru,Karnataka,South,FUR-TA-1003,Furniture,Tables,Folding Training Table,25377.49,5,0.2,-5354.47
IN-2023-101232,2023-01-12,2023-01-16,Standard Class,CU-1374,Sanjana Iyer,Home Office,India,Bengaluru,Karnataka,South,OFF-AR-1001,Office Supplies,Art,Whiteboard Marker Set,437.72,1,0,89.96
IN-2023-101580,2023-01-13,2023-01-14,First Class,CU-1428,Isha Bose,Consumer,India,Amritsar,Punjab,North,TEC-MA-1001,Technology,Machines,Currency Counting Machine,27346.48,3,0.05,-284.23
IN-2023-101580,2023-01-13,2023-01-14,First Class,CU-1428,Isha Bose,Consumer,India,Amritsar,Punjab,North,OFF-AR-1002,Office Supplies,Art,Premium Pen Set,1233.76,1,0.1,229.01
IN-2023-101580,2023-01-13,2023-01-14,First Class,CU-1428,Isha Bose,Consumer,India,Amritsar,Punjab,North,TEC-AC-1003,Technology,Accessories,USB-C Hub 7-in-1,4847.42,2,0,1502.59
IN-2023-100176,2023-01-14,2023-01-19,Standard Class,CU-1191,Tanvi Reddy,Home Office,India,Amritsar,Punjab,North,TEC-MA-1001,Technology,Machines,Currency Counting Machine,8639.79,1,0.05,-23.94
IN-2023-100176,2023-01-14,2023-01-19,Standard Class,CU-1191,Tanvi Reddy,Home Office,India,Amritsar,Punjab,North,FUR-FU-1002,Furniture,Furnishings,Wall Clock Classic,633.41,1,0.3,-39.37
IN-2023-100596,2023-01-14,2023-01-15,First Class,CU-1369,Aman Pillai,Consumer,India,Patna,Bihar,East,TEC-PH-1001,Technology,Phones,Smartphone Pro 128GB,28958.58,1,0.2,-1412.25
IN-2023-100596,2023-01-14,2023-01-15,First Class,CU-1369,Aman Pillai,Consumer,India,Patna,Bihar,East,FUR-FU-1004,Furniture,Furnishings,Anti-Fatigue Floor Mat,3512.4,2,0.05,618.88
IN-2023-100596,2023-01-14,2023-01-15,First Class,CU-1369,Aman Pillai,Consumer,India,Patna,Bihar,East,OFF-PA-1003,Office Supplies,Paper,Sticky Notes Bulk Pack,3636.19,7,0.05,1373.07
IN-2023-100892,2023-01-14,2023-01-20,Standard Class,CU-1229,Meera Patel,Consumer,India,Bhubaneswar,Odisha,East,OFF-PA-1001,Office Supplies,Paper,A4 Copier Paper 500 Sheets,368.77,1,0,127.81
IN-2023-100963,2023-01-14,2023-01-14,Same Day,CU-1330,Karan Das,Home Office,India,Panaji,Goa,West,OFF-ST-1002,Office Supplies,Storage,Plastic Storage Box Set,6624.24,6,0.3,-925.33
IN-2023-100891,2023-01-15,2023-01-19,Standard Class,CU-1237,Priya Chopra,Corporate,India,Amritsar,Punjab,North,OFF-BI-1002,Office Supplies,Binders,Heavy Duty Lever Arch File,2229.6,7,0.05,498.27
IN-2023-100891,2023-01-15,2023-01-19,Standard Class,CU-1237,Priya Chopra,Corporate,India,Amritsar,Punjab,North,OFF-BI-1002,Office Supplies,Binders,Heavy Duty Lever Arch File,1307.53,4,0,384.21
IN-2023-100899,2023-01-15,2023-01-18,First Class,CU-1433,Aman Rao,Consumer,India,Panaji,Goa,West,FUR-TA-1003,Furniture,Tables,Folding Training Table,6604.49,1,0,-171.84
IN-2023-101251,2023-01-15,2023-01-19,Standard Class,CU-1217,Nikhil Kulkarni,Consumer,India,Patna,Bihar,East,FUR-TA-1003,Furniture,Tables,Folding Training Table,11731.07,2,0.1,-1213.19
IN-2023-101251,2023-01-15,2023-01-19,Standard Class,CU-1217,Nikhil Kulkarni,Consumer,India,Patna,Bihar,East,OFF-ST-1002,Office Supplies,Storage,Plastic Storage Box Set,3219.37,2,0,472.39
IN-2023-101312,2023-01-18,2023-01-25,Standard Class,CU-1385,Aman Kapoor,Corporate,India,Panaji,Goa,West,FUR-FU-1003,Furniture,Furnishings,Office Curtain Set,7737.71,3,0.1,442.59
IN-2023-100643,2023-01-20,2023-01-26,Standard Class,CU-1301,Manish Pillai,Consumer,India,Hyderabad,Telangana,South,TEC-MA-1003,Technology,Machines,Laminating Machine,14156.78,3,0.3,-3325.45
IN-2023-101038,2023-01-21,2023-01-24,First Class,CU-1078,Priya Verma,Corporate,India,Noida,Uttar Pradesh,North,OFF-ST-1003,Office Supplies,Storage,Desk Organizer,2585.82,3,0.05,252.96
IN-2023-101532,2023-01-21,2023-01-27,Standard Class,CU-1224,Kavya Menon,Consumer,India,Panaji,Goa,West,FUR-CH-1004,Furniture,Chairs,Visitor Chair Set,2785.24,1,0.3,-448.25
IN-2023-101532,2023-01-21,2023-01-27,Standard Class,CU-1224,Kavya Menon,Consumer,India,Panaji,Goa,West,FUR-FU-1002,Furniture,Furnishings,Wall Clock Classic,1818.68,2,0,491.44
IN-2023-101125,2023-01-22,2023-01-24,First Class,CU-1059,Arjun Iyer,Home Office,India,Kochi,Kerala,South,FUR-TA-1001,Furniture,Tables,Conference Table 8-Seater,120397.81,3,0,-15119.5
IN-2023-101125,2023-01-22,2023-01-24,First Class,CU-1059,Arjun Iyer,Home Office,India,Kochi,Kerala,South,OFF-PA-1001,Office Supplies,Paper,A4 Copier Paper 500 Sheets,365.86,1,0,139.42
IN-2023-101125,2023-01-22,2023-01-24,First Class,CU-1059,Arjun Iyer,Home Office,India,Kochi,Kerala,South,FUR-TA-1003,Furniture,Tables,Folding Training Table,6305.33,1,0,14.02
IN-2023-101469,2023-01-23,2023-01-28,Standard Class,CU-1293,Tanvi Kulkarni,Consumer,India,Kochi,Kerala,South,OFF-BI-1003,Office Supplies,Binders,Binding Machine Combs,797.42,1,0,212.94
IN-2023-101469,2023-01-23,2023-01-28,Standard Class,CU-1293,Tanvi Kulkarni,Consumer,India,Kochi,Kerala,South,FUR-TA-1003,Furniture,Tables,Folding Training Table,13134.04,2,0,-418.09
IN-2023-101353,2023-01-25,2023-02-01,Standard Class,CU-1310,Swati Sharma,Consumer,India,Lucknow,Uttar Pradesh,North,FUR-FU-1003,Furniture,Furnishings,Office Curtain Set,14286.34,5,0,3342.81
IN-2023-101353,2023-01-25,2023-02-01,Standard Class,CU-1310,Swati Sharma,Consumer,India,Lucknow,Uttar Pradesh,North,FUR-CH-1003,Furniture,Chairs,Mesh Back Task Chair,22684.52,5,0.1,352.72
IN-2023-101353,2023-01-25,2023-02-01,Standard Class,CU-1310,Swati Sharma,Consumer,India,Lucknow,Uttar Pradesh,North,TEC-MA-1002,Technology,Machines,Barcode Label Printer,91621.66,6,0,1527.75
IN-2023-100374,2023-01-26,2023-01-30,Second Class,CU-1228,Pooja Joshi,Consumer,India,Coimbatore,Tamil Nadu,South,OFF-PA-1003,Office Supplies,Paper,Sticky Notes Bulk Pack,2206.03,4,0,1033.32
IN-2023-100760,2023-01-27,2023-01-29,First Class,CU-1200,Rohan Sharma,Consumer,India,Panaji,Goa,West,OFF-PA-1003,Office Supplies,Paper,Sticky Notes Bulk Pack,1468.52,3,0.15,401.5
IN-2023-101461,2023-01-27,2023-02-03,Standard Class,CU-1270,Tanvi Kapoor,Consumer,India,Pune,Maharashtra,West,TEC-PH-1002,Technology,Phones,Smartphone Lite 64GB,50650.56,4,0.05,2783.62
IN-2023-101461,2023-01-27,2023-02-03,Standard Class,CU-1270,Tanvi Kapoor,Consumer,India,Pune,Maharashtra,West,OFF-PA-1002,Office Supplies,Paper,Premium Photo Paper,2024.86,2,0.2,449.97
IN-2023-100851,2023-01-28,2023-02-04,Standard Class,CU-1196,Manish Gupta,Consumer,India,New Delhi,Delhi,North,OFF-BI-1002,Office Supplies,Binders,Heavy Duty Lever Arch File,648.08,2,0,209.29
IN-2023-100851,2023-01-28,2023-02-04,Standard Class,CU-1196,Manish Gupta,Consumer,India,New Delhi,Delhi,North,OFF-PA-1004,Office Supplies,Paper,Thermal Roll Pack,2683.36,4,0.1,839.57
IN-2023-100331,2023-02-01,2023-02-06,Standard Class,CU-1149,Pooja Nair,Home Office,India,Amritsar,Punjab,North,OFF-ST-1004,Office Supplies,Storage,Wall Mount Shelf Box,10822.79,6,0.1,1526.38
IN-2023-100273,2023-02-02,2023-02-07,Standard Class,CU-1242,Sanjana Chopra,Corporate,India,Mysuru,Karnataka,South,TEC-MA-1004,Technology,Machines,Paper Shredder 20-Sheet,63876.03,6,0,-835.49
IN-2023-100273,2023-02-02,2023-02-07,Standard Class,CU-1242,Sanjana Chopra,Corporate,India,Mysuru,Karnataka,South,OFF-PA-1003,Office Supplies,Paper,Sticky Notes Bulk Pack,968.3,2,0.15,292.36
IN-2023-100273,2023-02-02,2023-02-07,Standard Class,CU-1242,Sanjana Chopra,Corporate,India,Mysuru,Karnataka,South,FUR-CH-1003,Furniture,Chairs,Mesh Back Task Chair,5201.95,1,0,948.6
IN-2023-100936,2023-02-02,2023-02-03,First Class,CU-1284,Kavya Rao,Consumer,India,Panaji,Goa,West,OFF-BI-1002,Office Supplies,Binders,Heavy Duty Lever Arch File,343.05,1,0,103.69
IN-2023-100027,2023-02-07,2023-02-11,Standard Class,CU-1080,Varun Desai,Consumer,India,New Delhi,Delhi,North,OFF-PA-1001,Office Supplies,Paper,A4 Copier Paper 500 Sheets,762.73,2,0,263.25
IN-2023-100565,2023-02-08,2023-02-14,Standard Class,CU-1003,Nikhil Sharma,Corporate,India,Nagpur,Maharashtra,West,OFF-BI-1003,Office Supplies,Binders,Binding Machine Combs,1352.36,2,0.15,242.35
IN-2023-100565,2023-02-08,2023-02-14,Standard Class,CU-1003,Nikhil Sharma,Corporate,India,Nagpur,Maharashtra,West,TEC-CO-1001,Technology,Copiers,Laser Copier Compact,118800.45,3,0.2,19182.85
IN-2023-100173,2023-02-10,2023-02-16,Standard Class,CU-1393,Aditya Pillai,Corporate,India,Jaipur,Rajasthan,North,OFF-AR-1002,Office Supplies,Art,Premium Pen Set,2789.65,2,0,798.15
IN-2023-100354,2023-02-11,2023-02-18,Standard Class,CU-1335,Rohan Joshi,Consumer,India,Panaji,Goa,West,OFF-BI-1004,Office Supplies,Binders,Plastic Folder Set,914.22,2,0,297.94
IN-2023-101090,2023-02-11,2023-02-14,First Class,CU-1255,Swati Kapoor,Corporate,India,Chennai,Tamil Nadu,South,OFF-AR-1004,Office Supplies,Art,Artist Sketch Kit,1341.04,1,0.2,83.79
IN-2023-100353,2023-02-14,2023-02-18,Standard Class,CU-1173,Aditya Verma,Home Office,India,Hyderabad,Telangana,South,OFF-AR-1002,Office Supplies,Art,Premium Pen Set,1390.08,1,0,377.74
IN-2023-100353,2023-02-14,2023-02-18,Standard Class,CU-1173,Aditya Verma,Home Office,India,Hyderabad,Telangana,South,FUR-FU-1001,Furniture,Furnishings,LED Desk Lamp,2991.53,2,0,534.83
IN-2023-100353,2023-02-14,2023-02-18,Standard Class,CU-1173,Aditya Verma,Home Office,India,Hyderabad,Telangana,South,OFF-BI-1002,Office Supplies,Binders,Heavy Duty Lever Arch File,1064.3,3,0,283.73
IN-2023-100540,2023-02-14,2023-02-21,Standard Class,CU-1146,Isha Kulkarni,Consumer,India,Kochi,Kerala,South,OFF-PA-1004,Office Supplies,Paper,Thermal Roll Pack,755.51,1,0,258.74
IN-2023-100540,2023-02-14,2023-02-21,Standard Class,CU-1146,Isha Kulkarni,Consumer,India,Kochi,Kerala,South,OFF-AR-1003,Office Supplies,Art,Highlighter Pack,1301.34,7,0.3,-78.33
IN-2023-100540,2023-02-14,2023-02-21,Standard Class,CU-1146,Isha Kulkarni,Consumer,India,Kochi,Kerala,South,FUR-CH-1003,Furniture,Chairs,Mesh Back Task Chair,16423.38,4,0.2,-730.52
IN-2023-101225,2023-02-17,2023-02-23,Standard Class,CU-1246,Manish Gupta,Consumer,India,Hyderabad,Telangana,South,OFF-AR-1004,Office Supplies,Art,Artist Sketch Kit,10323.7,6,0.05,2041.29
IN-2023-100988,2023-02-18,2023-02-23,Standard Class,CU-1134,Vihaan Joshi,Consumer,India,Kochi,Kerala,South,TEC-MA-1001,Technology,Machines,Currency Counting Machine,9002.9,1,0,412.65
IN-2023-100988,2023-02-18,2023-02-23,Standard Class,CU-1134,Vihaan Joshi,Consumer,India,Kochi,Kerala,South,OFF-AR-1003,Office Supplies,Art,Highlighter Pack,363.98,2,0.3,36.49
IN-2023-100988,2023-02-18,2023-02-23,Standard Class,CU-1134,Vihaan Joshi,Consumer,India,Kochi,Kerala,South,OFF-BI-1001,Office Supplies,Binders,Ring Binder A4 (Pack of 10),2744.65,5,0.15,506.64
IN-2023-100988,2023-02-18,2023-02-23,Standard Class,CU-1134,Vihaan Joshi,Consumer,India,Kochi,Kerala,South,OFF-ST-1002,Office Supplies,Storage,Plastic Storage Box Set,1528.97,1,0.1,-32.7
IN-2023-100324,2023-02-20,2023-02-22,Second Class,CU-1321,Rahul Chopra,Consumer,India,Kochi,Kerala,South,FUR-BO-1002,Furniture,Bookcases,Steel Library Rack,100255.56,7,0,3647.62
IN-2023-100139,2023-02-22,2023-02-27,Standard Class,CU-1092,Neha Gupta,Corporate,India,New Delhi,Delhi,North,FUR-FU-1002,Furniture,Furnishings,Wall Clock Classic,1811.05,2,0,435.0
IN-2023-100139,2023-02-22,2023-02-27,Standard Class,CU-1092,Neha Gupta,Corporate,India,New Delhi,Delhi,North,OFF-AR-1001,Office Supplies,Art,Whiteboard Marker Set,673.74,2,0.2,47.66
IN-2023-100139,2023-02-22,2023-02-27,Standard Class,CU-1092,Neha Gupta,Corporate,India,New Delhi,Delhi,North,OFF-BI-1003,Office Supplies,Binders,Binding Machine Combs,2226.06,3,0,602.53
IN-2023-101453,2023-02-23,2023-02-25,Second Class,CU-1243,Vihaan Verma,Consumer,India,Kochi,Kerala,South,OFF-PA-1002,Office Supplies,Paper,Premium Photo Paper,2389.4,2,0.05,816.06
IN-2023-101453,2023-02-23,2023-02-25,Second Class,CU-1243,Vihaan Verma,Consumer,India,Kochi,Kerala,South,OFF-AR-1001,Office Supplies,Art,Whiteboard Marker Set,1089.12,3,0.1,177.7
IN-2023-101453,2023-02-23,2023-02-25,Second Class,CU-1243,Vihaan Verma,Consumer,India,Kochi,Kerala,South,FUR-FU-1003,Furniture,Furnishings,Office Curtain Set,2414.39,1,0.1,395.2
IN-2023-101006,2023-02-24,2023-03-03,Standard Class,CU-1024,Divya Rao,Home Office,India,Nagpur,Maharashtra,West,FUR-FU-1004,Furniture,Furnishings,Anti-Fatigue Floor Mat,1930.8,1,0,309.02
IN-2023-101314,2023-02-24,2023-02-24,Same Day,CU-1400,Divya Gupta,Home Office,India,Mysuru,Karnataka,South,OFF-AR-1002,Office Supplies,Art,Premium Pen Set,5726.66,5,0.15,651.62
IN-2023-101641,2023-02-24,2023-02-28,Second Class,CU-1426,Divya Kapoor,Consumer,India,Jaipur,Rajasthan,North,FUR-TA-1004,Furniture,Tables,Reception Counter,60451.12,2,0.05,-4408.7
IN-2023-101641,2023-02-24,2023-02-28,Second Class,CU-1426,Divya Kapoor,Consumer,India,Jaipur,Rajasthan,North,OFF-PA-1003,Office Supplies,Paper,Sticky Notes Bulk Pack,2336.12,4,0,836.8
IN-2023-101413,2023-02-25,2023-03-02,Standard Class,CU-1274,Yash Shah,Consumer,India,Mysuru,Karnataka,South,FUR-CH-1003,Furniture,Chairs,Mesh Back Task Chair,20051.89,4,0,3148.12
IN-2023-101413,2023-02-25,2023-03-02,Standard Class,CU-1274,Yash Shah,Consumer,India,Mysuru,Karnataka,South,OFF-PA-1004,Office Supplies,Paper,Thermal Roll Pack,1406.28,2,0.05,531.72
IN-2023-101413,2023-02-25,2023-03-02,Standard Class,CU-1274,Yash Shah,Consumer,India,Mysuru,Karnataka,South,TEC-AC-1003,Technology,Accessories,USB-C Hub 7-in-1,15892.69,8,0.2,2399.92
IN-2023-100548,2023-02-26,2023-03-05,Standard Class,CU-1170,Aditya Kapoor,Home Office,India,Kolkata,West Bengal,East,TEC-AC-1001,Technology,Accessories,Wireless Mouse,2213.72,3,0.2,263.54
IN-2023-100548,2023-02-26,2023-03-05,Standard Class,CU-1170,Aditya Kapoor,Home Office,India,Kolkata,West Bengal,East,FUR-FU-1003,Furniture,Furnishings,Office Curtain Set,16200.8,6,0,3248.06
IN-2023-101186,2023-02-28,2023-03-02,First Class,CU-1059,Arjun Iyer,Home Office,India,Kochi,Kerala,South,TEC-CO-1003,Technology,Copiers,Mono Laser Printer,50935.1,3,0.05,15542.78
IN-2023-101445,2023-03-04,2023-03-05,First Class,CU-1351,Diya Patel,Home Office,India,Surat,Gujarat,West,OFF-AR-1003,Office Supplies,Art,Highlighter Pack,809.42,4,0.2,50.86
IN-2023-101445,2023-03-04,2023-03-05,First Class,CU-1351,Diya Patel,Home Office,India,Surat,Gujarat,West,OFF-ST-1003,Office Supplies,Storage,Desk Organizer,915.53,1,0,95.37
IN-2023-100240,2023-03-05,2023-03-11,Standard Class,CU-1399,Ananya Bose,Consumer,India,Hyderabad,Telangana,South,OFF-BI-1003,Office Supplies,Binders,Binding Machine Combs,4547.97,6,0,1021.1
IN-2023-100240,2023-03-05,2023-03-11,Standard Class,CU-1399,Ananya Bose,Consumer,India,Hyderabad,Telangana,South,TEC-PH-1002,Technology,Phones,Smartphone Lite 64GB,28027.5,3,0.3,-3128.0
IN-2023-100259,2023-03-05,2023-03-08,Second Class,CU-1433,Aman Rao,Consumer,India,Panaji,Goa,West,OFF-BI-1002,Office Supplies,Binders,Heavy Duty Lever Arch File,1722.77,5,0,547.63
IN-2023-100349,2023-03-07,2023-03-14,Standard Class,CU-1014,Ananya Iyer,Consumer,India,Surat,Gujarat,West,OFF-AR-1002,Office Supplies,Art,Premium Pen Set,4518.24,4,0.15,556.1
IN-2023-100407,2023-03-09,2023-03-09,Same Day,CU-1342,Riya Bose,Corporate,India,Jaipur,Rajasthan,North,FUR-FU-1002,Furniture,Furnishings,Wall Clock Classic,3876.44,4,0,676.4
IN-2023-100407,2023-03-09,2023-03-09,Same Day,CU-1342,Riya Bose,Corporate,India,Jaipur,Rajasthan,North,OFF-PA-1003,Office Supplies,Paper,Sticky Notes Bulk Pack,544.85,1,0,211.15
IN-2023-100407,2023-03-09,2023-03-09,Same Day,CU-1342,Riya Bose,Corporate,India,Jaipur,Rajasthan,North,TEC-MA-1004,Technology,Machines,Paper Shredder 20-Sheet,54364.88,6,0.15,-4171.64
IN-2023-100577,2023-03-09,2023-03-15,Standard Class,CU-1050,Isha Iyer,Consumer,India,Hyderabad,Telangana,South,FUR-CH-1002,Furniture,Chairs,Executive Leather Chair,37412.13,2,0,4649.66
IN-2023-100636,2023-03-13,2023-03-19,Standard Class,CU-1315,Harsh Bose,Home Office,India,Noida,Uttar Pradesh,North,FUR-TA-1003,Furniture,Tables,Folding Training Table,42956.72,8,0.2,-7348.68
IN-2023-100636,2023-03-13,2023-03-19,Standard Class,CU-1315,Harsh Bose,Home Office,India,Noida,Uttar Pradesh,North,FUR-FU-1004,Furniture,Furnishings,Anti-Fatigue Floor Mat,1674.26,1,0.05,276.0
IN-2023-100845,2023-03-13,2023-03-17,Second Class,CU-1188,Arjun Nair,Consumer,India,Hyderabad,Telangana,South,OFF-BI-1002,Office Supplies,Binders,Heavy Duty Lever Arch File,2770.8,8,0,778.93
IN-2023-101366,2023-03-13,2023-03-18,Standard Class,CU-1244,Sneha Singh,Consumer,India,Bhubaneswar,Odisha,East,TEC-AC-1001,Technology,Accessories,Wireless Mouse,1960.69,2,0,531.39
IN-2023-101366,2023-03-13,2023-03-18,Standard Class,CU-1244,Sneha Singh,Consumer,India,Bhubaneswar,Odisha,East,FUR-BO-1002,Furniture,Bookcases,Steel Library Rack,14500.16,1,0,-384.64
IN-2023-101366,2023-03-13,2023-03-18,Standard Class,CU-1244,Sneha Singh,Consumer,India,Bhubaneswar,Odisha,East,OFF-BI-1002,Office Supplies,Binders,Heavy Duty Lever Arch File,1163.73,4,0.1,272.55
IN-2023-100041,2023-03-14,2023-03-21,Standard Class,CU-1180,Aditya Desai,Consumer,India,Hyderabad,Telangana,South,FUR-TA-1004,Furniture,Tables,Reception Counter,59908.47,2,0,-431.47
IN-2023-100041,2023-03-14,2023-03-21,Standard Class,CU-1180,Aditya Desai,Consumer,India,Hyderabad,Telangana,South,FUR-TA-1002,Furniture,Tables,Computer Desk,44315.96,5,0.05,-2938.79
IN-2023-100948,2023-03-14,2023-03-20,Standard Class,CU-1004,Priya Chopra,Consumer,India,Jaipur,Rajasthan,North,FUR-CH-1004,Furniture,Chairs,Visitor Chair Set,5395.27,2,0.3,-1127.22
IN-2023-100948,2023-03-14,2023-03-20,Standard Class,CU-1004,Priya Chopra,Consumer,India,Jaipur,Rajasthan,North,OFF-AR-1004,Office Supplies,Art,Artist Sketch Kit,1763.01,1,0,553.99
IN-2023-101665,2023-03-14,2023-03-16,Second Class,CU-1435,Neha Desai,Consumer,India,Surat,Gujarat,West,FUR-CH-1003,Furniture,Chairs,Mesh Back Task Chair,13537.75,3,0.15,-100.72
IN-2023-101665,2023-03-14,2023-03-16,Second Class,CU-1435,Neha Desai,Consumer,India,Surat,Gujarat,West,TEC-AC-1004,Technology,Accessories,Noise Cancelling Headset,13705.73,2,0.15,2414.9
IN-2023-101665,2023-03-14,2023-03-16,Second Class,CU-1435,Neha Desai,Consumer,India,Surat,Gujarat,West,OFF-PA-1002,Office Supplies,Paper,Premium Photo Paper,3655.77,3,0,1459.57
IN-2023-101665,2023-03-14,2023-03-16,Second Class,CU-1435,Neha Desai,Consumer,India,Surat,Gujarat,West,OFF-BI-1001,Office Supplies,Binders,Ring Binder A4 (Pack of 10),613.15,1,0,169.33
IN-2023-100511,2023-03-15,2023-03-19,Standard Class,CU-1239,Aman Patel,Consumer,India,Hyderabad,Telangana,South,OFF-BI-1003,Office Supplies,Binders,Binding Machine Combs,1591.78,3,0.3,24.4
IN-2023-100715,2023-03-17,2023-03-24,Standard Class,CU-1151,Pooja Menon,Consumer,India,Lucknow,Uttar Pradesh,North,FUR-CH-1003,Furniture,Chairs,Mesh Back Task Chair,12742.43,3,0.15,-372.95
IN-2023-100715,2023-03-17,2023-03-24,Standard Class,CU-1151,Pooja Menon,Consumer,India,Lucknow,Uttar Pradesh,North,FUR-BO-1004,Furniture,Bookcases,Modular Bookshelf,38930.37,5,0,3123.7
IN-2023-100715,2023-03-17,2023-03-24,Standard Class,CU-1151,Pooja Menon,Consumer,India,Lucknow,Uttar Pradesh,North,OFF-AR-1003,Office Supplies,Art,Highlighter Pack,801.25,3,0,240.05
IN-2023-100852,2023-03-17,2023-03-24,Standard Class,CU-1101,Ananya Iyer,Consumer,India,Bhubaneswar,Odisha,East,TEC-PH-1004,Technology,Phones,Conference Speakerphone,29806.61,3,0,4344.5
IN-2023-100484,2023-03-18,2023-03-24,Standard Class,CU-1044,Rahul Patel,Corporate,India,Coimbatore,Tamil Nadu,South,TEC-CO-1003,Technology,Copiers,Mono Laser Printer,34565.88,2,0,12806.23
IN-2023-101176,2023-03-19,2023-03-19,Same Day,CU-1182,Ananya Shah,Home Office,India,Hyderabad,Telangana,South,TEC-AC-1002,Technology,Accessories,Mechanical Keyboard,21255.03,6,0,6290.53
IN-2023-101299,2023-03-19,2023-03-19,Same Day,CU-1232,Aditya Menon,Home Office,India,Kochi,Kerala,South,FUR-FU-1001,Furniture,Furnishings,LED Desk Lamp,8841.42,6,0,1811.88
IN-2023-101299,2023-03-19,2023-03-19,Same Day,CU-1232,Aditya Menon,Home Office,India,Kochi,Kerala,South,TEC-MA-1002,Technology,Machines,Barcode Label Printer,64531.44,4,0,6289.04
IN-2023-100260,2023-03-22,2023-03-25,Second Class,CU-1123,Arjun Mehta,Consumer,India,Noida,Uttar Pradesh,North,FUR-FU-1002,Furniture,Furnishings,Wall Clock Classic,899.27,1,0.05,116.04
IN-2023-101538,2023-03-22,2023-03-25,Second Class,CU-1050,Isha Iyer,Consumer,India,Hyderabad,Telangana,South,OFF-ST-1003,Office Supplies,Storage,Desk Organizer,905.32,1,0,125.09
IN-2023-101538,2023-03-22,2023-03-25,Second Class,CU-1050,Isha Iyer,Consumer,India,Hyderabad,Telangana,South,OFF-PA-1001,Office Supplies,Paper,A4 Copier Paper 500 Sheets,257.43,1,0.3,29.34
IN-2023-101538,2023-03-22,2023-03-25,Second Class,CU-1050,Isha Iyer,Consumer,India,Hyderabad,Telangana,South,OFF-PA-1004,Office Supplies,Paper,Thermal Roll Pack,1688.62,3,0.2,223.81
IN-2023-100971,2023-03-23,2023-03-25,Second Class,CU-1093,Meera Chopra,Home Office,India,Coimbatore,Tamil Nadu,South,OFF-AR-1002,Office Supplies,Art,Premium Pen Set,1291.62,1,0,343.47
IN-2023-101316,2023-03-23,2023-03-27,Standard Class,CU-1299,Sneha Joshi,Consumer,India,Bhopal,Madhya Pradesh,Central,FUR-FU-1004,Furniture,Furnishings,Anti-Fatigue Floor Mat,3121.39,2,0.15,251.43
IN-2023-101489,2023-03-23,2023-03-26,Second Class,CU-1092,Neha Gupta,Corporate,India,New Delhi,Delhi,North,OFF-PA-1001,Office Supplies,Paper,A4 Copier Paper 500 Sheets,536.67,2,0.3,90.2
IN-2023-101489,2023-03-23,2023-03-26,Second Class,CU-1092,Neha Gupta,Corporate,India,New Delhi,Delhi,North,FUR-BO-1002,Furniture,Bookcases,Steel Library Rack,99778.95,7,0,3745.42
IN-2023-101489,2023-03-23,2023-03-26,Second Class,CU-1092,Neha Gupta,Corporate,India,New Delhi,Delhi,North,TEC-MA-1003,Technology,Machines,Laminating Machine,20479.39,3,0,3125.03
IN-2023-100384,2023-03-25,2023-03-26,First Class,CU-1436,Harsh Shah,Corporate,India,Ahmedabad,Gujarat,West,OFF-BI-1002,Office Supplies,Binders,Heavy Duty Lever Arch File,1014.07,3,0,379.41
IN-2023-100384,2023-03-25,2023-03-26,First Class,CU-1436,Harsh Shah,Corporate,India,Ahmedabad,Gujarat,West,OFF-PA-1003,Office Supplies,Paper,Sticky Notes Bulk Pack,2721.08,5,0,1032.21
IN-2023-100384,2023-03-25,2023-03-26,First Class,CU-1436,Harsh Shah,Corporate,India,Ahmedabad,Gujarat,West,FUR-CH-1001,Furniture,Chairs,Ergonomic Office Chair,34606.28,4,0,1895.88
IN-2023-100384,2023-03-25,2023-03-26,First Class,CU-1436,Harsh Shah,Corporate,India,Ahmedabad,Gujarat,West,TEC-MA-1004,Technology,Machines,Paper Shredder 20-Sheet,9690.83,1,0.15,-758.84
IN-2023-101097,2023-03-25,2023-03-31,Standard Class,CU-1407,Rohan Joshi,Consumer,India,New Delhi,Delhi,North,FUR-CH-1002,Furniture,Chairs,Executive Leather Chair,36698.04,2,0,5536.8
IN-2023-101261,2023-03-25,2023-03-29,Second Class,CU-1372,Varun Desai,Corporate,India,Mysuru,Karnataka,South,TEC-CO-1001,Technology,Copiers,Laser Copier Compact,77342.85,2,0.2,12725.91
IN-2023-101261,2023-03-25,2023-03-29,Second Class,CU-1372,Varun Desai,Corporate,India,Mysuru,Karnataka,South,TEC-AC-1003,Technology,Accessories,USB-C Hub 7-in-1,5018.37,2,0,1431.13
IN-2023-101261,2023-03-25,2023-03-29,Second Class,CU-1372,Varun Desai,Corporate,India,Mysuru,Karnataka,South,OFF-BI-1004,Office Supplies,Binders,Plastic Folder Set,686.04,2,0.2,83.07
IN-2023-100627,2023-03-27,2023-04-01,Standard Class,CU-1201,Karan Kulkarni,Consumer,India,Lucknow,Uttar Pradesh,North,OFF-AR-1001,Office Supplies,Art,Whiteboard Marker Set,818.88,2,0,199.07
IN-2023-100627,2023-03-27,2023-04-01,Standard Class,CU-1201,Karan Kulkarni,Consumer,India,Lucknow,Uttar Pradesh,North,TEC-MA-1001,Technology,Machines,Currency Counting Machine,7689.15,1,0.15,-475.66
IN-2023-100627,2023-03-27,2023-04-01,Standard Class,CU-1201,Karan Kulkarni,Consumer,India,Lucknow,Uttar Pradesh,North,OFF-AR-1003,Office Supplies,Art,Highlighter Pack,1514.11,6,0,424.09
IN-2023-100985,2023-03-27,2023-03-31,Second Class,CU-1285,Neha Kapoor,Home Office,India,Ahmedabad,Gujarat,West,OFF-BI-1001,Office Supplies,Binders,Ring Binder A4 (Pack of 10),449.2,1,0.3,23.48
IN-2023-100985,2023-03-27,2023-03-31,Second Class,CU-1285,Neha Kapoor,Home Office,India,Ahmedabad,Gujarat,West,OFF-ST-1004,Office Supplies,Storage,Wall Mount Shelf Box,10531.77,7,0.3,-1042.68
IN-2023-101149,2023-03-28,2023-03-29,First Class,CU-1391,Sanjana Patel,Corporate,India,Coimbatore,Tamil Nadu,South,OFF-ST-1003,Office Supplies,Storage,Desk Organizer,720.1,1,0.15,-10.62
IN-2023-101149,2023-03-28,2023-03-29,First Class,CU-1391,Sanjana Patel,Corporate,India,Coimbatore,Tamil Nadu,South,OFF-BI-1002,Office Supplies,Binders,Heavy Duty Lever Arch File,628.63,2,0.1,107.22
IN-2023-100731,2023-04-01,2023-04-07,Standard Class,CU-1391,Sanjana Patel,Corporate,India,Coimbatore,Tamil Nadu,South,TEC-PH-1003,Technology,Phones,IP Desk Phone,31129.3,5,0,5712.56
IN-2023-101101,2023-04-01,2023-04-05,Second Class,CU-1058,Tanvi Kulkarni,Consumer,India,Ahmedabad,Gujarat,West,OFF-BI-1003,Office Supplies,Binders,Binding Machine Combs,1388.23,2,0.15,230.52
IN-2023-101101,2023-04-01,2023-04-05,Second Class,CU-1058,Tanvi Kulkarni,Consumer,India,Ahmedabad,Gujarat,West,FUR-FU-1002,Furniture,Furnishings,Wall Clock Classic,935.62,1,0,210.26
IN-2023-101101,2023-04-01,2023-04-05,Second Class,CU-1058,Tanvi Kulkarni,Consumer,India,Ahmedabad,Gujarat,West,TEC-CO-1002,Technology,Copiers,Multifunction Copier Pro,81862.62,1,0,19406.02
IN-2023-101101,2023-04-01,2023-04-05,Second Class,CU-1058,Tanvi Kulkarni,Consumer,India,Ahmedabad,Gujarat,West,FUR-FU-1003,Furniture,Furnishings,Office Curtain Set,2862.77,1,0,493.73
IN-2023-100350,2023-04-02,2023-04-06,Standard Class,CU-1364,Shruti Reddy,Corporate,India,Panaji,Goa,West,OFF-BI-1002,Office Supplies,Binders,Heavy Duty Lever Arch File,1083.8,4,0.2,185.14
IN-2023-100350,2023-04-02,2023-04-06,Standard Class,CU-1364,Shruti Reddy,Corporate,India,Panaji,Goa,West,OFF-AR-1003,Office Supplies,Art,Highlighter Pack,429.33,2,0.2,46.8
IN-2023-100350,2023-04-02,2023-04-06,Standard Class,CU-1364,Shruti Reddy,Corporate,India,Panaji,Goa,West,TEC-AC-1001,Technology,Accessories,Wireless Mouse,960.16,1,0,267.97
IN-2023-100782,2023-04-02,2023-04-06,Second Class,CU-1203,Sneha Joshi,Home Office,India,Mysuru,Karnataka,South,FUR-FU-1003,Furniture,Furnishings,Office Curtain Set,19897.63,7,0,5233.67
IN-2023-100530,2023-04-03,2023-04-03,Same Day,CU-1002,Aman Menon,Consumer,India,Panaji,Goa,West,OFF-PA-1003,Office Supplies,Paper,Sticky Notes Bulk Pack,1602.52,3,0,575.39
IN-2023-101094,2023-04-03,2023-04-06,First Class,CU-1212,Arjun Bose,Corporate,India,Kolkata,West Bengal,East,TEC-AC-1003,Technology,Accessories,USB-C Hub 7-in-1,6024.33,3,0.2,316.31
IN-2023-100620,2023-04-05,2023-04-06,First Class,CU-1116,Pooja Sharma,Consumer,India,Patna,Bihar,East,OFF-AR-1003,Office Supplies,Art,Highlighter Pack,1026.23,4,0.05,140.41
IN-2023-100620,2023-04-05,2023-04-06,First Class,CU-1116,Pooja Sharma,Consumer,India,Patna,Bihar,East,FUR-TA-1004,Furniture,Tables,Reception Counter,31713.09,1,0,-1264.65
IN-2023-100741,2023-04-06,2023-04-10,Second Class,CU-1128,Aman Patel,Consumer,India,Ahmedabad,Gujarat,West,OFF-ST-1003,Office Supplies,Storage,Desk Organizer,728.96,1,0.15,-19.22
IN-2023-100956,2023-04-06,2023-04-08,Second Class,CU-1305,Sneha Patel,Home Office,India,Pune,Maharashtra,West,TEC-CO-1003,Technology,Copiers,Mono Laser Printer,90787.47,6,0.1,17067.81
IN-2023-100592,2023-04-09,2023-04-13,Second Class,CU-1405,Rohan Pillai,Consumer,India,Lucknow,Uttar Pradesh,North,FUR-FU-1002,Furniture,Furnishings,Wall Clock Classic,1964.6,2,0,470.68
IN-2023-100449,2023-04-10,2023-04-16,Standard Class,CU-1158,Sanjana Gupta,Home Office,India,Kochi,Kerala,South,TEC-PH-1002,Technology,Phones,Smartphone Lite 64GB,24520.73,2,0,4135.97
IN-2023-100449,2023-04-10,2023-04-16,Standard Class,CU-1158,Sanjana Gupta,Home Office,India,Kochi,Kerala,South,FUR-CH-1003,Furniture,Chairs,Mesh Back Task Chair,15025.97,4,0.3,-2337.68
IN-2023-100449,2023-04-10,2023-04-16,Standard Class,CU-1158,Sanjana Gupta,Home Office,India,Kochi,Kerala,South,OFF-ST-1003,Office Supplies,Storage,Desk Organizer,1473.94,2,0.15,15.93
IN-2023-100806,2023-04-11,2023-04-15,Standard Class,CU-1188,Arjun Nair,Consumer,India,Hyderabad,Telangana,South,FUR-FU-1001,Furniture,Furnishings,LED Desk Lamp,4372.86,3,0,1065.6
IN-2023-100590,2023-04-12,2023-04-18,Standard Class,CU-1158,Sanjana Gupta,Home Office,India,Kochi,Kerala,South,FUR-FU-1001,Furniture,Furnishings,LED Desk Lamp,3554.15,3,0.2,32.91
IN-2023-100590,2023-04-12,2023-04-18,Standard Class,CU-1158,Sanjana Gupta,Home Office,India,Kochi,Kerala,South,TEC-PH-1003,Technology,Phones,IP Desk Phone,6101.54,1,0.05,576.42
IN-2023-100590,2023-04-12,2023-04-18,Standard Class,CU-1158,Sanjana Gupta,Home Office,India,Kochi,Kerala,South,FUR-FU-1004,Furniture,Furnishings,Anti-Fatigue Floor Mat,1865.4,1,0,380.01
IN-2023-100590,2023-04-12,2023-04-18,Standard Class,CU-1158,Sanjana Gupta,Home Office,India,Kochi,Kerala,South,OFF-BI-1003,Office Supplies,Binders,Binding Machine Combs,1081.72,2,0.3,37.87
IN-2023-100422,2023-04-13,2023-04-19,Standard Class,CU-1116,Pooja Sharma,Consumer,India,Patna,Bihar,East,OFF-AR-1002,Office Supplies,Art,Premium Pen Set,4046.69,3,0,1056.18
IN-2023-100422,2023-04-13,2023-04-19,Standard Class,CU-1116,Pooja Sharma,Consumer,India,Patna,Bihar,East,TEC-MA-1004,Technology,Machines,Paper Shredder 20-Sheet,10488.18,1,0.05,-104.9
IN-2023-100422,2023-04-13,2023-04-19,Standard Class,CU-1116,Pooja Sharma,Consumer,India,Patna,Bihar,East,TEC-CO-1002,Technology,Copiers,Multifunction Copier Pro,478953.6,6,0,156453.64
IN-2023-100422,2023-04-13,2023-04-19,Standard Class,CU-1116,Pooja Sharma,Consumer,India,Patna,Bihar,East,FUR-FU-1001,Furniture,Furnishings,LED Desk Lamp,4428.05,3,0,1039.77
IN-2023-100118,2023-04-14,2023-04-20,Standard Class,CU-1187,Tanvi Iyer,Corporate,India,Lucknow,Uttar Pradesh,North,OFF-BI-1001,Office Supplies,Binders,Ring Binder A4 (Pack of 10),649.71,1,0,259.99
IN-2023-100118,2023-04-14,2023-04-20,Standard Class,CU-1187,Tanvi Iyer,Corporate,India,Lucknow,Uttar Pradesh,North,OFF-AR-1002,Office Supplies,Art,Premium Pen Set,5286.0,4,0.05,744.92
IN-2023-100118,2023-04-14,2023-04-20,Standard Class,CU-1187,Tanvi Iyer,Corporate,India,Lucknow,Uttar Pradesh,North,FUR-FU-1002,Furniture,Furnishings,Wall Clock Classic,3789.74,4,0,656.2
IN-2023-101100,2023-04-17,2023-04-19,Second Class,CU-1260,Rohan Kulkarni,Consumer,India,Nagpur,Maharashtra,West,OFF-ST-1001,Office Supplies,Storage,Steel Filing Cabinet,24103.99,2,0.1,466.57
IN-2023-101100,2023-04-17,2023-04-19,Second Class,CU-1260,Rohan Kulkarni,Consumer,India,Nagpur,Maharashtra,West,FUR-FU-1003,Furniture,Furnishings,Office Curtain Set,2328.58,1,0.15,135.95
IN-2023-100518,2023-04-19,2023-04-24,Standard Class,CU-1169,Sneha Menon,Corporate,India,Chennai,Tamil Nadu,South,OFF-AR-1004,Office Supplies,Art,Artist Sketch Kit,2748.15,2,0.2,386.27
IN-2023-101036,2023-04-19,2023-04-21,Second Class,CU-1407,Rohan Joshi,Consumer,India,New Delhi,Delhi,North,FUR-BO-1003,Furniture,Bookcases,Corner Display Unit,8849.69,1,0,921.34
IN-2023-100807,2023-04-20,2023-04-23,First Class,CU-1236,Nikhil Nair,Corporate,India,Mumbai,Maharashtra,West,TEC-PH-1002,Technology,Phones,Smartphone Lite 64GB,8745.34,1,0.3,-865.49
IN-2023-100807,2023-04-20,2023-04-23,First Class,CU-1236,Nikhil Nair,Corporate,India,Mumbai,Maharashtra,West,FUR-TA-1001,Furniture,Tables,Conference Table 8-Seater,43798.18,1,0,10.15
IN-2023-100659,2023-04-21,2023-04-28,Standard Class,CU-1079,Diya Rao,Corporate,India,Chennai,Tamil Nadu,South,OFF-PA-1003,Office Supplies,Paper,Sticky Notes Bulk Pack,550.81,1,0,208.41
IN-2023-100659,2023-04-21,2023-04-28,Standard Class,CU-1079,Diya Rao,Corporate,India,Chennai,Tamil Nadu,South,OFF-PA-1001,Office Supplies,Paper,A4 Copier Paper 500 Sheets,1301.78,5,0.3,131.6
IN-2023-100659,2023-04-21,2023-04-28,Standard Class,CU-1079,Diya Rao,Corporate,India,Chennai,Tamil Nadu,South,FUR-FU-1001,Furniture,Furnishings,LED Desk Lamp,3741.45,3,0.1,350.3
IN-2023-100659,2023-04-21,2023-04-28,Standard Class,CU-1079,Diya Rao,Corporate,India,Chennai,Tamil Nadu,South,OFF-PA-1004,Office Supplies,Paper,Thermal Roll Pack,2208.4,3,0,755.98
IN-2023-101099,2023-04-21,2023-04-21,Same Day,CU-1404,Harsh Shah,Consumer,India,Noida,Uttar Pradesh,North,OFF-BI-1004,Office Supplies,Binders,Plastic Folder Set,2196.42,5,0.05,562.4
IN-2023-101093,2023-04-22,2023-04-26,Second Class,CU-1069,Arjun Kulkarni,Consumer,India,Hyderabad,Telangana,South,TEC-AC-1004,Technology,Accessories,Noise Cancelling Headset,15532.82,2,0,3895.37
IN-2023-101093,2023-04-22,2023-04-26,Second Class,CU-1069,Arjun Kulkarni,Consumer,India,Hyderabad,Telangana,South,TEC-AC-1001,Technology,Accessories,Wireless Mouse,2542.84,3,0.15,281.97
IN-2023-101093,2023-04-22,2023-04-26,Second Class,CU-1069,Arjun Kulkarni,Consumer,India,Hyderabad,Telangana,South,OFF-BI-1003,Office Supplies,Binders,Binding Machine Combs,781.66,1,0,208.5
IN-2023-101459,2023-04-22,2023-04-26,Second Class,CU-1117,Neha Shah,Corporate,India,Nagpur,Maharashtra,West,FUR-FU-1003,Furniture,Furnishings,Office Curtain Set,12696.58,5,0.1,1921.65
IN-2023-100594,2023-04-24,2023-04-29,Standard Class,CU-1117,Neha Shah,Corporate,India,Nagpur,Maharashtra,West,OFF-PA-1002,Office Supplies,Paper,Premium Photo Paper,1193.67,1,0.05,421.15
IN-2023-100594,2023-04-24,2023-04-29,Standard Class,CU-1117,Neha Shah,Corporate,India,Nagpur,Maharashtra,West,FUR-TA-1003,Furniture,Tables,Folding Training Table,6763.99,1,0,19.31
IN-2023-101041,2023-04-24,2023-04-29,Standard Class,CU-1104,Aman Mehta,Consumer,India,Ahmedabad,Gujarat,West,OFF-BI-1002,Office Supplies,Binders,Heavy Duty Lever Arch File,666.72,2,0,216.92
IN-2023-101041,2023-04-24,2023-04-29,Standard Class,CU-1104,Aman Mehta,Consumer,India,Ahmedabad,Gujarat,West,OFF-ST-1003,Office Supplies,Storage,Desk Organizer,5217.69,6,0,419.42
IN-2023-101041,2023-04-24,2023-04-29,Standard Class,CU-1104,Aman Mehta,Consumer,India,Ahmedabad,Gujarat,West,FUR-CH-1002,Furniture,Chairs,Executive Leather Chair,16839.56,1,0.1,-70.59
IN-2023-101041,2023-04-24,2023-04-29,Standard Class,CU-1104,Aman Mehta,Consumer,India,Ahmedabad,Gujarat,West,OFF-BI-1003,Office Supplies,Binders,Binding Machine Combs,2040.6,3,0.1,496.12
IN-2023-100595,2023-04-25,2023-04-28,Second Class,CU-1051,Pooja Mehta,Consumer,India,New Delhi,Delhi,North,TEC-PH-1001,Technology,Phones,Smartphone Pro 128GB,66905.34,2,0,12386.37
IN-2023-100595,2023-04-25,2023-04-28,Second Class,CU-1051,Pooja Mehta,Consumer,India,New Delhi,Delhi,North,FUR-BO-1001,Furniture,Bookcases,Wooden Bookcase 5-Shelf,11039.86,1,0,378.37
IN-2023-100688,2023-04-25,2023-04-30,Standard Class,CU-1187,Tanvi Iyer,Corporate,India,Lucknow,Uttar Pradesh,North,FUR-CH-1004,Furniture,Chairs,Visitor Chair Set,3734.34,1,0,525.81
IN-2023-100688,2023-04-25,2023-04-30,Standard Class,CU-1187,Tanvi Iyer,Corporate,India,Lucknow,Uttar Pradesh,North,FUR-BO-1004,Furniture,Bookcases,Modular Bookshelf,7009.26,1,0.1,-357.0
IN-2023-100688,2023-04-25,2023-04-30,Standard Class,CU-1187,Tanvi Iyer,Corporate,India,Lucknow,Uttar Pradesh,North,OFF-BI-1002,Office Supplies,Binders,Heavy Duty Lever Arch File,1755.1,5,0,419.04
IN-2023-100895,2023-04-25,2023-04-25,Same Day,CU-1421,Aman Das,Corporate,India,Panaji,Goa,West,OFF-AR-1004,Office Supplies,Art,Artist Sketch Kit,8374.15,5,0.05,1602.83
IN-2023-100895,2023-04-25,2023-04-25,Same Day,CU-1421,Aman Das,Corporate,India,Panaji,Goa,West,OFF-AR-1003,Office Supplies,Art,Highlighter Pack,496.2,2,0,156.05
IN-2023-100083,2023-04-27,2023-05-03,Standard Class,CU-1105,Nikhil Kapoor,Home Office,India,Ahmedabad,Gujarat,West,FUR-CH-1003,Furniture,Chairs,Mesh Back Task Chair,21041.51,4,0,2026.38
IN-2023-100083,2023-04-27,2023-05-03,Standard Class,CU-1105,Nikhil Kapoor,Home Office,India,Ahmedabad,Gujarat,West,OFF-AR-1001,Office Supplies,Art,Whiteboard Marker Set,1290.54,3,0,300.3
IN-2023-100083,2023-04-27,2023-05-03,Standard Class,CU-1105,Nikhil Kapoor,Home Office,India,Ahmedabad,Gujarat,West,TEC-PH-1001,Technology,Phones,Smartphone Pro 128GB,133629.39,4,0.05,13888.83
IN-2023-100629,2023-05-02,2023-05-08,Standard Class,CU-1058,Tanvi Kulkarni,Consumer,India,Ahmedabad,Gujarat,West,OFF-PA-1001,Office Supplies,Paper,A4 Copier Paper 500 Sheets,311.86,1,0.2,58.76
IN-2023-100629,2023-05-02,2023-05-08,Standard Class,CU-1058,Tanvi Kulkarni,Consumer,India,Ahmedabad,Gujarat,West,FUR-FU-1003,Furniture,Furnishings,Office Curtain Set,2454.81,1,0.1,337.43
IN-2023-100398,2023-05-03,2023-05-05,Second Class,CU-1374,Sanjana Iyer,Home Office,India,Bengaluru,Karnataka,South,FUR-TA-1003,Furniture,Tables,Folding Training Table,19974.65,3,0,-1909.87
IN-2023-100414,2023-05-04,2023-05-08,Standard Class,CU-1274,Yash Shah,Consumer,India,Mysuru,Karnataka,South,FUR-CH-1003,Furniture,Chairs,Mesh Back Task Chair,5151.06,1,0.05,339.68
IN-2023-100359,2023-05-05,2023-05-09,Standard Class,CU-1122,Pooja Singh,Consumer,India,Nagpur,Maharashtra,West,OFF-ST-1003,Office Supplies,Storage,Desk Organizer,4630.23,6,0.1,4.8
IN-2023-100359,2023-05-05,2023-05-09,Standard Class,CU-1122,Pooja Singh,Consumer,India,Nagpur,Maharashtra,West,FUR-CH-1003,Furniture,Chairs,Mesh Back Task Chair,17941.75,4,0.15,881.02
IN-2023-100359,2023-05-05,2023-05-09,Standard Class,CU-1122,Pooja Singh,Consumer,India,Nagpur,Maharashtra,West,OFF-BI-1001,Office Supplies,Binders,Ring Binder A4 (Pack of 10),549.22,1,0.1,117.34
IN-2023-100359,2023-05-05,2023-05-09,Standard Class,CU-1122,Pooja Singh,Consumer,India,Nagpur,Maharashtra,West,TEC-CO-1001,Technology,Copiers,Laser Copier Compact,392192.85,8,0,138376.2
IN-2023-101324,2023-05-05,2023-05-10,Standard Class,CU-1257,Divya Verma,Consumer,India,Surat,Gujarat,West,OFF-AR-1004,Office Supplies,Art,Artist Sketch Kit,2779.9,2,0.2,432.49
IN-2023-100786,2023-05-06,2023-05-10,Standard Class,CU-1243,Vihaan Verma,Consumer,India,Kochi,Kerala,South,OFF-PA-1004,Office Supplies,Paper,Thermal Roll Pack,1905.74,3,0.1,588.0
IN-2023-100786,2023-05-06,2023-05-10,Standard Class,CU-1243,Vihaan Verma,Consumer,India,Kochi,Kerala,South,FUR-FU-1003,Furniture,Furnishings,Office Curtain Set,2750.3,1,0.05,511.22
IN-2023-100786,2023-05-06,2023-05-10,Standard Class,CU-1243,Vihaan Verma,Consumer,India,Kochi,Kerala,South,OFF-PA-1003,Office Supplies,Paper,Sticky Notes Bulk Pack,1065.92,2,0,397.37
IN-2023-101518,2023-05-06,2023-05-07,First Class,CU-1170,Aditya Kapoor,Home Office,India,Kolkata,West Bengal,East,OFF-PA-1003,Office Supplies,Paper,Sticky Notes Bulk Pack,3429.38,6,0,1274.6
IN-2023-101518,2023-05-06,2023-05-07,First Class,CU-1170,Aditya Kapoor,Home Office,India,Kolkata,West Bengal,East,FUR-BO-1004,Furniture,Bookcases,Modular Bookshelf,16215.27,3,0.3,-3013.89
IN-2023-100172,2023-05-07,2023-05-11,Standard Class,CU-1239,Aman Patel,Consumer,India,Hyderabad,Telangana,South,FUR-BO-1001,Furniture,Bookcases,Wooden Bookcase 5-Shelf,48454.88,5,0.15,-3913.73
IN-2023-100172,2023-05-07,2023-05-11,Standard Class,CU-1239,Aman Patel,Consumer,India,Hyderabad,Telangana,South,OFF-ST-1004,Office Supplies,Storage,Wall Mount Shelf Box,2139.9,1,0,351.67
IN-2023-100735,2023-05-08,2023-05-15,Standard Class,CU-1013,Swati Patel,Consumer,India,Coimbatore,Tamil Nadu,South,OFF-ST-1002,Office Supplies,Storage,Plastic Storage Box Set,4926.36,3,0,775.87
IN-2023-100735,2023-05-08,2023-05-15,Standard Class,CU-1013,Swati Patel,Consumer,India,Coimbatore,Tamil Nadu,South,TEC-PH-1003,Technology,Phones,IP Desk Phone,11003.22,2,0.1,1237.58
IN-2023-100446,2023-05-10,2023-05-14,Standard Class,CU-1359,Swati Menon,Consumer,India,Amritsar,Punjab,North,TEC-MA-1004,Technology,Machines,Paper Shredder 20-Sheet,19862.06,2,0.1,-1727.18
IN-2023-100446,2023-05-10,2023-05-14,Standard Class,CU-1359,Swati Menon,Consumer,India,Amritsar,Punjab,North,OFF-AR-1004,Office Supplies,Art,Artist Sketch Kit,1742.79,1,0,430.75
IN-2023-100820,2023-05-11,2023-05-15,Standard Class,CU-1131,Aman Kapoor,Consumer,India,Jaipur,Rajasthan,North,OFF-AR-1002,Office Supplies,Art,Premium Pen Set,6175.27,5,0.05,755.63
IN-2023-100820,2023-05-11,2023-05-15,Standard Class,CU-1131,Aman Kapoor,Consumer,India,Jaipur,Rajasthan,North,FUR-CH-1004,Furniture,Chairs,Visitor Chair Set,7811.29,2,0,770.33
IN-2023-100820,2023-05-11,2023-05-15,Standard Class,CU-1131,Aman Kapoor,Consumer,India,Jaipur,Rajasthan,North,OFF-BI-1003,Office Supplies,Binders,Binding Machine Combs,1316.54,2,0.15,302.19
IN-2023-100820,2023-05-11,2023-05-15,Standard Class,CU-1131,Aman Kapoor,Consumer,India,Jaipur,Rajasthan,North,OFF-PA-1004,Office Supplies,Paper,Thermal Roll Pack,714.71,1,0,261.67
IN-2023-100234,2023-05-15,2023-05-16,First Class,CU-1111,Shruti Nair,Consumer,India,Surat,Gujarat,West,OFF-PA-1001,Office Supplies,Paper,A4 Copier Paper 500 Sheets,2380.6,8,0.2,562.69
IN-2023-100234,2023-05-15,2023-05-16,First Class,CU-1111,Shruti Nair,Consumer,India,Surat,Gujarat,West,OFF-PA-1001,Office Supplies,Paper,A4 Copier Paper 500 Sheets,1963.75,5,0,550.47
IN-2023-100360,2023-05-15,2023-05-17,Second Class,CU-1446,Nikhil Shah,Corporate,India,New Delhi,Delhi,North,TEC-MA-1001,Technology,Machines,Currency Counting Machine,9811.98,1,0,661.42
IN-2023-100360,2023-05-15,2023-05-17,Second Class,CU-1446,Nikhil Shah,Corporate,India,New Delhi,Delhi,North,OFF-ST-1001,Office Supplies,Storage,Steel Filing Cabinet,49849.91,4,0,6855.97
IN-2023-100589,2023-05-15,2023-05-22,Standard Class,CU-1359,Swati Menon,Consumer,India,Amritsar,Punjab,North,OFF-BI-1001,Office Supplies,Binders,Ring Binder A4 (Pack of 10),598.18,1,0,180.4
IN-2023-100753,2023-05-16,2023-05-18,First Class,CU-1203,Sneha Joshi,Home Office,India,Mysuru,Karnataka,South,OFF-BI-1004,Office Supplies,Binders,Plastic Folder Set,2082.62,5,0.05,556.4
IN-2023-100753,2023-05-16,2023-05-18,First Class,CU-1203,Sneha Joshi,Home Office,India,Mysuru,Karnataka,South,OFF-ST-1003,Office Supplies,Storage,Desk Organizer,2563.38,3,0,220.19
IN-2023-101240,2023-05-16,2023-05-18,Second Class,CU-1443,Harsh Verma,Home Office,India,Indore,Madhya Pradesh,Central,TEC-AC-1003,Technology,Accessories,USB-C Hub 7-in-1,9196.73,4,0,2484.48
IN-2023-101240,2023-05-16,2023-05-18,Second Class,CU-1443,Harsh Verma,Home Office,India,Indore,Madhya Pradesh,Central,OFF-AR-1003,Office Supplies,Art,Highlighter Pack,1196.82,5,0.1,163.9
IN-2023-101181,2023-05-19,2023-05-23,Standard Class,CU-1404,Harsh Shah,Consumer,India,Noida,Uttar Pradesh,North,OFF-AR-1002,Office Supplies,Art,Premium Pen Set,2789.5,2,0,669.08
IN-2023-101363,2023-05-19,2023-05-21,First Class,CU-1090,Ananya Gupta,Consumer,India,Ahmedabad,Gujarat,West,OFF-ST-1002,Office Supplies,Storage,Plastic Storage Box Set,3226.59,2,0,355.96
IN-2023-101363,2023-05-19,2023-05-21,First Class,CU-1090,Ananya Gupta,Consumer,India,Ahmedabad,Gujarat,West,TEC-MA-1004,Technology,Machines,Paper Shredder 20-Sheet,11335.05,1,0,685.19
IN-2023-101363,2023-05-19,2023-05-21,First Class,CU-1090,Ananya Gupta,Consumer,India,Ahmedabad,Gujarat,West,OFF-BI-1003,Office Supplies,Binders,Binding Machine Combs,2038.88,3,0.1,434.04
IN-2023-100272,2023-05-20,2023-05-25,Standard Class,CU-1190,Varun Pillai,Consumer,India,Surat,Gujarat,West,OFF-AR-1001,Office Supplies,Art,Whiteboard Marker Set,323.68,1,0.2,29.85
IN-2023-100272,2023-05-20,2023-05-25,Standard Class,CU-1190,Varun Pillai,Consumer,India,Surat,Gujarat,West,OFF-BI-1002,Office Supplies,Binders,Heavy Duty Lever Arch File,1041.76,3,0,294.97
IN-2023-101544,2023-05-21,2023-05-26,Standard Class,CU-1318,Yash Singh,Corporate,India,Kochi,Kerala,South,FUR-BO-1004,Furniture,Bookcases,Modular Bookshelf,26936.14,5,0.3,-6071.31
IN-2023-101544,2023-05-21,2023-05-26,Standard Class,CU-1318,Yash Singh,Corporate,India,Kochi,Kerala,South,TEC-AC-1001,Technology,Accessories,Wireless Mouse,2561.41,3,0.1,554.17
IN-2023-101596,2023-05-21,2023-05-23,First Class,CU-1319,Divya Singh,Consumer,India,Raipur,Chhattisgarh,Central,OFF-PA-1004,Office Supplies,Paper,Thermal Roll Pack,603.55,1,0.15,135.27
IN-2023-101596,2023-05-21,2023-05-23,First Class,CU-1319,Divya Singh,Consumer,India,Raipur,Chhattisgarh,Central,FUR-BO-1001,Furniture,Bookcases,Wooden Bookcase 5-Shelf,63732.96,6,0.05,-1572.65
IN-2023-101596,2023-05-21,2023-05-23,First Class,CU-1319,Divya Singh,Consumer,India,Raipur,Chhattisgarh,Central,FUR-CH-1004,Furniture,Chairs,Visitor Chair Set,3899.9,1,0,440.77
IN-2023-100672,2023-05-25,2023-05-29,Second Class,CU-1042,Meera Sharma,Home Office,India,Kolkata,West Bengal,East,FUR-CH-1003,Furniture,Chairs,Mesh Back Task Chair,26610.07,5,0,6730.82
IN-2023-101202,2023-05-25,2023-05-30,Standard Class,CU-1238,Rohan Verma,Consumer,India,Hyderabad,Telangana,South,OFF-AR-1003,Office Supplies,Art,Highlighter Pack,1083.58,6,0.3,-7.53
IN-2023-101639,2023-05-26,2023-06-02,Standard Class,CU-1230,Aman Menon,Corporate,India,Mysuru,Karnataka,South,FUR-FU-1003,Furniture,Furnishings,Office Curtain Set,5764.19,3,0.3,-620.08
IN-2023-101182,2023-05-27,2023-05-28,First Class,CU-1298,Yash Singh,Corporate,India,Noida,Uttar Pradesh,North,FUR-FU-1002,Furniture,Furnishings,Wall Clock Classic,915.77,1,0.05,148.8
IN-2023-101266,2023-05-28,2023-06-02,Standard Class,CU-1074,Harsh Desai,Consumer,India,Raipur,Chhattisgarh,Central,OFF-AR-1004,Office Supplies,Art,Artist Sketch Kit,3369.65,2,0,776.33
IN-2023-101266,2023-05-28,2023-06-02,Standard Class,CU-1074,Harsh Desai,Consumer,India,Raipur,Chhattisgarh,Central,OFF-AR-1003,Office Supplies,Art,Highlighter Pack,1796.98,7,0.05,412.99
IN-2023-101266,2023-05-28,2023-06-02,Standard Class,CU-1074,Harsh Desai,Consumer,India,Raipur,Chhattisgarh,Central,OFF-AR-1003,Office Supplies,Art,Highlighter Pack,562.68,3,0.3,0.55
IN-2023-100905,2023-06-04,2023-06-07,Second Class,CU-1298,Yash Singh,Corporate,India,Noida,Uttar Pradesh,North,TEC-PH-1003,Technology,Phones,IP Desk Phone,15306.81,3,0.15,-428.66
IN-2023-100905,2023-06-04,2023-06-07,Second Class,CU-1298,Yash Singh,Corporate,India,Noida,Uttar Pradesh,North,TEC-CO-1002,Technology,Copiers,Multifunction Copier Pro,310259.3,4,0.05,71647.96
IN-2023-100905,2023-06-04,2023-06-07,Second Class,CU-1298,Yash Singh,Corporate,India,Noida,Uttar Pradesh,North,OFF-BI-1004,Office Supplies,Binders,Plastic Folder Set,1338.36,3,0.05,303.3
IN-2023-100967,2023-06-04,2023-06-08,Standard Class,CU-1293,Tanvi Kulkarni,Consumer,India,Kochi,Kerala,South,TEC-AC-1003,Technology,Accessories,USB-C Hub 7-in-1,4730.96,2,0,1598.89
IN-2023-101139,2023-06-06,2023-06-08,Second Class,CU-1242,Sanjana Chopra,Corporate,India,Mysuru,Karnataka,South,OFF-ST-1001,Office Supplies,Storage,Steel Filing Cabinet,30789.38,3,0.2,-403.07
IN-2023-101139,2023-06-06,2023-06-08,Second Class,CU-1242,Sanjana Chopra,Corporate,India,Mysuru,Karnataka,South,FUR-CH-1001,Furniture,Chairs,Ergonomic Office Chair,6867.15,1,0.2,-227.23
IN-2023-101139,2023-06-06,2023-06-08,Second Class,CU-1242,Sanjana Chopra,Corporate,India,Mysuru,Karnataka,South,FUR-BO-1001,Furniture,Bookcases,Wooden Bookcase 5-Shelf,18626.24,2,0.15,-839.57
IN-2023-101139,2023-06-06,2023-06-08,Second Class,CU-1242,Sanjana Chopra,Corporate,India,Mysuru,Karnataka,South,OFF-AR-1002,Office Supplies,Art,Premium Pen Set,1131.4,1,0.2,144.56
IN-2023-100150,2023-06-07,2023-06-11,Standard Class,CU-1395,Riya Mehta,Home Office,India,Kolkata,West Bengal,East,TEC-MA-1004,Technology,Machines,Paper Shredder 20-Sheet,27211.11,3,0.2,-5838.85
IN-2023-101002,2023-06-07,2023-06-13,Standard Class,CU-1068,Divya Kulkarni,Consumer,India,Hyderabad,Telangana,South,TEC-MA-1003,Technology,Machines,Laminating Machine,45894.18,7,0,32.19
IN-2023-101074,2023-06-07,2023-06-12,Standard Class,CU-1153,Swati Shah,Home Office,India,Noida,Uttar Pradesh,North,OFF-PA-1004,Office Supplies,Paper,Thermal Roll Pack,2629.88,4,0.05,904.7
IN-2023-100056,2023-06-09,2023-06-15,Standard Class,CU-1347,Arjun Kapoor,Corporate,India,Hyderabad,Telangana,South,OFF-ST-1004,Office Supplies,Storage,Wall Mount Shelf Box,6307.25,3,0,502.7
IN-2023-100056,2023-06-09,2023-06-15,Standard Class,CU-1347,Arjun Kapoor,Corporate,India,Hyderabad,Telangana,South,OFF-BI-1004,Office Supplies,Binders,Plastic Folder Set,1256.65,3,0.05,237.98
IN-2023-100079,2023-06-11,2023-06-11,Same Day,CU-1413,Aditya Bose,Home Office,India,Bhubaneswar,Odisha,East,OFF-PA-1001,Office Supplies,Paper,A4 Copier Paper 500 Sheets,1042.6,4,0.3,74.17
IN-2023-100232,2023-06-11,2023-06-16,Standard Class,CU-1299,Sneha Joshi,Consumer,India,Bhopal,Madhya Pradesh,Central,TEC-PH-1001,Technology,Phones,Smartphone Pro 128GB,131411.17,4,0,22156.58
IN-2023-100232,2023-06-11,2023-06-16,Standard Class,CU-1299,Sneha Joshi,Consumer,India,Bhopal,Madhya Pradesh,Central,OFF-PA-1004,Office Supplies,Paper,Thermal Roll Pack,1508.52,2,0,518.03
IN-2023-101243,2023-06-11,2023-06-12,First Class,CU-1202,Riya Verma,Corporate,India,New Delhi,Delhi,North,OFF-BI-1004,Office Supplies,Binders,Plastic Folder Set,444.19,1,0,148.3
IN-2023-100805,2023-06-12,2023-06-15,Second Class,CU-1272,Aarav Kapoor,Consumer,India,Noida,Uttar Pradesh,North,OFF-BI-1004,Office Supplies,Binders,Plastic Folder Set,369.08,1,0.15,71.95
IN-2023-100919,2023-06-13,2023-06-16,First Class,CU-1095,Pooja Pillai,Corporate,India,Surat,Gujarat,West,OFF-BI-1002,Office Supplies,Binders,Heavy Duty Lever Arch File,672.96,2,0,248.84
IN-2023-100919,2023-06-13,2023-06-16,First Class,CU-1095,Pooja Pillai,Corporate,India,Surat,Gujarat,West,OFF-BI-1002,Office Supplies,Binders,Heavy Duty Lever Arch File,1063.39,3,0,417.46
IN-2023-100919,2023-06-13,2023-06-16,First Class,CU-1095,Pooja Pillai,Corporate,India,Surat,Gujarat,West,OFF-PA-1001,Office Supplies,Paper,A4 Copier Paper 500 Sheets,1838.23,5,0,708.33
IN-2023-101069,2023-06-14,2023-06-21,Standard Class,CU-1420,Swati Das,Home Office,India,Nagpur,Maharashtra,West,FUR-FU-1001,Furniture,Furnishings,LED Desk Lamp,7130.08,6,0.15,488.44
IN-2023-101069,2023-06-14,2023-06-21,Standard Class,CU-1420,Swati Das,Home Office,India,Nagpur,Maharashtra,West,TEC-AC-1004,Technology,Accessories,Noise Cancelling Headset,20630.39,3,0.15,2380.16
IN-2023-101069,2023-06-14,2023-06-21,Standard Class,CU-1420,Swati Das,Home Office,India,Nagpur,Maharashtra,West,FUR-BO-1003,Furniture,Bookcases,Corner Display Unit,53456.99,6,0,4954.09
IN-2023-101188,2023-06-14,2023-06-15,First Class,CU-1217,Nikhil Kulkarni,Consumer,India,Patna,Bihar,East,FUR-FU-1002,Furniture,Furnishings,Wall Clock Classic,873.63,1,0.05,146.93
IN-2023-101188,2023-06-14,2023-06-15,First Class,CU-1217,Nikhil Kulkarni,Consumer,India,Patna,Bihar,East,TEC-MA-1003,Technology,Machines,Laminating Machine,23834.07,4,0.15,-3884.45
IN-2023-101188,2023-06-14,2023-06-15,First Class,CU-1217,Nikhil Kulkarni,Consumer,India,Patna,Bihar,East,FUR-TA-1004,Furniture,Tables,Reception Counter,97631.45,3,0,-667.32
IN-2023-100120,2023-06-18,2023-06-24,Standard Class,CU-1177,Swati Desai,Corporate,India,Mysuru,Karnataka,South,FUR-BO-1002,Furniture,Bookcases,Steel Library Rack,73057.19,5,0,3706.17
IN-2023-100343,2023-06-18,2023-06-25,Standard Class,CU-1056,Sneha Shah,Consumer,India,Amritsar,Punjab,North,TEC-MA-1002,Technology,Machines,Barcode Label Printer,43198.37,3,0.05,1954.18
IN-2023-101134,2023-06-19,2023-06-22,First Class,CU-1448,Arjun Joshi,Corporate,India,Patna,Bihar,East,TEC-PH-1003,Technology,Phones,IP Desk Phone,17389.19,4,0.3,-2488.46
IN-2023-101134,2023-06-19,2023-06-22,First Class,CU-1448,Arjun Joshi,Corporate,India,Patna,Bihar,East,OFF-ST-1003,Office Supplies,Storage,Desk Organizer,1867.77,2,0,100.12
IN-2023-101134,2023-06-19,2023-06-22,First Class,CU-1448,Arjun Joshi,Corporate,India,Patna,Bihar,East,FUR-CH-1002,Furniture,Chairs,Executive Leather Chair,97059.91,5,0,16017.71
IN-2023-100111,2023-06-20,2023-06-27,Standard Class,CU-1206,Isha Kapoor,Consumer,India,Kolkata,West Bengal,East,OFF-PA-1004,Office Supplies,Paper,Thermal Roll Pack,3008.37,4,0,1216.67
IN-2023-100111,2023-06-20,2023-06-27,Standard Class,CU-1206,Isha Kapoor,Consumer,India,Kolkata,West Bengal,East,OFF-PA-1001,Office Supplies,Paper,A4 Copier Paper 500 Sheets,260.31,1,0.3,15.17
IN-2023-100316,2023-06-21,2023-06-27,Standard Class,CU-1024,Divya Rao,Home Office,India,Nagpur,Maharashtra,West,OFF-PA-1004,Office Supplies,Paper,Thermal Roll Pack,712.46,1,0,281.93
IN-2023-101014,2023-06-23,2023-06-23,Same Day,CU-1440,Karan Das,Home Office,India,Jaipur,Rajasthan,North,FUR-CH-1002,Furniture,Chairs,Executive Leather Chair,16981.39,1,0.1,1172.9
IN-2023-100884,2023-06-26,2023-06-30,Standard Class,CU-1413,Aditya Bose,Home Office,India,Bhubaneswar,Odisha,East,OFF-AR-1003,Office Supplies,Art,Highlighter Pack,675.9,3,0.1,104.09
IN-2023-100884,2023-06-26,2023-06-30,Standard Class,CU-1413,Aditya Bose,Home Office,India,Bhubaneswar,Odisha,East,FUR-CH-1002,Furniture,Chairs,Executive Leather Chair,14235.6,1,0.2,-1481.19
IN-2023-100884,2023-06-26,2023-06-30,Standard Class,CU-1413,Aditya Bose,Home Office,India,Bhubaneswar,Odisha,East,OFF-BI-1001,Office Supplies,Binders,Ring Binder A4 (Pack of 10),1121.55,2,0.1,192.49
IN-2023-100884,2023-06-26,2023-06-30,Standard Class,CU-1413,Aditya Bose,Home Office,India,Bhubaneswar,Odisha,East,OFF-AR-1004,Office Supplies,Art,Artist Sketch Kit,1707.89,1,0,427.38
IN-2023-101491,2023-06-26,2023-06-28,Second Class,CU-1001,Siddharth Joshi,Consumer,India,New Delhi,Delhi,North,OFF-AR-1001,Office Supplies,Art,Whiteboard Marker Set,729.35,2,0.1,152.56
IN-2023-101491,2023-06-26,2023-06-28,Second Class,CU-1001,Siddharth Joshi,Consumer,India,New Delhi,Delhi,North,TEC-AC-1002,Technology,Accessories,Mechanical Keyboard,11347.52,4,0.2,654.61
IN-2023-101491,2023-06-26,2023-06-28,Second Class,CU-1001,Siddharth Joshi,Consumer,India,New Delhi,Delhi,North,TEC-AC-1003,Technology,Accessories,USB-C Hub 7-in-1,3935.85,2,0.15,656.85
IN-2023-100538,2023-06-27,2023-06-30,Second Class,CU-1442,Arjun Chopra,Consumer,India,Surat,Gujarat,West,FUR-TA-1002,Furniture,Tables,Computer Desk,31721.15,4,0.15,-4989.93
IN-2023-101464,2023-06-27,2023-07-04,Standard Class,CU-1053,Nikhil Rao,Consumer,India,Panaji,Goa,West,OFF-BI-1002,Office Supplies,Binders,Heavy Duty Lever Arch File,566.51,2,0.2,58.23
IN-2023-100959,2023-06-28,2023-06-30,Second Class,CU-1450,Ananya Joshi,Consumer,India,Bengaluru,Karnataka,South,TEC-PH-1003,Technology,Phones,IP Desk Phone,17564.25,3,0.05,1804.34
IN-2023-100491,2023-07-01,2023-07-05,Standard Class,CU-1289,Aarav Nair,Home Office,India,Lucknow,Uttar Pradesh,North,OFF-ST-1002,Office Supplies,Storage,Plastic Storage Box Set,1259.63,1,0.2,-98.3
IN-2023-100385,2023-07-02,2023-07-08,Standard Class,CU-1304,Pranav Pillai,Corporate,India,Lucknow,Uttar Pradesh,North,FUR-BO-1004,Furniture,Bookcases,Modular Bookshelf,29746.06,4,0,2732.54
IN-2023-101319,2023-07-02,2023-07-06,Standard Class,CU-1074,Harsh Desai,Consumer,India,Raipur,Chhattisgarh,Central,TEC-PH-1004,Technology,Phones,Conference Speakerphone,30648.02,3,0,5842.56
IN-2023-101319,2023-07-02,2023-07-06,Standard Class,CU-1074,Harsh Desai,Consumer,India,Raipur,Chhattisgarh,Central,OFF-AR-1003,Office Supplies,Art,Highlighter Pack,478.15,2,0.05,102.67
IN-2023-101319,2023-07-02,2023-07-06,Standard Class,CU-1074,Harsh Desai,Consumer,India,Raipur,Chhattisgarh,Central,FUR-CH-1003,Furniture,Chairs,Mesh Back Task Chair,5036.21,1,0,572.76
IN-2023-101362,2023-07-05,2023-07-11,Standard Class,CU-1176,Aarav Das,Consumer,India,Hyderabad,Telangana,South,TEC-AC-1002,Technology,Accessories,Mechanical Keyboard,9753.61,3,0.1,1704.32
IN-2023-100526,2023-07-06,2023-07-12,Standard Class,CU-1311,Divya Chopra,Consumer,India,Raipur,Chhattisgarh,Central,TEC-CO-1002,Technology,Copiers,Multifunction Copier Pro,227424.63,3,0,81785.68
IN-2023-100526,2023-07-06,2023-07-12,Standard Class,CU-1311,Divya Chopra,Consumer,India,Raipur,Chhattisgarh,Central,OFF-ST-1001,Office Supplies,Storage,Steel Filing Cabinet,24390.02,2,0,4951.27
IN-2023-100526,2023-07-06,2023-07-12,Standard Class,CU-1311,Divya Chopra,Consumer,India,Raipur,Chhattisgarh,Central,OFF-PA-1004,Office Supplies,Paper,Thermal Roll Pack,2876.65,4,0,925.41
IN-2023-100789,2023-07-06,2023-07-12,Standard Class,CU-1370,Varun Mehta,Corporate,India,Kochi,Kerala,South,FUR-FU-1004,Furniture,Furnishings,Anti-Fatigue Floor Mat,7495.35,4,0,1130.97
IN-2023-100789,2023-07-06,2023-07-12,Standard Class,CU-1370,Varun Mehta,Corporate,India,Kochi,Kerala,South,OFF-ST-1002,Office Supplies,Storage,Plastic Storage Box Set,2797.11,2,0.15,-291.22
IN-2023-100789,2023-07-06,2023-07-12,Standard Class,CU-1370,Varun Mehta,Corporate,India,Kochi,Kerala,South,FUR-FU-1002,Furniture,Furnishings,Wall Clock Classic,983.99,1,0,155.49
IN-2023-100750,2023-07-09,2023-07-15,Standard Class,CU-1324,Aman Pillai,Consumer,India,Kochi,Kerala,South,OFF-PA-1004,Office Supplies,Paper,Thermal Roll Pack,1539.61,3,0.3,252.33
IN-2023-100750,2023-07-09,2023-07-15,Standard Class,CU-1324,Aman Pillai,Consumer,India,Kochi,Kerala,South,TEC-PH-1003,Technology,Phones,IP Desk Phone,24120.97,4,0,4957.48
IN-2023-101252,2023-07-09,2023-07-16,Standard Class,CU-1136,Arjun Pillai,Consumer,India,Amritsar,Punjab,North,OFF-BI-1003,Office Supplies,Binders,Binding Machine Combs,715.65,1,0.1,160.04
IN-2023-101252,2023-07-09,2023-07-16,Standard Class,CU-1136,Arjun Pillai,Consumer,India,Amritsar,Punjab,North,TEC-MA-1004,Technology,Machines,Paper Shredder 20-Sheet,21995.27,2,0,-11.88
IN-2023-101683,2023-07-09,2023-07-11,Second Class,CU-1097,Swati Verma,Home Office,India,Kochi,Kerala,South,FUR-BO-1002,Furniture,Bookcases,Steel Library Rack,11106.81,1,0.2,-1653.7
IN-2023-100497,2023-07-10,2023-07-15,Standard Class,CU-1223,Riya Kapoor,Consumer,India,Surat,Gujarat,West,TEC-PH-1003,Technology,Phones,IP Desk Phone,6280.05,1,0,921.91
IN-2023-100497,2023-07-10,2023-07-15,Standard Class,CU-1223,Riya Kapoor,Consumer,India,Surat,Gujarat,West,TEC-PH-1003,Technology,Phones,IP Desk Phone,28665.54,5,0.1,1331.87
IN-2023-100497,2023-07-10,2023-07-15,Standard Class,CU-1223,Riya Kapoor,Consumer,India,Surat,Gujarat,West,OFF-ST-1002,Office Supplies,Storage,Plastic Storage Box Set,7191.34,5,0.1,136.35
IN-2023-100372,2023-07-12,2023-07-15,Second Class,CU-1162,Harsh Nair,Consumer,India,Kochi,Kerala,South,TEC-CO-1004,Technology,Copiers,Document Scanner,58010.77,3,0.15,16550.3
IN-2023-100372,2023-07-12,2023-07-15,Second Class,CU-1162,Harsh Nair,Consumer,India,Kochi,Kerala,South,TEC-PH-1003,Technology,Phones,IP Desk Phone,5388.69,1,0.15,67.03
IN-2023-100372,2023-07-12,2023-07-15,Second Class,CU-1162,Harsh Nair,Consumer,India,Kochi,Kerala,South,TEC-AC-1003,Technology,Accessories,USB-C Hub 7-in-1,2488.56,1,0,643.5
IN-2023-100237,2023-07-14,2023-07-17,First Class,CU-1352,Pooja Patel,Home Office,India,Panaji,Goa,West,OFF-AR-1002,Office Supplies,Art,Premium Pen Set,967.01,1,0.3,20.13
IN-2023-100237,2023-07-14,2023-07-17,First Class,CU-1352,Pooja Patel,Home Office,India,Panaji,Goa,West,OFF-ST-1002,Office Supplies,Storage,Plastic Storage Box Set,1369.94,1,0.2,-77.52
IN-2023-100297,2023-07-15,2023-07-15,Same Day,CU-1016,Ananya Nair,Consumer,India,Raipur,Chhattisgarh,Central,OFF-AR-1004,Office Supplies,Art,Artist Sketch Kit,5117.38,4,0.3,313.63
IN-2023-100397,2023-07-15,2023-07-15,Same Day,CU-1258,Kavya Chopra,Home Office,India,Ahmedabad,Gujarat,West,TEC-MA-1001,Technology,Machines,Currency Counting Machine,27650.63,3,0,3066.69
IN-2023-101117,2023-07-15,2023-07-15,Same Day,CU-1259,Sneha Rao,Consumer,India,Hyderabad,Telangana,South,FUR-FU-1003,Furniture,Furnishings,Office Curtain Set,16357.72,7,0.15,726.47
IN-2023-100467,2023-07-16,2023-07-16,Same Day,CU-1396,Sanjana Mehta,Home Office,India,Bengaluru,Karnataka,South,FUR-FU-1003,Furniture,Furnishings,Office Curtain Set,2716.23,1,0.05,306.08
IN-2023-100467,2023-07-16,2023-07-16,Same Day,CU-1396,Sanjana Mehta,Home Office,India,Bengaluru,Karnataka,South,OFF-BI-1003,Office Supplies,Binders,Binding Machine Combs,3962.2,5,0,1178.71
IN-2023-100302,2023-07-17,2023-07-21,Standard Class,CU-1431,Pooja Iyer,Corporate,India,Pune,Maharashtra,West,OFF-ST-1004,Office Supplies,Storage,Wall Mount Shelf Box,4307.76,2,0,692.36
IN-2023-100642,2023-07-18,2023-07-21,Second Class,CU-1170,Aditya Kapoor,Home Office,India,Kolkata,West Bengal,East,TEC-PH-1003,Technology,Phones,IP Desk Phone,10165.02,2,0.15,-341.84
IN-2023-100838,2023-07-18,2023-07-24,Standard Class,CU-1193,Arjun Bose,Corporate,India,Coimbatore,Tamil Nadu,South,FUR-FU-1003,Furniture,Furnishings,Office Curtain Set,1920.16,1,0.3,-136.65
IN-2023-101067,2023-07-18,2023-07-21,Second Class,CU-1222,Divya Kapoor,Consumer,India,Kolkata,West Bengal,East,FUR-CH-1004,Furniture,Chairs,Visitor Chair Set,15433.51,4,0,1476.58
IN-2023-100094,2023-07-20,2023-07-24,Second Class,CU-1300,Manish Shah,Consumer,India,Mumbai,Maharashtra,West,OFF-ST-1002,Office Supplies,Storage,Plastic Storage Box Set,5424.11,4,0.15,-399.13
IN-2023-100328,2023-07-20,2023-07-25,Standard Class,CU-1071,Nikhil Rao,Consumer,India,Noida,Uttar Pradesh,North,FUR-TA-1001,Furniture,Tables,Conference Table 8-Seater,71493.72,2,0.15,-8655.16
IN-2023-100328,2023-07-20,2023-07-25,Standard Class,CU-1071,Nikhil Rao,Consumer,India,Noida,Uttar Pradesh,North,OFF-AR-1001,Office Supplies,Art,Whiteboard Marker Set,604.2,2,0.3,6.44
IN-2023-100328,2023-07-20,2023-07-25,Standard Class,CU-1071,Nikhil Rao,Consumer,India,Noida,Uttar Pradesh,North,OFF-BI-1003,Office Supplies,Binders,Binding Machine Combs,1562.76,2,0,511.76
IN-2023-100572,2023-07-22,2023-07-26,Standard Class,CU-1278,Shruti Shah,Corporate,India,Kolkata,West Bengal,East,OFF-BI-1001,Office Supplies,Binders,Ring Binder A4 (Pack of 10),974.6,2,0.2,133.27
IN-2023-101143,2023-07-23,2023-07-29,Standard Class,CU-1357,Karan Verma,Corporate,India,Pune,Maharashtra,West,TEC-AC-1003,Technology,Accessories,USB-C Hub 7-in-1,2063.86,1,0.1,252.81
IN-2023-101143,2023-07-23,2023-07-29,Standard Class,CU-1357,Karan Verma,Corporate,India,Pune,Maharashtra,West,FUR-BO-1001,Furniture,Bookcases,Wooden Bookcase 5-Shelf,22556.74,2,0.05,724.66
IN-2023-100791,2023-07-24,2023-07-31,Standard Class,CU-1368,Aditya Chopra,Consumer,India,Surat,Gujarat,West,OFF-AR-1003,Office Supplies,Art,Highlighter Pack,247.95,1,0,77.63
IN-2023-100865,2023-07-24,2023-07-30,Standard Class,CU-1434,Diya Kulkarni,Consumer,India,Coimbatore,Tamil Nadu,South,OFF-AR-1003,Office Supplies,Art,Highlighter Pack,229.04,1,0.1,42.24
IN-2023-100865,2023-07-24,2023-07-30,Standard Class,CU-1434,Diya Kulkarni,Consumer,India,Coimbatore,Tamil Nadu,South,FUR-FU-1003,Furniture,Furnishings,Office Curtain Set,8081.26,4,0.3,-603.85
IN-2023-100581,2023-07-25,2023-07-31,Standard Class,CU-1285,Neha Kapoor,Home Office,India,Ahmedabad,Gujarat,West,TEC-MA-1004,Technology,Machines,Paper Shredder 20-Sheet,15102.5,2,0.3,-3580.33
IN-2023-100581,2023-07-25,2023-07-31,Standard Class,CU-1285,Neha Kapoor,Home Office,India,Ahmedabad,Gujarat,West,OFF-ST-1003,Office Supplies,Storage,Desk Organizer,4403.61,5,0,548.97
IN-2023-100724,2023-07-26,2023-07-26,Same Day,CU-1156,Diya Desai,Home Office,India,Lucknow,Uttar Pradesh,North,OFF-ST-1003,Office Supplies,Storage,Desk Organizer,4276.89,6,0.2,-517.97
IN-2023-100724,2023-07-26,2023-07-26,Same Day,CU-1156,Diya Desai,Home Office,India,Lucknow,Uttar Pradesh,North,OFF-AR-1002,Office Supplies,Art,Premium Pen Set,4037.58,3,0,1264.3
IN-2023-100724,2023-07-26,2023-07-26,Same Day,CU-1156,Diya Desai,Home Office,India,Lucknow,Uttar Pradesh,North,FUR-TA-1003,Furniture,Tables,Folding Training Table,11738.3,2,0.1,-1417.24
IN-2023-101467,2023-07-27,2023-07-30,First Class,CU-1307,Yash Iyer,Consumer,India,Panaji,Goa,West,OFF-ST-1001,Office Supplies,Storage,Steel Filing Cabinet,63883.71,5,0,4683.95
IN-2023-101467,2023-07-27,2023-07-30,First Class,CU-1307,Yash Iyer,Consumer,India,Panaji,Goa,West,OFF-BI-1001,Office Supplies,Binders,Ring Binder A4 (Pack of 10),2392.08,4,0,610.84
IN-2023-101467,2023-07-27,2023-07-30,First Class,CU-1307,Yash Iyer,Consumer,India,Panaji,Goa,West,OFF-BI-1003,Office Supplies,Binders,Binding Machine Combs,1418.24,2,0.05,491.59
IN-2023-101577,2023-07-27,2023-08-01,Standard Class,CU-1444,Swati Menon,Corporate,India,Ahmedabad,Gujarat,West,OFF-AR-1003,Office Supplies,Art,Highlighter Pack,521.01,2,0,168.51
IN-2023-101577,2023-07-27,2023-08-01,Standard Class,CU-1444,Swati Menon,Corporate,India,Ahmedabad,Gujarat,West,OFF-PA-1002,Office Supplies,Paper,Premium Photo Paper,3114.95,3,0.2,532.27
IN-2023-101577,2023-07-27,2023-08-01,Standard Class,CU-1444,Swati Menon,Corporate,India,Ahmedabad,Gujarat,West,TEC-AC-1003,Technology,Accessories,USB-C Hub 7-in-1,4306.34,2,0.1,780.18
IN-2023-101577,2023-07-27,2023-08-01,Standard Class,CU-1444,Swati Menon,Corporate,India,Ahmedabad,Gujarat,West,OFF-ST-1002,Office Supplies,Storage,Plastic Storage Box Set,8147.91,5,0,757.12
IN-2023-100049,2023-07-28,2023-08-04,Standard Class,CU-1058,Tanvi Kulkarni,Consumer,India,Ahmedabad,Gujarat,West,FUR-BO-1004,Furniture,Bookcases,Modular Bookshelf,24394.33,3,0,1535.76
IN-2023-100126,2023-07-28,2023-08-03,Standard Class,CU-1281,Vihaan Mehta,Consumer,India,Raipur,Chhattisgarh,Central,TEC-MA-1002,Technology,Machines,Barcode Label Printer,47830.54,3,0,-858.47
IN-2023-100973,2023-08-03,2023-08-06,Second Class,CU-1292,Priya Iyer,Corporate,India,Noida,Uttar Pradesh,North,OFF-AR-1002,Office Supplies,Art,Premium Pen Set,2668.06,2,0,692.25
IN-2023-100973,2023-08-03,2023-08-06,Second Class,CU-1292,Priya Iyer,Corporate,India,Noida,Uttar Pradesh,North,OFF-PA-1004,Office Supplies,Paper,Thermal Roll Pack,2700.13,4,0.1,600.71
IN-2023-101071,2023-08-03,2023-08-03,Same Day,CU-1171,Sanjana Chopra,Consumer,India,Amritsar,Punjab,North,FUR-FU-1003,Furniture,Furnishings,Office Curtain Set,2660.93,1,0,532.49
IN-2023-101071,2023-08-03,2023-08-03,Same Day,CU-1171,Sanjana Chopra,Consumer,India,Amritsar,Punjab,North,FUR-FU-1002,Furniture,Furnishings,Wall Clock Classic,990.78,1,0,218.87
IN-2023-101160,2023-08-03,2023-08-07,Standard Class,CU-1445,Ananya Nair,Corporate,India,Ahmedabad,Gujarat,West,OFF-PA-1002,Office Supplies,Paper,Premium Photo Paper,6513.49,5,0,2512.03
IN-2023-101472,2023-08-03,2023-08-04,First Class,CU-1319,Divya Singh,Consumer,India,Raipur,Chhattisgarh,Central,TEC-CO-1003,Technology,Copiers,Mono Laser Printer,28538.75,2,0.2,3695.32
IN-2023-101472,2023-08-03,2023-08-04,First Class,CU-1319,Divya Singh,Consumer,India,Raipur,Chhattisgarh,Central,FUR-BO-1002,Furniture,Bookcases,Steel Library Rack,43286.37,3,0.05,1219.34
IN-2023-100141,2023-08-04,2023-08-08,Second Class,CU-1198,Divya Nair,Corporate,India,Pune,Maharashtra,West,OFF-PA-1004,Office Supplies,Paper,Thermal Roll Pack,724.21,1,0,230.4
IN-2023-100403,2023-08-05,2023-08-12,Standard Class,CU-1004,Priya Chopra,Consumer,India,Jaipur,Rajasthan,North,OFF-AR-1001,Office Supplies,Art,Whiteboard Marker Set,352.51,1,0.15,44.9
IN-2023-100907,2023-08-05,2023-08-10,Standard Class,CU-1137,Aditya Patel,Consumer,India,Ahmedabad,Gujarat,West,OFF-PA-1004,Office Supplies,Paper,Thermal Roll Pack,1494.77,2,0,598.06
IN-2023-100907,2023-08-05,2023-08-10,Standard Class,CU-1137,Aditya Patel,Consumer,India,Ahmedabad,Gujarat,West,OFF-PA-1003,Office Supplies,Paper,Sticky Notes Bulk Pack,3118.81,8,0.3,416.43
IN-2023-100115,2023-08-06,2023-08-12,Standard Class,CU-1112,Priya Menon,Home Office,India,Noida,Uttar Pradesh,North,OFF-BI-1001,Office Supplies,Binders,Ring Binder A4 (Pack of 10),3719.63,6,0,1262.6
IN-2023-100115,2023-08-06,2023-08-12,Standard Class,CU-1112,Priya Menon,Home Office,India,Noida,Uttar Pradesh,North,FUR-FU-1002,Furniture,Furnishings,Wall Clock Classic,3504.15,4,0.05,574.21
IN-2023-100115,2023-08-06,2023-08-12,Standard Class,CU-1112,Priya Menon,Home Office,India,Noida,Uttar Pradesh,North,OFF-ST-1004,Office Supplies,Storage,Wall Mount Shelf Box,2020.17,1,0,300.99
IN-2023-100447,2023-08-06,2023-08-13,Standard Class,CU-1146,Isha Kulkarni,Consumer,India,Kochi,Kerala,South,OFF-AR-1002,Office Supplies,Art,Premium Pen Set,2616.84,2,0.05,773.08
IN-2023-100447,2023-08-06,2023-08-13,Standard Class,CU-1146,Isha Kulkarni,Consumer,India,Kochi,Kerala,South,FUR-TA-1004,Furniture,Tables,Reception Counter,29727.88,1,0,-1577.83
IN-2023-100447,2023-08-06,2023-08-13,Standard Class,CU-1146,Isha Kulkarni,Consumer,India,Kochi,Kerala,South,FUR-CH-1002,Furniture,Chairs,Executive Leather Chair,110960.09,6,0,13425.45
IN-2023-100556,2023-08-06,2023-08-08,Second Class,CU-1160,Varun Nair,Consumer,India,Jaipur,Rajasthan,North,OFF-BI-1003,Office Supplies,Binders,Binding Machine Combs,1570.33,2,0,488.66
IN-2023-101531,2023-08-06,2023-08-10,Standard Class,CU-1203,Sneha Joshi,Home Office,India,Mysuru,Karnataka,South,TEC-AC-1001,Technology,Accessories,Wireless Mouse,861.46,1,0.1,181.53
IN-2023-101531,2023-08-06,2023-08-10,Standard Class,CU-1203,Sneha Joshi,Home Office,India,Mysuru,Karnataka,South,OFF-AR-1001,Office Supplies,Art,Whiteboard Marker Set,384.82,1,0.05,57.06
IN-2023-101531,2023-08-06,2023-08-10,Standard Class,CU-1203,Sneha Joshi,Home Office,India,Mysuru,Karnataka,South,TEC-PH-1002,Technology,Phones,Smartphone Lite 64GB,12873.68,1,0,1927.47
IN-2023-100175,2023-08-07,2023-08-13,Standard Class,CU-1410,Pooja Desai,Consumer,India,Mysuru,Karnataka,South,TEC-PH-1002,Technology,Phones,Smartphone Lite 64GB,12616.79,1,0,2790.92
IN-2023-100175,2023-08-07,2023-08-13,Standard Class,CU-1410,Pooja Desai,Consumer,India,Mysuru,Karnataka,South,FUR-CH-1003,Furniture,Chairs,Mesh Back Task Chair,30117.09,8,0.3,-5597.42
IN-2023-100175,2023-08-07,2023-08-13,Standard Class,CU-1410,Pooja Desai,Consumer,India,Mysuru,Karnataka,South,OFF-ST-1003,Office Supplies,Storage,Desk Organizer,4314.28,5,0.05,249.61
IN-2023-101507,2023-08-07,2023-08-13,Standard Class,CU-1264,Siddharth Das,Home Office,India,Kochi,Kerala,South,OFF-BI-1001,Office Supplies,Binders,Ring Binder A4 (Pack of 10),3248.15,6,0.15,582.99
IN-2023-100787,2023-08-08,2023-08-08,Same Day,CU-1057,Tanvi Menon,Home Office,India,Kolkata,West Bengal,East,OFF-BI-1004,Office Supplies,Binders,Plastic Folder Set,439.73,1,0,114.74
IN-2023-100897,2023-08-10,2023-08-17,Standard Class,CU-1051,Pooja Mehta,Consumer,India,New Delhi,Delhi,North,OFF-PA-1003,Office Supplies,Paper,Sticky Notes Bulk Pack,3129.69,7,0.2,616.68
IN-2023-101081,2023-08-10,2023-08-16,Standard Class,CU-1200,Rohan Sharma,Consumer,India,Panaji,Goa,West,TEC-CO-1004,Technology,Copiers,Document Scanner,86519.61,4,0.05,21385.44
IN-2023-101694,2023-08-11,2023-08-17,Standard Class,CU-1252,Divya Shah,Consumer,India,Coimbatore,Tamil Nadu,South,TEC-AC-1001,Technology,Accessories,Wireless Mouse,1927.88,2,0,597.85
IN-2023-100050,2023-08-12,2023-08-14,First Class,CU-1197,Aditya Pillai,Consumer,India,Panaji,Goa,West,OFF-ST-1002,Office Supplies,Storage,Plastic Storage Box Set,3225.89,2,0,364.26
IN-2023-100050,2023-08-12,2023-08-14,First Class,CU-1197,Aditya Pillai,Consumer,India,Panaji,Goa,West,FUR-BO-1004,Furniture,Bookcases,Modular Bookshelf,18972.64,3,0.15,-519.88
IN-2023-101617,2023-08-14,2023-08-18,Standard Class,CU-1445,Ananya Nair,Corporate,India,Ahmedabad,Gujarat,West,OFF-AR-1004,Office Supplies,Art,Artist Sketch Kit,8684.36,5,0,2193.36
IN-2023-101617,2023-08-14,2023-08-18,Standard Class,CU-1445,Ananya Nair,Corporate,India,Ahmedabad,Gujarat,West,OFF-AR-1001,Office Supplies,Art,Whiteboard Marker Set,1386.19,4,0.15,186.68
IN-2023-100425,2023-08-16,2023-08-19,Second Class,CU-1309,Aman Chopra,Consumer,India,Panaji,Goa,West,OFF-BI-1002,Office Supplies,Binders,Heavy Duty Lever Arch File,1344.11,4,0,339.54
IN-2023-100425,2023-08-16,2023-08-19,Second Class,CU-1309,Aman Chopra,Consumer,India,Panaji,Goa,West,OFF-PA-1003,Office Supplies,Paper,Sticky Notes Bulk Pack,1660.62,3,0,605.83
IN-2023-100425,2023-08-16,2023-08-19,Second Class,CU-1309,Aman Chopra,Consumer,India,Panaji,Goa,West,OFF-ST-1002,Office Supplies,Storage,Plastic Storage Box Set,3367.02,2,0,404.99
IN-2023-100751,2023-08-16,2023-08-16,Same Day,CU-1027,Swati Iyer,Home Office,India,Bhopal,Madhya Pradesh,Central,OFF-BI-1002,Office Supplies,Binders,Heavy Duty Lever Arch File,1755.09,5,0,537.76
IN-2023-100751,2023-08-16,2023-08-16,Same Day,CU-1027,Swati Iyer,Home Office,India,Bhopal,Madhya Pradesh,Central,OFF-ST-1001,Office Supplies,Storage,Steel Filing Cabinet,66436.78,5,0,8018.15
IN-2023-100751,2023-08-16,2023-08-16,Same Day,CU-1027,Swati Iyer,Home Office,India,Bhopal,Madhya Pradesh,Central,TEC-CO-1002,Technology,Copiers,Multifunction Copier Pro,163627.05,3,0.3,25660.1
IN-2023-100751,2023-08-16,2023-08-16,Same Day,CU-1027,Swati Iyer,Home Office,India,Bhopal,Madhya Pradesh,Central,OFF-AR-1003,Office Supplies,Art,Highlighter Pack,458.6,2,0.1,79.17
IN-2023-100728,2023-08-18,2023-08-21,Second Class,CU-1262,Priya Rao,Consumer,India,Pune,Maharashtra,West,FUR-FU-1002,Furniture,Furnishings,Wall Clock Classic,817.85,1,0.15,37.55
IN-2023-100728,2023-08-18,2023-08-21,Second Class,CU-1262,Priya Rao,Consumer,India,Pune,Maharashtra,West,OFF-PA-1001,Office Supplies,Paper,A4 Copier Paper 500 Sheets,735.76,2,0,280.51
IN-2023-100631,2023-08-19,2023-08-25,Standard Class,CU-1054,Pranav Nair,Consumer,India,Bhubaneswar,Odisha,East,TEC-PH-1004,Technology,Phones,Conference Speakerphone,16837.64,2,0.15,1144.87
IN-2023-100631,2023-08-19,2023-08-25,Standard Class,CU-1054,Pranav Nair,Consumer,India,Bhubaneswar,Odisha,East,TEC-AC-1002,Technology,Accessories,Mechanical Keyboard,10909.8,3,0,2291.98
IN-2023-100631,2023-08-19,2023-08-25,Standard Class,CU-1054,Pranav Nair,Consumer,India,Bhubaneswar,Odisha,East,TEC-MA-1001,Technology,Machines,Currency Counting Machine,29516.18,3,0,348.15
IN-2023-100631,2023-08-19,2023-08-25,Standard Class,CU-1054,Pranav Nair,Consumer,India,Bhubaneswar,Odisha,East,FUR-FU-1004,Furniture,Furnishings,Anti-Fatigue Floor Mat,4866.24,3,0.15,305.32
IN-2023-100638,2023-08-19,2023-08-24,Standard Class,CU-1435,Neha Desai,Consumer,India,Surat,Gujarat,West,OFF-BI-1004,Office Supplies,Binders,Plastic Folder Set,1175.82,3,0.15,158.24
IN-2023-100638,2023-08-19,2023-08-24,Standard Class,CU-1435,Neha Desai,Consumer,India,Surat,Gujarat,West,TEC-PH-1003,Technology,Phones,IP Desk Phone,5504.4,1,0.1,-215.54
IN-2023-101458,2023-08-19,2023-08-26,Standard Class,CU-1012,Pooja Joshi,Consumer,India,New Delhi,Delhi,North,OFF-ST-1001,Office Supplies,Storage,Steel Filing Cabinet,48655.31,4,0,6089.97
IN-2023-100200,2023-08-22,2023-08-27,Standard Class,CU-1372,Varun Desai,Corporate,India,Mysuru,Karnataka,South,FUR-FU-1002,Furniture,Furnishings,Wall Clock Classic,907.9,1,0,182.31
IN-2023-100386,2023-08-23,2023-08-25,Second Class,CU-1335,Rohan Joshi,Consumer,India,Panaji,Goa,West,OFF-AR-1004,Office Supplies,Art,Artist Sketch Kit,14388.82,8,0,4292.44
IN-2023-100386,2023-08-23,2023-08-25,Second Class,CU-1335,Rohan Joshi,Consumer,India,Panaji,Goa,West,OFF-BI-1001,Office Supplies,Binders,Ring Binder A4 (Pack of 10),1592.24,3,0.1,265.08
IN-2023-101155,2023-08-24,2023-08-31,Standard Class,CU-1311,Divya Chopra,Consumer,India,Raipur,Chhattisgarh,Central,TEC-AC-1003,Technology,Accessories,USB-C Hub 7-in-1,6851.64,3,0.05,1826.49
IN-2023-100208,2023-08-27,2023-08-28,First Class,CU-1019,Manish Menon,Corporate,India,Kolkata,West Bengal,East,OFF-BI-1003,Office Supplies,Binders,Binding Machine Combs,2550.74,4,0.15,469.93
IN-2023-101286,2023-08-27,2023-09-03,Standard Class,CU-1079,Diya Rao,Corporate,India,Chennai,Tamil Nadu,South,OFF-PA-1002,Office Supplies,Paper,Premium Photo Paper,961.9,1,0.2,147.8
IN-2023-101628,2023-09-01,2023-09-05,Standard Class,CU-1136,Arjun Pillai,Consumer,India,Amritsar,Punjab,North,TEC-PH-1001,Technology,Phones,Smartphone Pro 128GB,24313.88,1,0.3,-3961.27
IN-2023-101628,2023-09-01,2023-09-05,Standard Class,CU-1136,Arjun Pillai,Consumer,India,Amritsar,Punjab,North,OFF-AR-1003,Office Supplies,Art,Highlighter Pack,1330.37,5,0,375.6
IN-2023-100355,2023-09-02,2023-09-07,Standard Class,CU-1211,Rohan Shah,Consumer,India,Hyderabad,Telangana,South,OFF-ST-1003,Office Supplies,Storage,Desk Organizer,7271.32,8,0,1041.07
IN-2023-101504,2023-09-03,2023-09-09,Standard Class,CU-1086,Varun Rao,Home Office,India,Pune,Maharashtra,West,OFF-BI-1002,Office Supplies,Binders,Heavy Duty Lever Arch File,646.18,2,0,184.44
IN-2023-100781,2023-09-04,2023-09-07,Second Class,CU-1332,Swati Sharma,Consumer,India,Noida,Uttar Pradesh,North,FUR-CH-1001,Furniture,Chairs,Ergonomic Office Chair,8709.77,1,0,1286.74
IN-2023-100781,2023-09-04,2023-09-07,Second Class,CU-1332,Swati Sharma,Consumer,India,Noida,Uttar Pradesh,North,OFF-AR-1002,Office Supplies,Art,Premium Pen Set,4239.21,3,0,1104.24
IN-2023-101247,2023-09-05,2023-09-11,Standard Class,CU-1383,Siddharth Patel,Consumer,India,Panaji,Goa,West,OFF-ST-1003,Office Supplies,Storage,Desk Organizer,2336.95,3,0.1,8.78
IN-2023-101247,2023-09-05,2023-09-11,Standard Class,CU-1383,Siddharth Patel,Consumer,India,Panaji,Goa,West,FUR-TA-1003,Furniture,Tables,Folding Training Table,13132.36,3,0.3,-4306.49
IN-2023-101660,2023-09-05,2023-09-10,Standard Class,CU-1430,Pooja Pillai,Consumer,India,Surat,Gujarat,West,TEC-PH-1003,Technology,Phones,IP Desk Phone,5050.74,1,0.2,-158.36
IN-2023-101660,2023-09-05,2023-09-10,Standard Class,CU-1430,Pooja Pillai,Consumer,India,Surat,Gujarat,West,OFF-PA-1004,Office Supplies,Paper,Thermal Roll Pack,729.84,1,0,281.29
IN-2023-101660,2023-09-05,2023-09-10,Standard Class,CU-1430,Pooja Pillai,Consumer,India,Surat,Gujarat,West,OFF-BI-1003,Office Supplies,Binders,Binding Machine Combs,3226.51,6,0.3,231.82
IN-2023-100665,2023-09-07,2023-09-14,Standard Class,CU-1056,Sneha Shah,Consumer,India,Amritsar,Punjab,North,OFF-PA-1002,Office Supplies,Paper,Premium Photo Paper,6088.69,6,0.15,1368.28
IN-2023-100665,2023-09-07,2023-09-14,Standard Class,CU-1056,Sneha Shah,Consumer,India,Amritsar,Punjab,North,FUR-FU-1003,Furniture,Furnishings,Office Curtain Set,8534.11,3,0,2041.82
IN-2023-101306,2023-09-08,2023-09-08,Same Day,CU-1416,Aditya Shah,Home Office,India,Bengaluru,Karnataka,South,TEC-MA-1002,Technology,Machines,Barcode Label Printer,47756.15,3,0,1241.96
IN-2023-100430,2023-09-10,2023-09-13,Second Class,CU-1081,Siddharth Shah,Corporate,India,Mumbai,Maharashtra,West,FUR-TA-1003,Furniture,Tables,Folding Training Table,13316.08,2,0,-412.88
IN-2023-101060,2023-09-10,2023-09-17,Standard Class,CU-1294,Riya Rao,Consumer,India,Panaji,Goa,West,OFF-PA-1003,Office Supplies,Paper,Sticky Notes Bulk Pack,1209.15,3,0.3,145.79
IN-2023-101060,2023-09-10,2023-09-17,Standard Class,CU-1294,Riya Rao,Consumer,India,Panaji,Goa,West,OFF-PA-1002,Office Supplies,Paper,Premium Photo Paper,2926.47,3,0.2,488.27
IN-2023-101530,2023-09-10,2023-09-13,First Class,CU-1207,Meera Kapoor,Corporate,India,Panaji,Goa,West,OFF-ST-1003,Office Supplies,Storage,Desk Organizer,926.8,1,0,199.18
IN-2023-101169,2023-09-11,2023-09-14,First Class,CU-1308,Tanvi Desai,Corporate,India,Lucknow,Uttar Pradesh,North,TEC-MA-1001,Technology,Machines,Currency Counting Machine,9838.96,1,0,286.91
IN-2023-101169,2023-09-11,2023-09-14,First Class,CU-1308,Tanvi Desai,Corporate,India,Lucknow,Uttar Pradesh,North,OFF-BI-1004,Office Supplies,Binders,Plastic Folder Set,353.12,1,0.2,36.6
IN-2023-101679,2023-09-11,2023-09-11,Same Day,CU-1237,Priya Chopra,Corporate,India,Amritsar,Punjab,North,OFF-AR-1002,Office Supplies,Art,Premium Pen Set,3395.64,3,0.15,277.97
IN-2023-101679,2023-09-11,2023-09-11,Same Day,CU-1237,Priya Chopra,Corporate,India,Amritsar,Punjab,North,TEC-AC-1001,Technology,Accessories,Wireless Mouse,1980.17,2,0,452.43
IN-2023-101679,2023-09-11,2023-09-11,Same Day,CU-1237,Priya Chopra,Corporate,India,Amritsar,Punjab,North,TEC-MA-1003,Technology,Machines,Laminating Machine,17300.03,3,0.15,-1456.42
IN-2023-100256,2023-09-12,2023-09-12,Same Day,CU-1255,Swati Kapoor,Corporate,India,Chennai,Tamil Nadu,South,TEC-MA-1003,Technology,Machines,Laminating Machine,4623.9,1,0.3,-1022.73
IN-2023-100256,2023-09-12,2023-09-12,Same Day,CU-1255,Swati Kapoor,Corporate,India,Chennai,Tamil Nadu,South,OFF-BI-1001,Office Supplies,Binders,Ring Binder A4 (Pack of 10),1086.11,2,0.15,101.67
IN-2023-100338,2023-09-12,2023-09-14,First Class,CU-1432,Diya Menon,Consumer,India,Jaipur,Rajasthan,North,OFF-PA-1004,Office Supplies,Paper,Thermal Roll Pack,713.18,1,0.05,247.86
IN-2023-100338,2023-09-12,2023-09-14,First Class,CU-1432,Diya Menon,Consumer,India,Jaipur,Rajasthan,North,FUR-CH-1003,Furniture,Chairs,Mesh Back Task Chair,5291.06,1,0,682.13
IN-2023-100254,2023-09-13,2023-09-16,Second Class,CU-1393,Aditya Pillai,Corporate,India,Jaipur,Rajasthan,North,OFF-BI-1002,Office Supplies,Binders,Heavy Duty Lever Arch File,327.36,1,0,82.28
IN-2023-100254,2023-09-13,2023-09-16,Second Class,CU-1393,Aditya Pillai,Corporate,India,Jaipur,Rajasthan,North,OFF-ST-1002,Office Supplies,Storage,Plastic Storage Box Set,5869.06,4,0.1,494.26
IN-2023-100254,2023-09-13,2023-09-16,Second Class,CU-1393,Aditya Pillai,Corporate,India,Jaipur,Rajasthan,North,OFF-PA-1001,Office Supplies,Paper,A4 Copier Paper 500 Sheets,2545.57,8,0.15,583.02
IN-2023-100254,2023-09-13,2023-09-16,Second Class,CU-1393,Aditya Pillai,Corporate,India,Jaipur,Rajasthan,North,OFF-AR-1001,Office Supplies,Art,Whiteboard Marker Set,1306.49,3,0,306.24
IN-2023-101537,2023-09-13,2023-09-19,Standard Class,CU-1148,Nikhil Shah,Corporate,India,Panaji,Goa,West,FUR-CH-1001,Furniture,Chairs,Ergonomic Office Chair,26344.53,3,0,3878.41
IN-2023-101537,2023-09-13,2023-09-19,Standard Class,CU-1148,Nikhil Shah,Corporate,India,Panaji,Goa,West,TEC-AC-1001,Technology,Accessories,Wireless Mouse,960.18,1,0,299.79
IN-2023-100187,2023-09-15,2023-09-21,Standard Class,CU-1154,Meera Mehta,Home Office,India,Panaji,Goa,West,TEC-CO-1001,Technology,Copiers,Laser Copier Compact,84245.69,2,0.15,26105.0
IN-2023-100187,2023-09-15,2023-09-21,Standard Class,CU-1154,Meera Mehta,Home Office,India,Panaji,Goa,West,OFF-ST-1002,Office Supplies,Storage,Plastic Storage Box Set,3431.8,3,0.3,-727.25
IN-2023-100622,2023-09-16,2023-09-17,First Class,CU-1322,Diya Pillai,Consumer,India,Surat,Gujarat,West,TEC-MA-1002,Technology,Machines,Barcode Label Printer,31452.09,2,0,1463.75
IN-2023-100622,2023-09-16,2023-09-17,First Class,CU-1322,Diya Pillai,Consumer,India,Surat,Gujarat,West,OFF-AR-1003,Office Supplies,Art,Highlighter Pack,569.14,3,0.3,18.74
IN-2023-100622,2023-09-16,2023-09-17,First Class,CU-1322,Diya Pillai,Consumer,India,Surat,Gujarat,West,OFF-BI-1003,Office Supplies,Binders,Binding Machine Combs,3646.08,5,0.05,1103.68
IN-2023-100461,2023-09-17,2023-09-23,Standard Class,CU-1367,Varun Kapoor,Home Office,India,Ludhiana,Punjab,North,TEC-AC-1003,Technology,Accessories,USB-C Hub 7-in-1,12088.74,5,0,2819.88
IN-2023-100461,2023-09-17,2023-09-23,Standard Class,CU-1367,Varun Kapoor,Home Office,India,Ludhiana,Punjab,North,OFF-PA-1001,Office Supplies,Paper,A4 Copier Paper 500 Sheets,1473.96,4,0,489.14
IN-2023-100628,2023-09-17,2023-09-21,Standard Class,CU-1396,Sanjana Mehta,Home Office,India,Bengaluru,Karnataka,South,OFF-PA-1002,Office Supplies,Paper,Premium Photo Paper,3677.3,3,0.05,1324.01
IN-2023-100628,2023-09-17,2023-09-21,Standard Class,CU-1396,Sanjana Mehta,Home Office,India,Bengaluru,Karnataka,South,OFF-PA-1004,Office Supplies,Paper,Thermal Roll Pack,2067.21,3,0,965.63
IN-2023-101636,2023-09-19,2023-09-22,First Class,CU-1140,Nikhil Kulkarni,Consumer,India,Patna,Bihar,East,OFF-PA-1004,Office Supplies,Paper,Thermal Roll Pack,1426.36,2,0,675.38
IN-2023-101636,2023-09-19,2023-09-22,First Class,CU-1140,Nikhil Kulkarni,Consumer,India,Patna,Bihar,East,TEC-CO-1002,Technology,Copiers,Multifunction Copier Pro,120129.66,2,0.2,28106.97
IN-2023-100008,2023-09-21,2023-09-28,Standard Class,CU-1213,Neha Bose,Home Office,India,Hyderabad,Telangana,South,OFF-PA-1001,Office Supplies,Paper,A4 Copier Paper 500 Sheets,391.24,1,0,149.67
IN-2023-100008,2023-09-21,2023-09-28,Standard Class,CU-1213,Neha Bose,Home Office,India,Hyderabad,Telangana,South,FUR-FU-1003,Furniture,Furnishings,Office Curtain Set,2810.53,1,0,623.21
IN-2023-100552,2023-09-21,2023-09-25,Standard Class,CU-1357,Karan Verma,Corporate,India,Pune,Maharashtra,West,OFF-BI-1001,Office Supplies,Binders,Ring Binder A4 (Pack of 10),642.52,1,0,192.68
IN-2023-100552,2023-09-21,2023-09-25,Standard Class,CU-1357,Karan Verma,Corporate,India,Pune,Maharashtra,West,TEC-CO-1003,Technology,Copiers,Mono Laser Printer,111891.37,8,0.2,8903.08
IN-2023-101385,2023-09-22,2023-09-29,Standard Class,CU-1103,Rahul Sharma,Corporate,India,New Delhi,Delhi,North,FUR-TA-1001,Furniture,Tables,Conference Table 8-Seater,40013.68,1,0,-318.54
IN-2023-101305,2023-09-23,2023-09-30,Standard Class,CU-1148,Nikhil Shah,Corporate,India,Panaji,Goa,West,TEC-MA-1004,Technology,Machines,Paper Shredder 20-Sheet,33721.01,3,0,335.63
IN-2023-101443,2023-09-24,2023-09-30,Standard Class,CU-1100,Priya Gupta,Consumer,India,Ahmedabad,Gujarat,West,OFF-PA-1004,Office Supplies,Paper,Thermal Roll Pack,2667.25,4,0.05,969.9
IN-2023-101443,2023-09-24,2023-09-30,Standard Class,CU-1100,Priya Gupta,Consumer,India,Ahmedabad,Gujarat,West,TEC-CO-1001,Technology,Copiers,Laser Copier Compact,49400.53,1,0,15516.1
IN-2023-101443,2023-09-24,2023-09-30,Standard Class,CU-1100,Priya Gupta,Consumer,India,Ahmedabad,Gujarat,West,TEC-AC-1001,Technology,Accessories,Wireless Mouse,2276.27,3,0.2,185.96
IN-2023-100288,2023-09-27,2023-10-03,Standard Class,CU-1005,Isha Kulkarni,Consumer,India,Kolkata,West Bengal,East,TEC-AC-1001,Technology,Accessories,Wireless Mouse,1671.3,2,0.15,218.33
IN-2023-101066,2023-09-28,2023-10-01,Second Class,CU-1331,Sneha Rao,Corporate,India,Noida,Uttar Pradesh,North,TEC-AC-1004,Technology,Accessories,Noise Cancelling Headset,45448.31,7,0.15,3234.93
IN-2023-100065,2023-10-02,2023-10-08,Standard Class,CU-1395,Riya Mehta,Home Office,India,Kolkata,West Bengal,East,FUR-CH-1004,Furniture,Chairs,Visitor Chair Set,30866.85,8,0,5578.5
IN-2023-100065,2023-10-02,2023-10-08,Standard Class,CU-1395,Riya Mehta,Home Office,India,Kolkata,West Bengal,East,OFF-PA-1001,Office Supplies,Paper,A4 Copier Paper 500 Sheets,518.85,2,0.3,61.0
IN-2023-101493,2023-10-03,2023-10-07,Standard Class,CU-1230,Aman Menon,Corporate,India,Mysuru,Karnataka,South,TEC-AC-1001,Technology,Accessories,Wireless Mouse,4413.2,5,0.05,870.32
IN-2023-101493,2023-10-03,2023-10-07,Standard Class,CU-1230,Aman Menon,Corporate,India,Mysuru,Karnataka,South,OFF-PA-1001,Office Supplies,Paper,A4 Copier Paper 500 Sheets,1127.25,3,0,467.54
IN-2023-101493,2023-10-03,2023-10-07,Standard Class,CU-1230,Aman Menon,Corporate,India,Mysuru,Karnataka,South,TEC-CO-1004,Technology,Copiers,Document Scanner,41296.31,2,0.1,6772.12
IN-2023-100151,2023-10-05,2023-10-07,Second Class,CU-1058,Tanvi Kulkarni,Consumer,India,Ahmedabad,Gujarat,West,FUR-FU-1004,Furniture,Furnishings,Anti-Fatigue Floor Mat,5754.66,3,0,1342.0
IN-2023-100151,2023-10-05,2023-10-07,Second Class,CU-1058,Tanvi Kulkarni,Consumer,India,Ahmedabad,Gujarat,West,TEC-PH-1004,Technology,Phones,Conference Speakerphone,9609.02,1,0,1197.89
IN-2023-100588,2023-10-05,2023-10-07,First Class,CU-1108,Shruti Desai,Home Office,India,Ludhiana,Punjab,North,OFF-BI-1002,Office Supplies,Binders,Heavy Duty Lever Arch File,848.57,3,0.2,76.43
IN-2023-100975,2023-10-05,2023-10-09,Standard Class,CU-1143,Tanvi Shah,Home Office,India,Panaji,Goa,West,TEC-MA-1004,Technology,Machines,Paper Shredder 20-Sheet,35026.5,3,0,-144.31
IN-2023-101526,2023-10-05,2023-10-07,Second Class,CU-1189,Arjun Joshi,Home Office,India,Ahmedabad,Gujarat,West,TEC-CO-1004,Technology,Copiers,Document Scanner,70015.3,3,0,27107.31
IN-2023-101526,2023-10-05,2023-10-07,Second Class,CU-1189,Arjun Joshi,Home Office,India,Ahmedabad,Gujarat,West,OFF-AR-1003,Office Supplies,Art,Highlighter Pack,1564.2,6,0,521.1
IN-2023-101526,2023-10-05,2023-10-07,Second Class,CU-1189,Arjun Joshi,Home Office,India,Ahmedabad,Gujarat,West,FUR-BO-1004,Furniture,Bookcases,Modular Bookshelf,15501.39,2,0,673.04
IN-2023-101053,2023-10-06,2023-10-08,First Class,CU-1125,Diya Nair,Corporate,India,Nagpur,Maharashtra,West,FUR-FU-1001,Furniture,Furnishings,LED Desk Lamp,4516.18,3,0,521.37
IN-2023-101053,2023-10-06,2023-10-08,First Class,CU-1125,Diya Nair,Corporate,India,Nagpur,Maharashtra,West,OFF-AR-1001,Office Supplies,Art,Whiteboard Marker Set,2040.04,5,0,528.67
IN-2023-101053,2023-10-06,2023-10-08,First Class,CU-1125,Diya Nair,Corporate,India,Nagpur,Maharashtra,West,OFF-PA-1003,Office Supplies,Paper,Sticky Notes Bulk Pack,3361.9,6,0,1093.2
IN-2023-100137,2023-10-07,2023-10-13,Standard Class,CU-1166,Harsh Iyer,Consumer,India,Lucknow,Uttar Pradesh,North,OFF-BI-1001,Office Supplies,Binders,Ring Binder A4 (Pack of 10),2096.29,5,0.3,71.18
IN-2023-100137,2023-10-07,2023-10-13,Standard Class,CU-1166,Harsh Iyer,Consumer,India,Lucknow,Uttar Pradesh,North,OFF-PA-1004,Office Supplies,Paper,Thermal Roll Pack,1373.69,2,0.05,369.08
IN-2023-101520,2023-10-07,2023-10-14,Standard Class,CU-1169,Sneha Menon,Corporate,India,Chennai,Tamil Nadu,South,OFF-BI-1003,Office Supplies,Binders,Binding Machine Combs,3124.62,4,0,788.57
IN-2023-101520,2023-10-07,2023-10-14,Standard Class,CU-1169,Sneha Menon,Corporate,India,Chennai,Tamil Nadu,South,OFF-PA-1003,Office Supplies,Paper,Sticky Notes Bulk Pack,1874.98,4,0.15,463.79
IN-2023-100505,2023-10-08,2023-10-08,Same Day,CU-1311,Divya Chopra,Consumer,India,Raipur,Chhattisgarh,Central,OFF-AR-1001,Office Supplies,Art,Whiteboard Marker Set,1228.53,3,0,332.74
IN-2023-100051,2023-10-09,2023-10-10,First Class,CU-1173,Aditya Verma,Home Office,India,Hyderabad,Telangana,South,OFF-BI-1002,Office Supplies,Binders,Heavy Duty Lever Arch File,563.49,2,0.2,54.68
IN-2023-100051,2023-10-09,2023-10-10,First Class,CU-1173,Aditya Verma,Home Office,India,Hyderabad,Telangana,South,OFF-AR-1002,Office Supplies,Art,Premium Pen Set,9104.49,7,0,2756.06
IN-2023-100051,2023-10-09,2023-10-10,First Class,CU-1173,Aditya Verma,Home Office,India,Hyderabad,Telangana,South,TEC-PH-1004,Technology,Phones,Conference Speakerphone,8417.45,1,0.15,151.68
IN-2023-101192,2023-10-09,2023-10-16,Standard Class,CU-1372,Varun Desai,Corporate,India,Mysuru,Karnataka,South,OFF-BI-1002,Office Supplies,Binders,Heavy Duty Lever Arch File,1054.19,3,0,274.29
IN-2023-100812,2023-10-10,2023-10-14,Standard Class,CU-1343,Arjun Chopra,Corporate,India,Raipur,Chhattisgarh,Central,OFF-BI-1004,Office Supplies,Binders,Plastic Folder Set,886.04,2,0.05,278.67
IN-2023-101164,2023-10-10,2023-10-10,Same Day,CU-1031,Siddharth Iyer,Consumer,India,Bengaluru,Karnataka,South,OFF-PA-1001,Office Supplies,Paper,A4 Copier Paper 500 Sheets,655.42,2,0.15,139.11
IN-2023-100810,2023-10-12,2023-10-16,Second Class,CU-1221,Divya Chopra,Corporate,India,Surat,Gujarat,West,OFF-BI-1002,Office Supplies,Binders,Heavy Duty Lever Arch File,1354.83,4,0,440.38
IN-2023-101348,2023-10-13,2023-10-19,Standard Class,CU-1399,Ananya Bose,Consumer,India,Hyderabad,Telangana,South,TEC-AC-1003,Technology,Accessories,USB-C Hub 7-in-1,11937.91,5,0,3138.92
IN-2023-101348,2023-10-13,2023-10-19,Standard Class,CU-1399,Ananya Bose,Consumer,India,Hyderabad,Telangana,South,OFF-BI-1004,Office Supplies,Binders,Plastic Folder Set,401.16,1,0.1,66.77
IN-2023-101359,2023-10-13,2023-10-20,Standard Class,CU-1124,Shruti Pillai,Consumer,India,Hyderabad,Telangana,South,OFF-AR-1004,Office Supplies,Art,Artist Sketch Kit,3354.05,2,0,811.51
IN-2023-100069,2023-10-14,2023-10-16,Second Class,CU-1436,Harsh Shah,Corporate,India,Ahmedabad,Gujarat,West,FUR-CH-1004,Furniture,Chairs,Visitor Chair Set,18674.46,5,0,3707.93
IN-2023-100069,2023-10-14,2023-10-16,Second Class,CU-1436,Harsh Shah,Corporate,India,Ahmedabad,Gujarat,West,OFF-BI-1001,Office Supplies,Binders,Ring Binder A4 (Pack of 10),2302.3,4,0.1,342.33
IN-2023-100069,2023-10-14,2023-10-16,Second Class,CU-1436,Harsh Shah,Corporate,India,Ahmedabad,Gujarat,West,FUR-FU-1001,Furniture,Furnishings,LED Desk Lamp,2267.07,2,0.2,-87.84
IN-2023-101215,2023-10-14,2023-10-18,Standard Class,CU-1359,Swati Menon,Consumer,India,Amritsar,Punjab,North,OFF-PA-1001,Office Supplies,Paper,A4 Copier Paper 500 Sheets,734.97,2,0.05,305.02
IN-2023-101215,2023-10-14,2023-10-18,Standard Class,CU-1359,Swati Menon,Consumer,India,Amritsar,Punjab,North,TEC-AC-1001,Technology,Accessories,Wireless Mouse,668.11,1,0.3,-9.89
IN-2023-101498,2023-10-14,2023-10-18,Standard Class,CU-1324,Aman Pillai,Consumer,India,Kochi,Kerala,South,TEC-CO-1001,Technology,Copiers,Laser Copier Compact,189348.43,4,0,68379.12
IN-2023-101498,2023-10-14,2023-10-18,Standard Class,CU-1324,Aman Pillai,Consumer,India,Kochi,Kerala,South,FUR-CH-1003,Furniture,Chairs,Mesh Back Task Chair,39811.78,8,0,4513.34
IN-2023-100227,2023-10-16,2023-10-21,Standard Class,CU-1267,Priya Kapoor,Consumer,India,Coimbatore,Tamil Nadu,South,FUR-CH-1002,Furniture,Chairs,Executive Leather Chair,27018.16,2,0.3,-5165.85
IN-2023-100227,2023-10-16,2023-10-21,Standard Class,CU-1267,Priya Kapoor,Consumer,India,Coimbatore,Tamil Nadu,South,OFF-AR-1003,Office Supplies,Art,Highlighter Pack,248.64,1,0,66.34
IN-2023-100227,2023-10-16,2023-10-21,Standard Class,CU-1267,Priya Kapoor,Consumer,India,Coimbatore,Tamil Nadu,South,TEC-AC-1002,Technology,Accessories,Mechanical Keyboard,2556.46,1,0.3,-79.64
IN-2023-100227,2023-10-16,2023-10-21,Standard Class,CU-1267,Priya Kapoor,Consumer,India,Coimbatore,Tamil Nadu,South,OFF-AR-1001,Office Supplies,Art,Whiteboard Marker Set,608.1,2,0.3,5.66
IN-2023-100515,2023-10-16,2023-10-16,Same Day,CU-1319,Divya Singh,Consumer,India,Raipur,Chhattisgarh,Central,OFF-BI-1003,Office Supplies,Binders,Binding Machine Combs,1624.25,2,0,575.17
IN-2023-101400,2023-10-16,2023-10-19,Second Class,CU-1102,Siddharth Iyer,Corporate,India,New Delhi,Delhi,North,OFF-ST-1003,Office Supplies,Storage,Desk Organizer,858.53,1,0,121.14
IN-2023-100162,2023-10-18,2023-10-22,Standard Class,CU-1098,Aman Chopra,Corporate,India,Bhopal,Madhya Pradesh,Central,OFF-BI-1004,Office Supplies,Binders,Plastic Folder Set,851.7,2,0.05,175.69
IN-2023-101642,2023-10-18,2023-10-21,First Class,CU-1193,Arjun Bose,Corporate,India,Coimbatore,Tamil Nadu,South,TEC-MA-1002,Technology,Machines,Barcode Label Printer,16377.9,1,0,467.08
IN-2023-101642,2023-10-18,2023-10-21,First Class,CU-1193,Arjun Bose,Corporate,India,Coimbatore,Tamil Nadu,South,OFF-PA-1002,Office Supplies,Paper,Premium Photo Paper,1311.38,1,0,454.63
IN-2023-101642,2023-10-18,2023-10-21,First Class,CU-1193,Arjun Bose,Corporate,India,Coimbatore,Tamil Nadu,South,TEC-MA-1001,Technology,Machines,Currency Counting Machine,9673.57,1,0,833.38
IN-2023-101592,2023-10-19,2023-10-23,Standard Class,CU-1426,Divya Kapoor,Consumer,India,Jaipur,Rajasthan,North,OFF-AR-1001,Office Supplies,Art,Whiteboard Marker Set,338.87,1,0.2,14.64
IN-2023-100195,2023-10-20,2023-10-25,Standard Class,CU-1338,Sneha Mehta,Corporate,India,Indore,Madhya Pradesh,Central,TEC-PH-1003,Technology,Phones,IP Desk Phone,6190.65,1,0,858.37
IN-2023-100223,2023-10-20,2023-10-23,First Class,CU-1029,Rahul Pillai,Corporate,India,Panaji,Goa,West,TEC-AC-1004,Technology,Accessories,Noise Cancelling Headset,14993.11,2,0,3494.75
IN-2023-100223,2023-10-20,2023-10-23,First Class,CU-1029,Rahul Pillai,Corporate,India,Panaji,Goa,West,OFF-BI-1003,Office Supplies,Binders,Binding Machine Combs,557.19,1,0.3,39.87
IN-2023-100030,2023-10-21,2023-10-27,Standard Class,CU-1417,Pranav Rao,Home Office,India,Lucknow,Uttar Pradesh,North,TEC-MA-1004,Technology,Machines,Paper Shredder 20-Sheet,9237.13,1,0.2,-600.86
IN-2023-100569,2023-10-21,2023-10-22,First Class,CU-1083,Siddharth Nair,Corporate,India,Jaipur,Rajasthan,North,OFF-ST-1002,Office Supplies,Storage,Plastic Storage Box Set,2511.06,2,0.2,-235.67
IN-2023-101026,2023-10-22,2023-10-24,First Class,CU-1401,Aman Joshi,Corporate,India,Kochi,Kerala,South,TEC-AC-1001,Technology,Accessories,Wireless Mouse,873.02,1,0.1,193.33
IN-2023-101026,2023-10-22,2023-10-24,First Class,CU-1401,Aman Joshi,Corporate,India,Kochi,Kerala,South,OFF-BI-1001,Office Supplies,Binders,Ring Binder A4 (Pack of 10),2393.94,4,0,643.38
IN-2023-101026,2023-10-22,2023-10-24,First Class,CU-1401,Aman Joshi,Corporate,India,Kochi,Kerala,South,TEC-PH-1003,Technology,Phones,IP Desk Phone,4929.32,1,0.2,-148.17
IN-2023-101438,2023-10-23,2023-10-27,Standard Class,CU-1392,Siddharth Kulkarni,Consumer,India,Bhopal,Madhya Pradesh,Central,OFF-PA-1002,Office Supplies,Paper,Premium Photo Paper,3718.4,3,0,1462.85
IN-2023-101609,2023-10-24,2023-10-28,Second Class,CU-1131,Aman Kapoor,Consumer,India,Jaipur,Rajasthan,North,TEC-MA-1003,Technology,Machines,Laminating Machine,15683.64,3,0.2,-2480.86
IN-2023-101609,2023-10-24,2023-10-28,Second Class,CU-1131,Aman Kapoor,Consumer,India,Jaipur,Rajasthan,North,OFF-BI-1002,Office Supplies,Binders,Heavy Duty Lever Arch File,706.8,2,0,159.82
IN-2023-101609,2023-10-24,2023-10-28,Second Class,CU-1131,Aman Kapoor,Consumer,India,Jaipur,Rajasthan,North,OFF-BI-1004,Office Supplies,Binders,Plastic Folder Set,1882.58,4,0,537.74
IN-2023-101609,2023-10-24,2023-10-28,Second Class,CU-1131,Aman Kapoor,Consumer,India,Jaipur,Rajasthan,North,OFF-BI-1001,Office Supplies,Binders,Ring Binder A4 (Pack of 10),506.99,1,0.15,75.72
IN-2023-100339,2023-10-25,2023-10-28,Second Class,CU-1098,Aman Chopra,Corporate,India,Bhopal,Madhya Pradesh,Central,TEC-MA-1004,Technology,Machines,Paper Shredder 20-Sheet,65306.46,8,0.3,-12166.6
IN-2023-100339,2023-10-25,2023-10-28,Second Class,CU-1098,Aman Chopra,Corporate,India,Bhopal,Madhya Pradesh,Central,TEC-PH-1004,Technology,Phones,Conference Speakerphone,34805.46,4,0.15,933.09
IN-2023-101543,2023-10-27,2023-10-29,First Class,CU-1356,Yash Rao,Consumer,India,Kochi,Kerala,South,FUR-BO-1003,Furniture,Bookcases,Corner Display Unit,16507.5,2,0.1,-833.89
IN-2023-101543,2023-10-27,2023-10-29,First Class,CU-1356,Yash Rao,Consumer,India,Kochi,Kerala,South,FUR-TA-1004,Furniture,Tables,Reception Counter,48652.74,2,0.2,-9736.51
IN-2023-101098,2023-10-28,2023-10-31,First Class,CU-1321,Rahul Chopra,Consumer,India,Kochi,Kerala,South,TEC-CO-1001,Technology,Copiers,Laser Copier Compact,145582.3,3,0,49897.3
IN-2023-101098,2023-10-28,2023-10-31,First Class,CU-1321,Rahul Chopra,Consumer,India,Kochi,Kerala,South,OFF-ST-1003,Office Supplies,Storage,Desk Organizer,1753.76,2,0.05,75.09
IN-2023-101098,2023-10-28,2023-10-31,First Class,CU-1321,Rahul Chopra,Consumer,India,Kochi,Kerala,South,OFF-AR-1004,Office Supplies,Art,Artist Sketch Kit,3615.91,2,0,959.2
IN-2023-101098,2023-10-28,2023-10-31,First Class,CU-1321,Rahul Chopra,Consumer,India,Kochi,Kerala,South,TEC-AC-1003,Technology,Accessories,USB-C Hub 7-in-1,1847.67,1,0.2,75.01
IN-2023-101482,2023-11-01,2023-11-07,Standard Class,CU-1084,Siddharth Singh,Corporate,India,Pune,Maharashtra,West,TEC-AC-1001,Technology,Accessories,Wireless Mouse,2056.24,3,0.3,74.82
IN-2023-101482,2023-11-01,2023-11-07,Standard Class,CU-1084,Siddharth Singh,Corporate,India,Pune,Maharashtra,West,TEC-MA-1004,Technology,Machines,Paper Shredder 20-Sheet,27803.4,3,0.2,-3055.71
IN-2023-101482,2023-11-01,2023-11-07,Standard Class,CU-1084,Siddharth Singh,Corporate,India,Pune,Maharashtra,West,OFF-PA-1001,Office Supplies,Paper,A4 Copier Paper 500 Sheets,1896.02,6,0.15,421.65
IN-2023-101482,2023-11-01,2023-11-07,Standard Class,CU-1084,Siddharth Singh,Corporate,India,Pune,Maharashtra,West,FUR-FU-1002,Furniture,Furnishings,Wall Clock Classic,2258.31,3,0.2,141.2
IN-2023-100048,2023-11-02,2023-11-07,Standard Class,CU-1062,Rahul Joshi,Corporate,India,Kolkata,West Bengal,East,OFF-PA-1001,Office Supplies,Paper,A4 Copier Paper 500 Sheets,2387.65,6,0,925.12
IN-2023-100048,2023-11-02,2023-11-07,Standard Class,CU-1062,Rahul Joshi,Corporate,India,Kolkata,West Bengal,East,OFF-PA-1001,Office Supplies,Paper,A4 Copier Paper 500 Sheets,2506.98,8,0.15,565.6
IN-2023-100048,2023-11-02,2023-11-07,Standard Class,CU-1062,Rahul Joshi,Corporate,India,Kolkata,West Bengal,East,TEC-PH-1004,Technology,Phones,Conference Speakerphone,9142.19,1,0.05,956.2
IN-2023-100048,2023-11-02,2023-11-07,Standard Class,CU-1062,Rahul Joshi,Corporate,India,Kolkata,West Bengal,East,FUR-TA-1003,Furniture,Tables,Folding Training Table,13412.66,3,0.3,-4853.29
IN-2023-100568,2023-11-02,2023-11-09,Standard Class,CU-1092,Neha Gupta,Corporate,India,New Delhi,Delhi,North,OFF-AR-1002,Office Supplies,Art,Premium Pen Set,5565.36,5,0.2,527.28
IN-2023-100729,2023-11-02,2023-11-06,Standard Class,CU-1143,Tanvi Shah,Home Office,India,Panaji,Goa,West,OFF-PA-1004,Office Supplies,Paper,Thermal Roll Pack,750.65,1,0,277.37
IN-2023-101412,2023-11-02,2023-11-07,Standard Class,CU-1172,Ananya Sharma,Home Office,India,Hyderabad,Telangana,South,OFF-BI-1001,Office Supplies,Binders,Ring Binder A4 (Pack of 10),1255.5,2,0,454.91
IN-2023-101412,2023-11-02,2023-11-07,Standard Class,CU-1172,Ananya Sharma,Home Office,India,Hyderabad,Telangana,South,FUR-CH-1004,Furniture,Chairs,Visitor Chair Set,3850.68,1,0,541.03
IN-2023-101608,2023-11-02,2023-11-04,First Class,CU-1325,Sneha Verma,Corporate,India,Mysuru,Karnataka,South,FUR-CH-1004,Furniture,Chairs,Visitor Chair Set,3771.12,1,0.05,237.41
IN-2023-101608,2023-11-02,2023-11-04,First Class,CU-1325,Sneha Verma,Corporate,India,Mysuru,Karnataka,South,OFF-ST-1003,Office Supplies,Storage,Desk Organizer,829.5,1,0.1,32.81
IN-2023-101608,2023-11-02,2023-11-04,First Class,CU-1325,Sneha Verma,Corporate,India,Mysuru,Karnataka,South,FUR-BO-1003,Furniture,Bookcases,Corner Display Unit,9606.07,1,0,788.21
IN-2023-101608,2023-11-02,2023-11-04,First Class,CU-1325,Sneha Verma,Corporate,India,Mysuru,Karnataka,South,FUR-TA-1003,Furniture,Tables,Folding Training Table,6086.0,1,0.1,-765.02
IN-2023-100391,2023-11-03,2023-11-03,Same Day,CU-1187,Tanvi Iyer,Corporate,India,Lucknow,Uttar Pradesh,North,FUR-FU-1001,Furniture,Furnishings,LED Desk Lamp,9894.56,7,0,2894.62
IN-2023-100391,2023-11-03,2023-11-03,Same Day,CU-1187,Tanvi Iyer,Corporate,India,Lucknow,Uttar Pradesh,North,TEC-AC-1004,Technology,Accessories,Noise Cancelling Headset,10859.85,2,0.3,299.99
IN-2023-100391,2023-11-03,2023-11-03,Same Day,CU-1187,Tanvi Iyer,Corporate,India,Lucknow,Uttar Pradesh,North,OFF-ST-1002,Office Supplies,Storage,Plastic Storage Box Set,3607.34,3,0.3,-344.16
IN-2023-100391,2023-11-03,2023-11-03,Same Day,CU-1187,Tanvi Iyer,Corporate,India,Lucknow,Uttar Pradesh,North,OFF-PA-1003,Office Supplies,Paper,Sticky Notes Bulk Pack,1635.83,3,0,619.82
IN-2023-100443,2023-11-03,2023-11-05,First Class,CU-1176,Aarav Das,Consumer,India,Hyderabad,Telangana,South,OFF-BI-1002,Office Supplies,Binders,Heavy Duty Lever Arch File,288.47,1,0.15,44.93
IN-2023-100443,2023-11-03,2023-11-05,First Class,CU-1176,Aarav Das,Consumer,India,Hyderabad,Telangana,South,OFF-PA-1004,Office Supplies,Paper,Thermal Roll Pack,2412.43,4,0.15,557.41
IN-2023-100443,2023-11-03,2023-11-05,First Class,CU-1176,Aarav Das,Consumer,India,Hyderabad,Telangana,South,FUR-CH-1001,Furniture,Chairs,Ergonomic Office Chair,32564.55,4,0,2696.81
IN-2023-100443,2023-11-03,2023-11-05,First Class,CU-1176,Aarav Das,Consumer,India,Hyderabad,Telangana,South,OFF-AR-1001,Office Supplies,Art,Whiteboard Marker Set,1152.6,3,0.1,229.39
IN-2023-101556,2023-11-03,2023-11-10,Standard Class,CU-1220,Meera Menon,Consumer,India,Indore,Madhya Pradesh,Central,FUR-TA-1004,Furniture,Tables,Reception Counter,129665.73,4,0,-1330.71
IN-2023-101556,2023-11-03,2023-11-10,Standard Class,CU-1220,Meera Menon,Consumer,India,Indore,Madhya Pradesh,Central,TEC-PH-1002,Technology,Phones,Smartphone Lite 64GB,12410.18,1,0.05,1926.98
IN-2023-101556,2023-11-03,2023-11-10,Standard Class,CU-1220,Meera Menon,Consumer,India,Indore,Madhya Pradesh,Central,TEC-PH-1003,Technology,Phones,IP Desk Phone,6253.06,1,0,1434.95
IN-2023-101556,2023-11-03,2023-11-10,Standard Class,CU-1220,Meera Menon,Consumer,India,Indore,Madhya Pradesh,Central,TEC-PH-1002,Technology,Phones,Smartphone Lite 64GB,40027.03,3,0,7584.39
IN-2023-101610,2023-11-03,2023-11-07,Second Class,CU-1337,Neha Rao,Corporate,India,Panaji,Goa,West,TEC-MA-1001,Technology,Machines,Currency Counting Machine,16296.37,2,0.1,-633.81
IN-2023-100296,2023-11-04,2023-11-06,First Class,CU-1213,Neha Bose,Home Office,India,Hyderabad,Telangana,South,FUR-CH-1001,Furniture,Chairs,Ergonomic Office Chair,33460.49,5,0.2,-2572.3
IN-2023-100296,2023-11-04,2023-11-06,First Class,CU-1213,Neha Bose,Home Office,India,Hyderabad,Telangana,South,OFF-BI-1004,Office Supplies,Binders,Plastic Folder Set,1640.97,4,0.1,343.73
IN-2023-100296,2023-11-04,2023-11-06,First Class,CU-1213,Neha Bose,Home Office,India,Hyderabad,Telangana,South,FUR-FU-1004,Furniture,Furnishings,Anti-Fatigue Floor Mat,5139.45,4,0.3,-309.22
IN-2023-101421,2023-11-04,2023-11-06,First Class,CU-1169,Sneha Menon,Corporate,India,Chennai,Tamil Nadu,South,OFF-ST-1002,Office Supplies,Storage,Plastic Storage Box Set,4994.66,3,0,366.21
IN-2023-101421,2023-11-04,2023-11-06,First Class,CU-1169,Sneha Menon,Corporate,India,Chennai,Tamil Nadu,South,TEC-MA-1001,Technology,Machines,Currency Counting Machine,15741.77,2,0.15,-689.55
IN-2023-101111,2023-11-05,2023-11-10,Standard Class,CU-1048,Nikhil Iyer,Consumer,India,Indore,Madhya Pradesh,Central,FUR-CH-1002,Furniture,Chairs,Executive Leather Chair,38522.07,2,0,4543.1
IN-2023-101111,2023-11-05,2023-11-10,Standard Class,CU-1048,Nikhil Iyer,Consumer,India,Indore,Madhya Pradesh,Central,TEC-MA-1001,Technology,Machines,Currency Counting Machine,56870.04,6,0,3778.85
IN-2023-100924,2023-11-06,2023-11-12,Standard Class,CU-1264,Siddharth Das,Home Office,India,Kochi,Kerala,South,FUR-BO-1002,Furniture,Bookcases,Steel Library Rack,43515.06,3,0,3091.16
IN-2023-101602,2023-11-06,2023-11-11,Standard Class,CU-1428,Isha Bose,Consumer,India,Amritsar,Punjab,North,OFF-AR-1004,Office Supplies,Art,Artist Sketch Kit,6059.71,4,0.15,993.44
IN-2023-101602,2023-11-06,2023-11-11,Standard Class,CU-1428,Isha Bose,Consumer,India,Amritsar,Punjab,North,OFF-PA-1002,Office Supplies,Paper,Premium Photo Paper,6580.71,6,0.1,1749.35
IN-2023-101602,2023-11-06,2023-11-11,Standard Class,CU-1428,Isha Bose,Consumer,India,Amritsar,Punjab,North,OFF-ST-1003,Office Supplies,Storage,Desk Organizer,3535.53,4,0,622.89
IN-2023-101331,2023-11-08,2023-11-10,Second Class,CU-1212,Arjun Bose,Corporate,India,Kolkata,West Bengal,East,OFF-BI-1004,Office Supplies,Binders,Plastic Folder Set,1290.9,3,0.05,297.19
IN-2023-101331,2023-11-08,2023-11-10,Second Class,CU-1212,Arjun Bose,Corporate,India,Kolkata,West Bengal,East,OFF-ST-1003,Office Supplies,Storage,Desk Organizer,3204.5,5,0.3,-531.23
IN-2023-101331,2023-11-08,2023-11-10,Second Class,CU-1212,Arjun Bose,Corporate,India,Kolkata,West Bengal,East,FUR-TA-1002,Furniture,Tables,Computer Desk,9970.33,1,0,-383.93
IN-2023-100583,2023-11-10,2023-11-12,First Class,CU-1081,Siddharth Shah,Corporate,India,Mumbai,Maharashtra,West,FUR-FU-1001,Furniture,Furnishings,LED Desk Lamp,2096.96,2,0.3,-158.94
IN-2023-100583,2023-11-10,2023-11-12,First Class,CU-1081,Siddharth Shah,Corporate,India,Mumbai,Maharashtra,West,OFF-AR-1004,Office Supplies,Art,Artist Sketch Kit,5188.76,3,0,1027.97
IN-2023-100583,2023-11-10,2023-11-12,First Class,CU-1081,Siddharth Shah,Corporate,India,Mumbai,Maharashtra,West,OFF-PA-1001,Office Supplies,Paper,A4 Copier Paper 500 Sheets,1098.8,3,0,320.01
IN-2023-100583,2023-11-10,2023-11-12,First Class,CU-1081,Siddharth Shah,Corporate,India,Mumbai,Maharashtra,West,OFF-ST-1004,Office Supplies,Storage,Wall Mount Shelf Box,14916.16,8,0.15,-429.23
IN-2023-101680,2023-11-10,2023-11-13,Second Class,CU-1431,Pooja Iyer,Corporate,India,Pune,Maharashtra,West,FUR-FU-1002,Furniture,Furnishings,Wall Clock Classic,7832.84,8,0,1754.9
IN-2023-101680,2023-11-10,2023-11-13,Second Class,CU-1431,Pooja Iyer,Corporate,India,Pune,Maharashtra,West,OFF-BI-1004,Office Supplies,Binders,Plastic Folder Set,2208.67,5,0,579.15
IN-2023-101680,2023-11-10,2023-11-13,Second Class,CU-1431,Pooja Iyer,Corporate,India,Pune,Maharashtra,West,FUR-CH-1003,Furniture,Chairs,Mesh Back Task Chair,12489.81,3,0.2,-616.91
IN-2023-101680,2023-11-10,2023-11-13,Second Class,CU-1431,Pooja Iyer,Corporate,India,Pune,Maharashtra,West,FUR-BO-1004,Furniture,Bookcases,Modular Bookshelf,5362.56,1,0.3,-740.6
IN-2023-101557,2023-11-11,2023-11-17,Standard Class,CU-1323,Harsh Bose,Corporate,India,Pune,Maharashtra,West,OFF-BI-1004,Office Supplies,Binders,Plastic Folder Set,871.28,2,0,196.52
IN-2023-101557,2023-11-11,2023-11-17,Standard Class,CU-1323,Harsh Bose,Corporate,India,Pune,Maharashtra,West,OFF-AR-1002,Office Supplies,Art,Premium Pen Set,2673.89,2,0.05,612.35
IN-2023-101687,2023-11-11,2023-11-13,Second Class,CU-1065,Ananya Singh,Corporate,India,Kochi,Kerala,South,FUR-FU-1002,Furniture,Furnishings,Wall Clock Classic,1899.95,2,0,381.6
IN-2023-101687,2023-11-11,2023-11-13,Second Class,CU-1065,Ananya Singh,Corporate,India,Kochi,Kerala,South,OFF-PA-1003,Office Supplies,Paper,Sticky Notes Bulk Pack,1663.5,3,0.05,577.38
IN-2023-101687,2023-11-11,2023-11-13,Second Class,CU-1065,Ananya Singh,Corporate,India,Kochi,Kerala,South,OFF-PA-1003,Office Supplies,Paper,Sticky Notes Bulk Pack,2821.44,5,0,1231.21
IN-2023-101687,2023-11-11,2023-11-13,Second Class,CU-1065,Ananya Singh,Corporate,India,Kochi,Kerala,South,OFF-ST-1003,Office Supplies,Storage,Desk Organizer,721.35,1,0.15,-54.91
IN-2023-100423,2023-11-12,2023-11-14,First Class,CU-1256,Neha Bose,Corporate,India,Ahmedabad,Gujarat,West,TEC-CO-1003,Technology,Copiers,Mono Laser Printer,72021.99,4,0,27948.59
IN-2023-100423,2023-11-12,2023-11-14,First Class,CU-1256,Neha Bose,Corporate,India,Ahmedabad,Gujarat,West,TEC-AC-1002,Technology,Accessories,Mechanical Keyboard,24747.05,7,0,5458.63
IN-2023-100681,2023-11-12,2023-11-19,Standard Class,CU-1161,Yash Reddy,Home Office,India,Panaji,Goa,West,OFF-AR-1003,Office Supplies,Art,Highlighter Pack,248.11,1,0,55.9
IN-2023-100681,2023-11-12,2023-11-19,Standard Class,CU-1161,Yash Reddy,Home Office,India,Panaji,Goa,West,OFF-BI-1003,Office Supplies,Binders,Binding Machine Combs,1226.08,2,0.2,181.0
IN-2023-101311,2023-11-12,2023-11-18,Standard Class,CU-1436,Harsh Shah,Corporate,India,Ahmedabad,Gujarat,West,OFF-BI-1003,Office Supplies,Binders,Binding Machine Combs,4043.74,5,0,1428.73
IN-2023-100408,2023-11-13,2023-11-19,Standard Class,CU-1359,Swati Menon,Consumer,India,Amritsar,Punjab,North,FUR-FU-1003,Furniture,Furnishings,Office Curtain Set,4283.48,2,0.2,35.62
IN-2023-100408,2023-11-13,2023-11-19,Standard Class,CU-1359,Swati Menon,Consumer,India,Amritsar,Punjab,North,FUR-BO-1001,Furniture,Bookcases,Wooden Bookcase 5-Shelf,21137.98,2,0.1,-89.57
IN-2023-101327,2023-11-13,2023-11-13,Same Day,CU-1404,Harsh Shah,Consumer,India,Noida,Uttar Pradesh,North,OFF-AR-1001,Office Supplies,Art,Whiteboard Marker Set,354.02,1,0.15,68.09
IN-2023-100514,2023-11-14,2023-11-21,Standard Class,CU-1449,Divya Gupta,Home Office,India,Mysuru,Karnataka,South,FUR-CH-1002,Furniture,Chairs,Executive Leather Chair,49125.75,3,0.1,3212.75
IN-2023-100682,2023-11-15,2023-11-20,Standard Class,CU-1378,Pooja Das,Corporate,India,Kolkata,West Bengal,East,OFF-PA-1001,Office Supplies,Paper,A4 Copier Paper 500 Sheets,390.95,1,0,112.45
IN-2023-100682,2023-11-15,2023-11-20,Standard Class,CU-1378,Pooja Das,Corporate,India,Kolkata,West Bengal,East,OFF-BI-1004,Office Supplies,Binders,Plastic Folder Set,2227.37,5,0,825.34
IN-2023-100682,2023-11-15,2023-11-20,Standard Class,CU-1378,Pooja Das,Corporate,India,Kolkata,West Bengal,East,OFF-AR-1001,Office Supplies,Art,Whiteboard Marker Set,408.11,1,0,108.64
IN-2023-100747,2023-11-15,2023-11-21,Standard Class,CU-1146,Isha Kulkarni,Consumer,India,Kochi,Kerala,South,TEC-PH-1003,Technology,Phones,IP Desk Phone,15264.64,3,0.2,-975.48
IN-2023-100800,2023-11-15,2023-11-18,First Class,CU-1060,Swati Bose,Corporate,India,Ludhiana,Punjab,North,FUR-BO-1002,Furniture,Bookcases,Steel Library Rack,10606.31,1,0.3,-1647.95
IN-2023-100800,2023-11-15,2023-11-18,First Class,CU-1060,Swati Bose,Corporate,India,Ludhiana,Punjab,North,TEC-AC-1004,Technology,Accessories,Noise Cancelling Headset,22353.63,3,0,6702.15
IN-2023-100800,2023-11-15,2023-11-18,First Class,CU-1060,Swati Bose,Corporate,India,Ludhiana,Punjab,North,FUR-FU-1001,Furniture,Furnishings,LED Desk Lamp,7061.85,5,0,1942.63
IN-2023-100912,2023-11-16,2023-11-19,Second Class,CU-1383,Siddharth Patel,Consumer,India,Panaji,Goa,West,OFF-PA-1004,Office Supplies,Paper,Thermal Roll Pack,2030.76,4,0.3,200.65
IN-2023-101137,2023-11-16,2023-11-20,Second Class,CU-1422,Manish Iyer,Consumer,India,Kochi,Kerala,South,OFF-AR-1001,Office Supplies,Art,Whiteboard Marker Set,872.31,2,0,202.07
IN-2023-101137,2023-11-16,2023-11-20,Second Class,CU-1422,Manish Iyer,Consumer,India,Kochi,Kerala,South,OFF-AR-1004,Office Supplies,Art,Artist Sketch Kit,8977.99,5,0,2840.81
IN-2023-101456,2023-11-17,2023-11-23,Standard Class,CU-1422,Manish Iyer,Consumer,India,Kochi,Kerala,South,FUR-FU-1001,Furniture,Furnishings,LED Desk Lamp,1400.53,1,0.05,263.19
IN-2023-101456,2023-11-17,2023-11-23,Standard Class,CU-1422,Manish Iyer,Consumer,India,Kochi,Kerala,South,TEC-PH-1002,Technology,Phones,Smartphone Lite 64GB,64462.84,5,0,9789.21
IN-2023-101456,2023-11-17,2023-11-23,Standard Class,CU-1422,Manish Iyer,Consumer,India,Kochi,Kerala,South,FUR-FU-1002,Furniture,Furnishings,Wall Clock Classic,943.24,1,0.05,198.69
IN-2023-101456,2023-11-17,2023-11-23,Standard Class,CU-1422,Manish Iyer,Consumer,India,Kochi,Kerala,South,OFF-PA-1001,Office Supplies,Paper,A4 Copier Paper 500 Sheets,349.24,1,0.05,133.16
IN-2023-100431,2023-11-18,2023-11-20,Second Class,CU-1419,Karan Gupta,Consumer,India,Lucknow,Uttar Pradesh,North,OFF-PA-1002,Office Supplies,Paper,Premium Photo Paper,3291.81,3,0.15,832.68
IN-2023-100431,2023-11-18,2023-11-20,Second Class,CU-1419,Karan Gupta,Consumer,India,Lucknow,Uttar Pradesh,North,FUR-FU-1001,Furniture,Furnishings,LED Desk Lamp,4779.5,4,0.15,370.45
IN-2023-100823,2023-11-18,2023-11-22,Second Class,CU-1070,Arjun Kapoor,Consumer,India,Raipur,Chhattisgarh,Central,FUR-FU-1002,Furniture,Furnishings,Wall Clock Classic,2722.72,3,0,485.09
IN-2023-101338,2023-11-18,2023-11-20,First Class,CU-1046,Sneha Iyer,Home Office,India,Indore,Madhya Pradesh,Central,TEC-MA-1001,Technology,Machines,Currency Counting Machine,37977.86,5,0.2,-2264.18
IN-2023-101338,2023-11-18,2023-11-20,First Class,CU-1046,Sneha Iyer,Home Office,India,Indore,Madhya Pradesh,Central,FUR-CH-1003,Furniture,Chairs,Mesh Back Task Chair,27929.4,8,0.3,-6653.75
IN-2023-100023,2023-11-19,2023-11-23,Standard Class,CU-1092,Neha Gupta,Corporate,India,New Delhi,Delhi,North,OFF-PA-1004,Office Supplies,Paper,Thermal Roll Pack,585.62,1,0.15,124.85
IN-2023-101373,2023-11-21,2023-11-27,Standard Class,CU-1126,Aman Desai,Consumer,India,New Delhi,Delhi,North,FUR-FU-1002,Furniture,Furnishings,Wall Clock Classic,1310.81,2,0.3,-142.95
IN-2023-100095,2023-11-23,2023-11-26,Second Class,CU-1142,Sneha Verma,Home Office,India,Amritsar,Punjab,North,FUR-BO-1003,Furniture,Bookcases,Corner Display Unit,29330.63,4,0.2,-3565.48
IN-2023-100095,2023-11-23,2023-11-26,Second Class,CU-1142,Sneha Verma,Home Office,India,Amritsar,Punjab,North,OFF-ST-1001,Office Supplies,Storage,Steel Filing Cabinet,13237.5,1,0,1939.12
IN-2023-100095,2023-11-23,2023-11-26,Second Class,CU-1142,Sneha Verma,Home Office,India,Amritsar,Punjab,North,TEC-AC-1002,Technology,Accessories,Mechanical Keyboard,2443.5,1,0.3,-14.16
IN-2023-100090,2023-11-24,2023-11-28,Second Class,CU-1419,Karan Gupta,Consumer,India,Lucknow,Uttar Pradesh,North,OFF-AR-1003,Office Supplies,Art,Highlighter Pack,212.51,1,0.2,20.22
IN-2023-100090,2023-11-24,2023-11-28,Second Class,CU-1419,Karan Gupta,Consumer,India,Lucknow,Uttar Pradesh,North,FUR-FU-1001,Furniture,Furnishings,LED Desk Lamp,1460.87,1,0,297.55
IN-2023-100090,2023-11-24,2023-11-28,Second Class,CU-1419,Karan Gupta,Consumer,India,Lucknow,Uttar Pradesh,North,FUR-FU-1003,Furniture,Furnishings,Office Curtain Set,2368.37,1,0.15,85.76
IN-2023-100090,2023-11-24,2023-11-28,Second Class,CU-1419,Karan Gupta,Consumer,India,Lucknow,Uttar Pradesh,North,OFF-BI-1004,Office Supplies,Binders,Plastic Folder Set,456.36,1,0,145.9
IN-2023-101221,2023-11-24,2023-11-26,Second Class,CU-1406,Swati Iyer,Home Office,India,Indore,Madhya Pradesh,Central,OFF-AR-1001,Office Supplies,Art,Whiteboard Marker Set,435.57,1,0,96.88
IN-2023-100059,2023-11-25,2023-11-28,First Class,CU-1172,Ananya Sharma,Home Office,India,Hyderabad,Telangana,South,FUR-FU-1003,Furniture,Furnishings,Office Curtain Set,2638.85,1,0.05,440.81
IN-2023-100059,2023-11-25,2023-11-28,First Class,CU-1172,Ananya Sharma,Home Office,India,Hyderabad,Telangana,South,TEC-AC-1003,Technology,Accessories,USB-C Hub 7-in-1,4543.47,2,0.05,1066.86
IN-2023-100582,2023-11-25,2023-11-29,Second Class,CU-1206,Isha Kapoor,Consumer,India,Kolkata,West Bengal,East,OFF-BI-1003,Office Supplies,Binders,Binding Machine Combs,727.62,1,0.05,199.22
IN-2023-100582,2023-11-25,2023-11-29,Second Class,CU-1206,Isha Kapoor,Consumer,India,Kolkata,West Bengal,East,OFF-BI-1003,Office Supplies,Binders,Binding Machine Combs,702.16,1,0.1,127.81
IN-2023-100744,2023-11-25,2023-11-30,Standard Class,CU-1333,Manish Sharma,Corporate,India,Jaipur,Rajasthan,North,OFF-BI-1004,Office Supplies,Binders,Plastic Folder Set,468.16,1,0,140.1
IN-2023-100744,2023-11-25,2023-11-30,Standard Class,CU-1333,Manish Sharma,Corporate,India,Jaipur,Rajasthan,North,OFF-AR-1003,Office Supplies,Art,Highlighter Pack,518.09,2,0,155.62
IN-2023-100744,2023-11-25,2023-11-30,Standard Class,CU-1333,Manish Sharma,Corporate,India,Jaipur,Rajasthan,North,OFF-PA-1001,Office Supplies,Paper,A4 Copier Paper 500 Sheets,395.09,1,0,161.83
IN-2023-100937,2023-11-25,2023-11-28,First Class,CU-1071,Nikhil Rao,Consumer,India,Noida,Uttar Pradesh,North,OFF-BI-1002,Office Supplies,Binders,Heavy Duty Lever Arch File,1580.8,5,0.1,220.96
IN-2023-101147,2023-11-25,2023-12-02,Standard Class,CU-1216,Arjun Kulkarni,Corporate,India,Panaji,Goa,West,TEC-MA-1004,Technology,Machines,Paper Shredder 20-Sheet,19716.92,2,0.15,-1034.54
IN-2023-101112,2023-11-26,2023-11-27,First Class,CU-1193,Arjun Bose,Corporate,India,Coimbatore,Tamil Nadu,South,FUR-FU-1002,Furniture,Furnishings,Wall Clock Classic,839.25,1,0.1,95.13
IN-2023-101112,2023-11-26,2023-11-27,First Class,CU-1193,Arjun Bose,Corporate,India,Coimbatore,Tamil Nadu,South,OFF-PA-1001,Office Supplies,Paper,A4 Copier Paper 500 Sheets,1106.85,3,0.05,393.92
IN-2023-101495,2023-11-26,2023-11-30,Standard Class,CU-1386,Pranav Nair,Home Office,India,Kolkata,West Bengal,East,OFF-PA-1002,Office Supplies,Paper,Premium Photo Paper,1745.68,2,0.3,241.9
IN-2023-101495,2023-11-26,2023-11-30,Standard Class,CU-1386,Pranav Nair,Home Office,India,Kolkata,West Bengal,East,FUR-CH-1003,Furniture,Chairs,Mesh Back Task Chair,27191.57,5,0,2051.99
IN-2023-101495,2023-11-26,2023-11-30,Standard Class,CU-1386,Pranav Nair,Home Office,India,Kolkata,West Bengal,East,FUR-TA-1002,Furniture,Tables,Computer Desk,25665.46,3,0.1,-2678.94
IN-2023-101257,2023-11-27,2023-12-04,Standard Class,CU-1193,Arjun Bose,Corporate,India,Coimbatore,Tamil Nadu,South,OFF-ST-1003,Office Supplies,Storage,Desk Organizer,884.6,1,0,47.47
IN-2023-101257,2023-11-27,2023-12-04,Standard Class,CU-1193,Arjun Bose,Corporate,India,Coimbatore,Tamil Nadu,South,TEC-CO-1001,Technology,Copiers,Laser Copier Compact,141481.79,3,0,43085.44
IN-2023-100772,2023-12-02,2023-12-06,Standard Class,CU-1293,Tanvi Kulkarni,Consumer,India,Kochi,Kerala,South,TEC-MA-1004,Technology,Machines,Paper Shredder 20-Sheet,59969.15,6,0.1,-1845.04
IN-2023-101671,2023-12-02,2023-12-08,Standard Class,CU-1289,Aarav Nair,Home Office,India,Lucknow,Uttar Pradesh,North,OFF-BI-1002,Office Supplies,Binders,Heavy Duty Lever Arch File,653.27,2,0,157.81
IN-2023-101618,2023-12-03,2023-12-10,Standard Class,CU-1108,Shruti Desai,Home Office,India,Ludhiana,Punjab,North,FUR-BO-1004,Furniture,Bookcases,Modular Bookshelf,30730.41,4,0,3034.54
IN-2023-101618,2023-12-03,2023-12-10,Standard Class,CU-1108,Shruti Desai,Home Office,India,Ludhiana,Punjab,North,OFF-BI-1002,Office Supplies,Binders,Heavy Duty Lever Arch File,1396.79,4,0,374.69
IN-2023-100803,2023-12-04,2023-12-10,Standard Class,CU-1030,Varun Bose,Consumer,India,Noida,Uttar Pradesh,North,OFF-AR-1003,Office Supplies,Art,Highlighter Pack,818.1,3,0,193.91
IN-2023-100803,2023-12-04,2023-12-10,Standard Class,CU-1030,Varun Bose,Consumer,India,Noida,Uttar Pradesh,North,TEC-PH-1002,Technology,Phones,Smartphone Lite 64GB,25128.95,2,0.05,4275.52
IN-2023-100803,2023-12-04,2023-12-10,Standard Class,CU-1030,Varun Bose,Consumer,India,Noida,Uttar Pradesh,North,OFF-BI-1001,Office Supplies,Binders,Ring Binder A4 (Pack of 10),626.22,1,0,162.58
IN-2023-100775,2023-12-05,2023-12-08,Second Class,CU-1079,Diya Rao,Corporate,India,Chennai,Tamil Nadu,South,TEC-AC-1001,Technology,Accessories,Wireless Mouse,5247.53,8,0.3,-343.84
IN-2023-101439,2023-12-05,2023-12-08,First Class,CU-1163,Riya Kulkarni,Consumer,India,Ludhiana,Punjab,North,OFF-BI-1004,Office Supplies,Binders,Plastic Folder Set,923.49,2,0,315.0
IN-2023-101439,2023-12-05,2023-12-08,First Class,CU-1163,Riya Kulkarni,Consumer,India,Ludhiana,Punjab,North,FUR-FU-1004,Furniture,Furnishings,Anti-Fatigue Floor Mat,1498.4,1,0.15,95.97
IN-2023-101439,2023-12-05,2023-12-08,First Class,CU-1163,Riya Kulkarni,Consumer,India,Ludhiana,Punjab,North,TEC-MA-1003,Technology,Machines,Laminating Machine,16750.07,3,0.15,-1087.58
IN-2023-100042,2023-12-06,2023-12-10,Second Class,CU-1048,Nikhil Iyer,Consumer,India,Indore,Madhya Pradesh,Central,TEC-MA-1003,Technology,Machines,Laminating Machine,33766.5,5,0,2322.08
IN-2023-100409,2023-12-06,2023-12-10,Standard Class,CU-1339,Isha Singh,Consumer,India,Raipur,Chhattisgarh,Central,FUR-FU-1002,Furniture,Furnishings,Wall Clock Classic,1886.87,2,0,376.13
IN-2023-100409,2023-12-06,2023-12-10,Standard Class,CU-1339,Isha Singh,Consumer,India,Raipur,Chhattisgarh,Central,OFF-BI-1002,Office Supplies,Binders,Heavy Duty Lever Arch File,346.22,1,0,119.97
IN-2023-100749,2023-12-06,2023-12-08,First Class,CU-1373,Aman Iyer,Consumer,India,Bengaluru,Karnataka,South,FUR-TA-1001,Furniture,Tables,Conference Table 8-Seater,87568.5,2,0,-6188.5
IN-2023-100749,2023-12-06,2023-12-08,First Class,CU-1373,Aman Iyer,Consumer,India,Bengaluru,Karnataka,South,OFF-PA-1003,Office Supplies,Paper,Sticky Notes Bulk Pack,461.96,1,0.2,75.99
IN-2023-100966,2023-12-06,2023-12-13,Standard Class,CU-1276,Varun Reddy,Corporate,India,Nagpur,Maharashtra,West,OFF-ST-1002,Office Supplies,Storage,Plastic Storage Box Set,4810.82,3,0,760.1
IN-2023-100433,2023-12-08,2023-12-12,Standard Class,CU-1289,Aarav Nair,Home Office,India,Lucknow,Uttar Pradesh,North,OFF-PA-1003,Office Supplies,Paper,Sticky Notes Bulk Pack,584.84,1,0,244.18
IN-2023-100433,2023-12-08,2023-12-12,Standard Class,CU-1289,Aarav Nair,Home Office,India,Lucknow,Uttar Pradesh,North,OFF-BI-1001,Office Supplies,Binders,Ring Binder A4 (Pack of 10),1216.99,2,0,367.53
IN-2023-100433,2023-12-08,2023-12-12,Standard Class,CU-1289,Aarav Nair,Home Office,India,Lucknow,Uttar Pradesh,North,OFF-BI-1004,Office Supplies,Binders,Plastic Folder Set,918.24,2,0,306.22
IN-2023-100433,2023-12-08,2023-12-12,Standard Class,CU-1289,Aarav Nair,Home Office,India,Lucknow,Uttar Pradesh,North,OFF-AR-1003,Office Supplies,Art,Highlighter Pack,247.62,1,0,70.2
IN-2023-101655,2023-12-08,2023-12-14,Standard Class,CU-1013,Swati Patel,Consumer,India,Coimbatore,Tamil Nadu,South,OFF-PA-1004,Office Supplies,Paper,Thermal Roll Pack,1149.57,2,0.2,225.91
IN-2023-101655,2023-12-08,2023-12-14,Standard Class,CU-1013,Swati Patel,Consumer,India,Coimbatore,Tamil Nadu,South,TEC-AC-1001,Technology,Accessories,Wireless Mouse,1726.05,2,0.1,253.7
IN-2023-100314,2023-12-09,2023-12-13,Standard Class,CU-1127,Ananya Shah,Consumer,India,Chennai,Tamil Nadu,South,OFF-AR-1001,Office Supplies,Art,Whiteboard Marker Set,355.07,1,0.15,53.9
IN-2023-100314,2023-12-09,2023-12-13,Standard Class,CU-1127,Ananya Shah,Consumer,India,Chennai,Tamil Nadu,South,TEC-PH-1001,Technology,Phones,Smartphone Pro 128GB,25322.02,1,0.3,-3766.98
IN-2023-100314,2023-12-09,2023-12-13,Standard Class,CU-1127,Ananya Shah,Consumer,India,Chennai,Tamil Nadu,South,TEC-PH-1001,Technology,Phones,Smartphone Pro 128GB,92033.75,3,0.15,1289.1
IN-2023-101601,2023-12-09,2023-12-15,Standard Class,CU-1216,Arjun Kulkarni,Corporate,India,Panaji,Goa,West,TEC-PH-1002,Technology,Phones,Smartphone Lite 64GB,64639.99,5,0,12838.84
IN-2023-101601,2023-12-09,2023-12-15,Standard Class,CU-1216,Arjun Kulkarni,Corporate,India,Panaji,Goa,West,FUR-FU-1003,Furniture,Furnishings,Office Curtain Set,14385.49,7,0.3,-445.27
IN-2023-100382,2023-12-11,2023-12-16,Standard Class,CU-1435,Neha Desai,Consumer,India,Surat,Gujarat,West,TEC-PH-1003,Technology,Phones,IP Desk Phone,25849.43,4,0,4467.93
IN-2023-100382,2023-12-11,2023-12-16,Standard Class,CU-1435,Neha Desai,Consumer,India,Surat,Gujarat,West,OFF-AR-1003,Office Supplies,Art,Highlighter Pack,545.54,2,0,99.39
IN-2023-100836,2023-12-11,2023-12-16,Standard Class,CU-1104,Aman Mehta,Consumer,India,Ahmedabad,Gujarat,West,TEC-MA-1002,Technology,Machines,Barcode Label Printer,11532.45,1,0.3,-2841.69
IN-2023-100928,2023-12-11,2023-12-13,First Class,CU-1007,Manish Patel,Corporate,India,Patna,Bihar,East,TEC-CO-1002,Technology,Copiers,Multifunction Copier Pro,316464.59,4,0,104835.63
IN-2023-101548,2023-12-12,2023-12-15,Second Class,CU-1019,Manish Menon,Corporate,India,Kolkata,West Bengal,East,FUR-CH-1003,Furniture,Chairs,Mesh Back Task Chair,12730.62,3,0.15,224.76
IN-2023-100983,2023-12-13,2023-12-17,Standard Class,CU-1197,Aditya Pillai,Consumer,India,Panaji,Goa,West,OFF-BI-1004,Office Supplies,Binders,Plastic Folder Set,324.58,1,0.3,6.77
IN-2023-101540,2023-12-14,2023-12-21,Standard Class,CU-1053,Nikhil Rao,Consumer,India,Panaji,Goa,West,OFF-PA-1001,Office Supplies,Paper,A4 Copier Paper 500 Sheets,1165.76,3,0,378.72
IN-2023-100637,2023-12-15,2023-12-17,Second Class,CU-1075,Shruti Desai,Corporate,India,Noida,Uttar Pradesh,North,FUR-FU-1004,Furniture,Furnishings,Anti-Fatigue Floor Mat,1530.01,1,0.2,123.71
IN-2023-100440,2023-12-16,2023-12-23,Standard Class,CU-1059,Arjun Iyer,Home Office,India,Kochi,Kerala,South,FUR-CH-1003,Furniture,Chairs,Mesh Back Task Chair,4012.53,1,0.2,-193.43
IN-2023-100404,2023-12-18,2023-12-19,First Class,CU-1225,Vihaan Joshi,Consumer,India,Jaipur,Rajasthan,North,OFF-PA-1001,Office Supplies,Paper,A4 Copier Paper 500 Sheets,307.04,1,0.15,89.59
IN-2023-100404,2023-12-18,2023-12-19,First Class,CU-1225,Vihaan Joshi,Consumer,India,Jaipur,Rajasthan,North,FUR-BO-1001,Furniture,Bookcases,Wooden Bookcase 5-Shelf,22757.46,2,0,864.86
IN-2023-101278,2023-12-18,2023-12-23,Standard Class,CU-1186,Varun Joshi,Consumer,India,Bhubaneswar,Odisha,East,OFF-BI-1001,Office Supplies,Binders,Ring Binder A4 (Pack of 10),581.12,1,0.1,100.86
IN-2023-100918,2023-12-19,2023-12-25,Standard Class,CU-1394,Varun Kapoor,Corporate,India,Surat,Gujarat,West,FUR-FU-1003,Furniture,Furnishings,Office Curtain Set,11116.17,4,0,2259.72
IN-2023-101303,2023-12-20,2023-12-24,Standard Class,CU-1227,Arjun Sharma,Consumer,India,Noida,Uttar Pradesh,North,FUR-CH-1001,Furniture,Chairs,Ergonomic Office Chair,8140.38,1,0,1203.03
IN-2023-100827,2023-12-21,2023-12-26,Standard Class,CU-1159,Siddharth Menon,Consumer,India,Bhopal,Madhya Pradesh,Central,TEC-MA-1004,Technology,Machines,Paper Shredder 20-Sheet,11004.87,1,0,174.84
IN-2023-100827,2023-12-21,2023-12-26,Standard Class,CU-1159,Siddharth Menon,Consumer,India,Bhopal,Madhya Pradesh,Central,OFF-AR-1001,Office Supplies,Art,Whiteboard Marker Set,2620.43,6,0,529.16
IN-2023-101095,2023-12-21,2023-12-23,First Class,CU-1425,Pooja Das,Consumer,India,Coimbatore,Tamil Nadu,South,TEC-MA-1003,Technology,Machines,Laminating Machine,46119.21,7,0,5789.61
IN-2023-101597,2023-12-21,2023-12-27,Standard Class,CU-1065,Ananya Singh,Corporate,India,Kochi,Kerala,South,OFF-ST-1002,Office Supplies,Storage,Plastic Storage Box Set,3341.74,2,0,369.64
IN-2023-100439,2023-12-22,2023-12-29,Standard Class,CU-1240,Vihaan Patel,Consumer,India,Surat,Gujarat,West,TEC-AC-1004,Technology,Accessories,Noise Cancelling Headset,15101.23,2,0,5266.24
IN-2023-100439,2023-12-22,2023-12-29,Standard Class,CU-1240,Vihaan Patel,Consumer,India,Surat,Gujarat,West,OFF-BI-1004,Office Supplies,Binders,Plastic Folder Set,751.9,2,0.15,172.01
IN-2023-100958,2023-12-22,2023-12-26,Standard Class,CU-1043,Neha Pillai,Corporate,India,Surat,Gujarat,West,FUR-FU-1001,Furniture,Furnishings,LED Desk Lamp,8121.22,6,0.1,1563.03
IN-2023-100958,2023-12-22,2023-12-26,Standard Class,CU-1043,Neha Pillai,Corporate,India,Surat,Gujarat,West,FUR-CH-1004,Furniture,Chairs,Visitor Chair Set,3313.83,1,0.15,-63.02
IN-2023-101576,2023-12-22,2023-12-27,Standard Class,CU-1297,Manish Gupta,Corporate,India,Kochi,Kerala,South,OFF-PA-1003,Office Supplies,Paper,Sticky Notes Bulk Pack,3341.47,7,0.15,766.81
IN-2023-100388,2023-12-23,2023-12-28,Standard Class,CU-1051,Pooja Mehta,Consumer,India,New Delhi,Delhi,North,OFF-AR-1003,Office Supplies,Art,Highlighter Pack,881.32,5,0.3,17.64
IN-2023-100574,2023-12-23,2023-12-27,Second Class,CU-1421,Aman Das,Corporate,India,Panaji,Goa,West,OFF-PA-1002,Office Supplies,Paper,Premium Photo Paper,1073.06,1,0.1,277.39
IN-2023-100574,2023-12-23,2023-12-27,Second Class,CU-1421,Aman Das,Corporate,India,Panaji,Goa,West,OFF-ST-1003,Office Supplies,Storage,Desk Organizer,3517.96,4,0,478.72
IN-2023-100915,2023-12-23,2023-12-27,Standard Class,CU-1037,Vihaan Das,Corporate,India,Bengaluru,Karnataka,South,OFF-PA-1001,Office Supplies,Paper,A4 Copier Paper 500 Sheets,1570.54,4,0,397.35
IN-2023-100915,2023-12-23,2023-12-27,Standard Class,CU-1037,Vihaan Das,Corporate,India,Bengaluru,Karnataka,South,OFF-PA-1004,Office Supplies,Paper,Thermal Roll Pack,2376.31,4,0.15,543.71
IN-2023-101336,2023-12-23,2023-12-30,Standard Class,CU-1046,Sneha Iyer,Home Office,India,Indore,Madhya Pradesh,Central,OFF-PA-1002,Office Supplies,Paper,Premium Photo Paper,3245.49,3,0.15,708.58
IN-2023-101336,2023-12-23,2023-12-30,Standard Class,CU-1046,Sneha Iyer,Home Office,India,Indore,Madhya Pradesh,Central,FUR-FU-1003,Furniture,Furnishings,Office Curtain Set,2927.66,1,0,559.78
IN-2023-101634,2023-12-23,2023-12-25,Second Class,CU-1179,Pranav Patel,Consumer,India,Ludhiana,Punjab,North,TEC-MA-1001,Technology,Machines,Currency Counting Machine,9006.34,1,0,741.96
IN-2023-101634,2023-12-23,2023-12-25,Second Class,CU-1179,Pranav Patel,Consumer,India,Ludhiana,Punjab,North,TEC-MA-1004,Technology,Machines,Paper Shredder 20-Sheet,29621.06,3,0.1,-1021.35
IN-2023-101376,2023-12-25,2023-12-25,Same Day,CU-1053,Nikhil Rao,Consumer,India,Panaji,Goa,West,OFF-ST-1001,Office Supplies,Storage,Steel Filing Cabinet,40602.56,4,0.2,-5475.46
IN-2023-101376,2023-12-25,2023-12-25,Same Day,CU-1053,Nikhil Rao,Consumer,India,Panaji,Goa,West,OFF-BI-1003,Office Supplies,Binders,Binding Machine Combs,526.31,1,0.3,-2.79
IN-2023-100873,2023-12-26,2023-12-31,Standard Class,CU-1164,Yash Pillai,Consumer,India,New Delhi,Delhi,North,OFF-BI-1002,Office Supplies,Binders,Heavy Duty Lever Arch File,556.23,2,0.2,31.02
IN-2023-100873,2023-12-26,2023-12-31,Standard Class,CU-1164,Yash Pillai,Consumer,India,New Delhi,Delhi,North,OFF-PA-1003,Office Supplies,Paper,Sticky Notes Bulk Pack,466.0,1,0.15,121.25
IN-2023-100920,2023-12-26,2024-01-02,Standard Class,CU-1356,Yash Rao,Consumer,India,Kochi,Kerala,South,OFF-BI-1002,Office Supplies,Binders,Heavy Duty Lever Arch File,309.47,1,0.1,60.52
IN-2023-100920,2023-12-26,2024-01-02,Standard Class,CU-1356,Yash Rao,Consumer,India,Kochi,Kerala,South,FUR-FU-1001,Furniture,Furnishings,LED Desk Lamp,5563.53,4,0,1179.0
IN-2023-101195,2023-12-26,2024-01-01,Standard Class,CU-1356,Yash Rao,Consumer,India,Kochi,Kerala,South,OFF-BI-1004,Office Supplies,Binders,Plastic Folder Set,939.45,2,0,237.79
IN-2023-101159,2023-12-27,2023-12-31,Standard Class,CU-1107,Shruti Mehta,Consumer,India,Kochi,Kerala,South,TEC-PH-1003,Technology,Phones,IP Desk Phone,6353.06,1,0,1746.63
IN-2023-101159,2023-12-27,2023-12-31,Standard Class,CU-1107,Shruti Mehta,Consumer,India,Kochi,Kerala,South,TEC-PH-1002,Technology,Phones,Smartphone Lite 64GB,11868.21,1,0.05,1321.14
IN-2023-100469,2023-12-28,2023-12-30,Second Class,CU-1400,Divya Gupta,Home Office,India,Mysuru,Karnataka,South,FUR-TA-1002,Furniture,Tables,Computer Desk,19460.68,2,0.05,-1584.44
IN-2023-100764,2023-12-28,2024-01-02,Standard Class,CU-1343,Arjun Chopra,Corporate,India,Raipur,Chhattisgarh,Central,FUR-FU-1004,Furniture,Furnishings,Anti-Fatigue Floor Mat,1259.93,1,0.3,-119.03
IN-2023-100764,2023-12-28,2024-01-02,Standard Class,CU-1343,Arjun Chopra,Corporate,India,Raipur,Chhattisgarh,Central,FUR-FU-1003,Furniture,Furnishings,Office Curtain Set,13855.77,5,0,1505.35
IN-2023-100764,2023-12-28,2024-01-02,Standard Class,CU-1343,Arjun Chopra,Corporate,India,Raipur,Chhattisgarh,Central,TEC-PH-1003,Technology,Phones,IP Desk Phone,4530.92,1,0.3,-303.66
IN-2023-101414,2023-12-28,2023-12-28,Same Day,CU-1179,Pranav Patel,Consumer,India,Ludhiana,Punjab,North,TEC-CO-1004,Technology,Copiers,Document Scanner,64181.48,3,0,17746.19
IN-2023-101414,2023-12-28,2023-12-28,Same Day,CU-1179,Pranav Patel,Consumer,India,Ludhiana,Punjab,North,OFF-ST-1003,Office Supplies,Storage,Desk Organizer,1798.63,2,0,172.09
IN-2023-101649,2023-12-28,2023-12-30,First Class,CU-1163,Riya Kulkarni,Consumer,India,Ludhiana,Punjab,North,FUR-TA-1002,Furniture,Tables,Computer Desk,10066.66,1,0,-415.3
IN-2023-101649,2023-12-28,2023-12-30,First Class,CU-1163,Riya Kulkarni,Consumer,India,Ludhiana,Punjab,North,FUR-BO-1003,Furniture,Bookcases,Corner Display Unit,18448.34,2,0,1400.28
IN-2024-101449,2024-01-01,2024-01-05,Second Class,CU-1404,Harsh Shah,Consumer,India,Noida,Uttar Pradesh,North,OFF-BI-1004,Office Supplies,Binders,Plastic Folder Set,1190.41,3,0.1,318.11
IN-2024-100204,2024-01-02,2024-01-05,Second Class,CU-1078,Priya Verma,Corporate,India,Noida,Uttar Pradesh,North,TEC-AC-1004,Technology,Accessories,Noise Cancelling Headset,16720.06,3,0.3,92.32
IN-2024-100204,2024-01-02,2024-01-05,Second Class,CU-1078,Priya Verma,Corporate,India,Noida,Uttar Pradesh,North,OFF-AR-1004,Office Supplies,Art,Artist Sketch Kit,3077.35,2,0.15,426.38
IN-2024-100268,2024-01-02,2024-01-04,Second Class,CU-1323,Harsh Bose,Corporate,India,Pune,Maharashtra,West,OFF-AR-1001,Office Supplies,Art,Whiteboard Marker Set,425.39,1,0,107.85
IN-2024-101273,2024-01-02,2024-01-09,Standard Class,CU-1173,Aditya Verma,Home Office,India,Hyderabad,Telangana,South,TEC-PH-1003,Technology,Phones,IP Desk Phone,24282.1,4,0,3727.51
IN-2024-101273,2024-01-02,2024-01-09,Standard Class,CU-1173,Aditya Verma,Home Office,India,Hyderabad,Telangana,South,FUR-CH-1004,Furniture,Chairs,Visitor Chair Set,3182.49,1,0.15,-81.19
IN-2024-100549,2024-01-03,2024-01-04,First Class,CU-1071,Nikhil Rao,Consumer,India,Noida,Uttar Pradesh,North,OFF-PA-1001,Office Supplies,Paper,A4 Copier Paper 500 Sheets,1005.74,3,0.1,293.54
IN-2024-100549,2024-01-03,2024-01-04,First Class,CU-1071,Nikhil Rao,Consumer,India,Noida,Uttar Pradesh,North,OFF-BI-1004,Office Supplies,Binders,Plastic Folder Set,1419.12,4,0.2,128.24
IN-2024-100705,2024-01-03,2024-01-03,Same Day,CU-1364,Shruti Reddy,Corporate,India,Panaji,Goa,West,OFF-PA-1003,Office Supplies,Paper,Sticky Notes Bulk Pack,2278.36,4,0,923.04
IN-2024-100560,2024-01-04,2024-01-09,Standard Class,CU-1244,Sneha Singh,Consumer,India,Bhubaneswar,Odisha,East,OFF-ST-1003,Office Supplies,Storage,Desk Organizer,1536.95,2,0.15,-70.06
IN-2024-100847,2024-01-06,2024-01-10,Standard Class,CU-1436,Harsh Shah,Corporate,India,Ahmedabad,Gujarat,West,FUR-CH-1003,Furniture,Chairs,Mesh Back Task Chair,15853.21,3,0,1571.31
IN-2024-100004,2024-01-07,2024-01-11,Standard Class,CU-1296,Arjun Nair,Home Office,India,Jaipur,Rajasthan,North,TEC-AC-1002,Technology,Accessories,Mechanical Keyboard,3141.85,1,0.1,706.85
IN-2024-100534,2024-01-09,2024-01-16,Standard Class,CU-1032,Aarav Iyer,Corporate,India,Ludhiana,Punjab,North,OFF-BI-1002,Office Supplies,Binders,Heavy Duty Lever Arch File,857.58,3,0.15,109.18
IN-2024-100534,2024-01-09,2024-01-16,Standard Class,CU-1032,Aarav Iyer,Corporate,India,Ludhiana,Punjab,North,TEC-CO-1001,Technology,Copiers,Laser Copier Compact,47723.23,1,0,16912.66
IN-2024-101488,2024-01-09,2024-01-13,Standard Class,CU-1331,Sneha Rao,Corporate,India,Noida,Uttar Pradesh,North,OFF-PA-1001,Office Supplies,Paper,A4 Copier Paper 500 Sheets,1897.05,5,0,658.52
IN-2024-100303,2024-01-11,2024-01-11,Same Day,CU-1180,Aditya Desai,Consumer,India,Hyderabad,Telangana,South,OFF-AR-1001,Office Supplies,Art,Whiteboard Marker Set,1716.01,4,0,419.17
IN-2024-101262,2024-01-13,2024-01-15,First Class,CU-1315,Harsh Bose,Home Office,India,Noida,Uttar Pradesh,North,OFF-ST-1004,Office Supplies,Storage,Wall Mount Shelf Box,8509.35,4,0,994.36
IN-2024-101323,2024-01-13,2024-01-17,Standard Class,CU-1049,Rahul Gupta,Consumer,India,Noida,Uttar Pradesh,North,OFF-AR-1003,Office Supplies,Art,Highlighter Pack,999.84,4,0,256.95
IN-2024-101323,2024-01-13,2024-01-17,Standard Class,CU-1049,Rahul Gupta,Consumer,India,Noida,Uttar Pradesh,North,FUR-FU-1002,Furniture,Furnishings,Wall Clock Classic,2771.23,3,0,618.43
IN-2024-101323,2024-01-13,2024-01-17,Standard Class,CU-1049,Rahul Gupta,Consumer,India,Noida,Uttar Pradesh,North,FUR-FU-1001,Furniture,Furnishings,LED Desk Lamp,1288.62,1,0.15,105.74
IN-2024-101323,2024-01-13,2024-01-17,Standard Class,CU-1049,Rahul Gupta,Consumer,India,Noida,Uttar Pradesh,North,FUR-BO-1001,Furniture,Bookcases,Wooden Bookcase 5-Shelf,11767.88,1,0,918.16
IN-2024-100570,2024-01-14,2024-01-18,Standard Class,CU-1310,Swati Sharma,Consumer,India,Lucknow,Uttar Pradesh,North,TEC-AC-1004,Technology,Accessories,Noise Cancelling Headset,12744.61,2,0.2,522.2
IN-2024-100570,2024-01-14,2024-01-18,Standard Class,CU-1310,Swati Sharma,Consumer,India,Lucknow,Uttar Pradesh,North,TEC-AC-1001,Technology,Accessories,Wireless Mouse,6839.85,7,0,2181.31
IN-2024-100570,2024-01-14,2024-01-18,Standard Class,CU-1310,Swati Sharma,Consumer,India,Lucknow,Uttar Pradesh,North,OFF-BI-1004,Office Supplies,Binders,Plastic Folder Set,1283.44,3,0,377.4
IN-2024-101351,2024-01-14,2024-01-18,Standard Class,CU-1063,Sanjana Joshi,Home Office,India,Kochi,Kerala,South,TEC-PH-1002,Technology,Phones,Smartphone Lite 64GB,12439.24,1,0,2174.67
IN-2024-100128,2024-01-16,2024-01-16,Same Day,CU-1154,Meera Mehta,Home Office,India,Panaji,Goa,West,OFF-PA-1001,Office Supplies,Paper,A4 Copier Paper 500 Sheets,782.55,2,0,278.05
IN-2024-101096,2024-01-16,2024-01-16,Same Day,CU-1136,Arjun Pillai,Consumer,India,Amritsar,Punjab,North,OFF-PA-1001,Office Supplies,Paper,A4 Copier Paper 500 Sheets,551.81,2,0.3,59.27
IN-2024-101310,2024-01-16,2024-01-19,First Class,CU-1037,Vihaan Das,Corporate,India,Bengaluru,Karnataka,South,OFF-ST-1004,Office Supplies,Storage,Wall Mount Shelf Box,1717.22,1,0.15,-51.59
IN-2024-100525,2024-01-17,2024-01-20,First Class,CU-1261,Shruti Rao,Home Office,India,Hyderabad,Telangana,South,OFF-PA-1001,Office Supplies,Paper,A4 Copier Paper 500 Sheets,701.6,2,0.1,211.33
IN-2024-100525,2024-01-17,2024-01-20,First Class,CU-1261,Shruti Rao,Home Office,India,Hyderabad,Telangana,South,TEC-CO-1004,Technology,Copiers,Document Scanner,111718.55,5,0,37607.66
IN-2024-100525,2024-01-17,2024-01-20,First Class,CU-1261,Shruti Rao,Home Office,India,Hyderabad,Telangana,South,OFF-BI-1001,Office Supplies,Binders,Ring Binder A4 (Pack of 10),2678.25,5,0.1,550.76
IN-2024-101317,2024-01-17,2024-01-20,First Class,CU-1027,Swati Iyer,Home Office,India,Bhopal,Madhya Pradesh,Central,OFF-AR-1003,Office Supplies,Art,Highlighter Pack,747.69,3,0,197.82
IN-2024-101367,2024-01-19,2024-01-24,Standard Class,CU-1109,Kavya Pillai,Consumer,India,New Delhi,Delhi,North,FUR-FU-1003,Furniture,Furnishings,Office Curtain Set,8487.11,3,0,1984.77
IN-2024-100646,2024-01-20,2024-01-24,Standard Class,CU-1350,Neha Shah,Consumer,India,New Delhi,Delhi,North,FUR-FU-1001,Furniture,Furnishings,LED Desk Lamp,6758.69,7,0.3,-580.47
IN-2024-100153,2024-01-21,2024-01-21,Same Day,CU-1199,Rohan Pillai,Consumer,India,Lucknow,Uttar Pradesh,North,OFF-AR-1001,Office Supplies,Art,Whiteboard Marker Set,2350.62,6,0.1,561.74
IN-2024-100153,2024-01-21,2024-01-21,Same Day,CU-1199,Rohan Pillai,Consumer,India,Lucknow,Uttar Pradesh,North,FUR-CH-1002,Furniture,Chairs,Executive Leather Chair,76511.31,5,0.15,-7287.18
IN-2024-100205,2024-01-23,2024-01-25,First Class,CU-1063,Sanjana Joshi,Home Office,India,Kochi,Kerala,South,TEC-CO-1003,Technology,Copiers,Mono Laser Printer,32919.54,2,0.05,7444.66
IN-2024-100205,2024-01-23,2024-01-25,First Class,CU-1063,Sanjana Joshi,Home Office,India,Kochi,Kerala,South,OFF-ST-1004,Office Supplies,Storage,Wall Mount Shelf Box,14502.07,7,0,2060.03
IN-2024-100451,2024-01-23,2024-01-27,Standard Class,CU-1293,Tanvi Kulkarni,Consumer,India,Kochi,Kerala,South,OFF-AR-1003,Office Supplies,Art,Highlighter Pack,210.8,1,0.2,21.41
IN-2024-101015,2024-01-24,2024-01-30,Standard Class,CU-1290,Rohan Iyer,Consumer,India,Jaipur,Rajasthan,North,FUR-FU-1002,Furniture,Furnishings,Wall Clock Classic,1825.88,2,0,295.18
IN-2024-100661,2024-01-27,2024-01-30,First Class,CU-1331,Sneha Rao,Corporate,India,Noida,Uttar Pradesh,North,OFF-AR-1002,Office Supplies,Art,Premium Pen Set,2749.38,2,0,685.49
IN-2024-100828,2024-01-27,2024-01-27,Same Day,CU-1177,Swati Desai,Corporate,India,Mysuru,Karnataka,South,TEC-AC-1003,Technology,Accessories,USB-C Hub 7-in-1,2496.54,1,0,655.56
IN-2024-100828,2024-01-27,2024-01-27,Same Day,CU-1177,Swati Desai,Corporate,India,Mysuru,Karnataka,South,OFF-ST-1002,Office Supplies,Storage,Plastic Storage Box Set,3316.25,2,0,441.56
IN-2024-100828,2024-01-27,2024-01-27,Same Day,CU-1177,Swati Desai,Corporate,India,Mysuru,Karnataka,South,OFF-ST-1003,Office Supplies,Storage,Desk Organizer,1768.28,2,0,179.75
IN-2024-100828,2024-01-27,2024-01-27,Same Day,CU-1177,Swati Desai,Corporate,India,Mysuru,Karnataka,South,OFF-BI-1001,Office Supplies,Binders,Ring Binder A4 (Pack of 10),2123.37,4,0.15,283.18
IN-2024-101463,2024-02-01,2024-02-08,Standard Class,CU-1109,Kavya Pillai,Consumer,India,New Delhi,Delhi,North,OFF-AR-1002,Office Supplies,Art,Premium Pen Set,8425.38,7,0.1,1477.4
IN-2024-101463,2024-02-01,2024-02-08,Standard Class,CU-1109,Kavya Pillai,Consumer,India,New Delhi,Delhi,North,FUR-FU-1002,Furniture,Furnishings,Wall Clock Classic,796.56,1,0.2,116.44
IN-2024-100307,2024-02-02,2024-02-08,Standard Class,CU-1290,Rohan Iyer,Consumer,India,Jaipur,Rajasthan,North,OFF-BI-1003,Office Supplies,Binders,Binding Machine Combs,1600.86,2,0,476.13
IN-2024-100307,2024-02-02,2024-02-08,Standard Class,CU-1290,Rohan Iyer,Consumer,India,Jaipur,Rajasthan,North,OFF-PA-1003,Office Supplies,Paper,Sticky Notes Bulk Pack,910.98,2,0.2,217.05
IN-2024-100371,2024-02-02,2024-02-06,Standard Class,CU-1341,Siddharth Desai,Corporate,India,Panaji,Goa,West,TEC-MA-1004,Technology,Machines,Paper Shredder 20-Sheet,8068.76,1,0.3,-2052.82
IN-2024-100371,2024-02-02,2024-02-06,Standard Class,CU-1341,Siddharth Desai,Corporate,India,Panaji,Goa,West,TEC-MA-1002,Technology,Machines,Barcode Label Printer,12606.16,1,0.2,-1208.57
IN-2024-101611,2024-02-02,2024-02-06,Standard Class,CU-1161,Yash Reddy,Home Office,India,Panaji,Goa,West,OFF-AR-1001,Office Supplies,Art,Whiteboard Marker Set,768.67,2,0.1,129.81
IN-2024-101611,2024-02-02,2024-02-06,Standard Class,CU-1161,Yash Reddy,Home Office,India,Panaji,Goa,West,OFF-PA-1001,Office Supplies,Paper,A4 Copier Paper 500 Sheets,745.26,2,0,265.23
IN-2024-100878,2024-02-03,2024-02-08,Standard Class,CU-1108,Shruti Desai,Home Office,India,Ludhiana,Punjab,North,OFF-ST-1002,Office Supplies,Storage,Plastic Storage Box Set,9427.61,6,0,450.35
IN-2024-100878,2024-02-03,2024-02-08,Standard Class,CU-1108,Shruti Desai,Home Office,India,Ludhiana,Punjab,North,FUR-BO-1004,Furniture,Bookcases,Modular Bookshelf,21405.4,3,0.1,262.52
IN-2024-100878,2024-02-03,2024-02-08,Standard Class,CU-1108,Shruti Desai,Home Office,India,Ludhiana,Punjab,North,OFF-BI-1001,Office Supplies,Binders,Ring Binder A4 (Pack of 10),2103.35,5,0.3,93.85
IN-2024-100470,2024-02-04,2024-02-11,Standard Class,CU-1096,Ananya Menon,Consumer,India,Bhubaneswar,Odisha,East,OFF-PA-1002,Office Supplies,Paper,Premium Photo Paper,3295.88,3,0.1,927.27
IN-2024-101133,2024-02-04,2024-02-11,Standard Class,CU-1397,Shruti Kapoor,Corporate,India,Ahmedabad,Gujarat,West,OFF-ST-1001,Office Supplies,Storage,Steel Filing Cabinet,29949.17,3,0.2,-1005.99
IN-2024-100026,2024-02-05,2024-02-07,Second Class,CU-1023,Swati Rao,Corporate,India,New Delhi,Delhi,North,TEC-AC-1003,Technology,Accessories,USB-C Hub 7-in-1,4302.05,2,0.1,750.73
IN-2024-100026,2024-02-05,2024-02-07,Second Class,CU-1023,Swati Rao,Corporate,India,New Delhi,Delhi,North,OFF-AR-1003,Office Supplies,Art,Highlighter Pack,525.99,3,0.3,-1.73
IN-2024-100026,2024-02-05,2024-02-07,Second Class,CU-1023,Swati Rao,Corporate,India,New Delhi,Delhi,North,OFF-ST-1002,Office Supplies,Storage,Plastic Storage Box Set,3213.13,2,0,339.7
IN-2024-100026,2024-02-05,2024-02-07,Second Class,CU-1023,Swati Rao,Corporate,India,New Delhi,Delhi,North,OFF-BI-1001,Office Supplies,Binders,Ring Binder A4 (Pack of 10),1075.16,2,0.15,173.94
IN-2024-101391,2024-02-07,2024-02-08,First Class,CU-1268,Swati Nair,Corporate,India,Ahmedabad,Gujarat,West,FUR-TA-1004,Furniture,Tables,Reception Counter,61859.33,2,0,749.34
IN-2024-101391,2024-02-07,2024-02-08,First Class,CU-1268,Swati Nair,Corporate,India,Ahmedabad,Gujarat,West,OFF-PA-1002,Office Supplies,Paper,Premium Photo Paper,2424.27,2,0,910.52
IN-2024-101508,2024-02-07,2024-02-07,Same Day,CU-1327,Divya Nair,Consumer,India,Bhubaneswar,Odisha,East,FUR-BO-1002,Furniture,Bookcases,Steel Library Rack,38538.19,3,0.1,-1923.99
IN-2024-101005,2024-02-08,2024-02-14,Standard Class,CU-1118,Priya Sharma,Consumer,India,Surat,Gujarat,West,TEC-MA-1001,Technology,Machines,Currency Counting Machine,25856.66,4,0.3,-4174.77
IN-2024-101005,2024-02-08,2024-02-14,Standard Class,CU-1118,Priya Sharma,Consumer,India,Surat,Gujarat,West,FUR-FU-1003,Furniture,Furnishings,Office Curtain Set,4836.68,2,0.15,338.55
IN-2024-101005,2024-02-08,2024-02-14,Standard Class,CU-1118,Priya Sharma,Consumer,India,Surat,Gujarat,West,OFF-PA-1003,Office Supplies,Paper,Sticky Notes Bulk Pack,926.22,2,0.15,246.72
IN-2024-101645,2024-02-10,2024-02-14,Second Class,CU-1331,Sneha Rao,Corporate,India,Noida,Uttar Pradesh,North,OFF-PA-1003,Office Supplies,Paper,Sticky Notes Bulk Pack,2827.8,5,0,1087.79
IN-2024-100047,2024-02-12,2024-02-14,First Class,CU-1388,Pooja Shah,Consumer,India,Amritsar,Punjab,North,OFF-ST-1001,Office Supplies,Storage,Steel Filing Cabinet,44435.47,5,0.3,-10146.39
IN-2024-100047,2024-02-12,2024-02-14,First Class,CU-1388,Pooja Shah,Consumer,India,Amritsar,Punjab,North,OFF-PA-1002,Office Supplies,Paper,Premium Photo Paper,4899.43,5,0.2,892.79
IN-2024-100125,2024-02-13,2024-02-18,Standard Class,CU-1378,Pooja Das,Corporate,India,Kolkata,West Bengal,East,OFF-ST-1004,Office Supplies,Storage,Wall Mount Shelf Box,2001.0,1,0,158.03
IN-2024-101106,2024-02-13,2024-02-20,Standard Class,CU-1007,Manish Patel,Corporate,India,Patna,Bihar,East,OFF-BI-1004,Office Supplies,Binders,Plastic Folder Set,1290.07,3,0,468.15
IN-2024-100074,2024-02-16,2024-02-20,Standard Class,CU-1255,Swati Kapoor,Corporate,India,Chennai,Tamil Nadu,South,FUR-CH-1002,Furniture,Chairs,Executive Leather Chair,37211.38,2,0,5232.13
IN-2024-100074,2024-02-16,2024-02-20,Standard Class,CU-1255,Swati Kapoor,Corporate,India,Chennai,Tamil Nadu,South,FUR-CH-1001,Furniture,Chairs,Ergonomic Office Chair,8390.01,1,0.05,176.96
IN-2024-100801,2024-02-18,2024-02-24,Standard Class,CU-1269,Divya Desai,Consumer,India,Jaipur,Rajasthan,North,OFF-BI-1001,Office Supplies,Binders,Ring Binder A4 (Pack of 10),1280.69,2,0,415.96
IN-2024-100801,2024-02-18,2024-02-24,Standard Class,CU-1269,Divya Desai,Consumer,India,Jaipur,Rajasthan,North,FUR-CH-1004,Furniture,Chairs,Visitor Chair Set,7326.18,2,0,992.12
IN-2024-100496,2024-02-20,2024-02-24,Standard Class,CU-1434,Diya Kulkarni,Consumer,India,Coimbatore,Tamil Nadu,South,OFF-PA-1001,Office Supplies,Paper,A4 Copier Paper 500 Sheets,792.19,2,0,279.81
IN-2024-100496,2024-02-20,2024-02-24,Standard Class,CU-1434,Diya Kulkarni,Consumer,India,Coimbatore,Tamil Nadu,South,OFF-BI-1004,Office Supplies,Binders,Plastic Folder Set,2444.33,8,0.3,209.9
IN-2024-100986,2024-02-20,2024-02-21,First Class,CU-1328,Vihaan Nair,Corporate,India,Bengaluru,Karnataka,South,OFF-BI-1002,Office Supplies,Binders,Heavy Duty Lever Arch File,1726.86,5,0,488.92
IN-2024-101103,2024-02-21,2024-02-22,First Class,CU-1385,Aman Kapoor,Corporate,India,Panaji,Goa,West,TEC-MA-1001,Technology,Machines,Currency Counting Machine,6563.33,1,0.3,-1333.85
IN-2024-101697,2024-02-21,2024-02-24,Second Class,CU-1062,Rahul Joshi,Corporate,India,Kolkata,West Bengal,East,FUR-CH-1001,Furniture,Chairs,Ergonomic Office Chair,6510.68,1,0.2,-429.04
IN-2024-100713,2024-02-24,2024-02-27,First Class,CU-1049,Rahul Gupta,Consumer,India,Noida,Uttar Pradesh,North,OFF-AR-1003,Office Supplies,Art,Highlighter Pack,198.31,1,0.2,10.82
IN-2024-100713,2024-02-24,2024-02-27,First Class,CU-1049,Rahul Gupta,Consumer,India,Noida,Uttar Pradesh,North,TEC-AC-1001,Technology,Accessories,Wireless Mouse,774.79,1,0.15,154.55
IN-2024-100710,2024-02-27,2024-03-02,Standard Class,CU-1016,Ananya Nair,Consumer,India,Raipur,Chhattisgarh,Central,FUR-FU-1002,Furniture,Furnishings,Wall Clock Classic,4544.34,5,0,1097.72
IN-2024-100345,2024-02-28,2024-03-04,Standard Class,CU-1159,Siddharth Menon,Consumer,India,Bhopal,Madhya Pradesh,Central,OFF-AR-1003,Office Supplies,Art,Highlighter Pack,498.32,2,0.05,76.85
IN-2024-100623,2024-02-28,2024-03-05,Standard Class,CU-1033,Yash Gupta,Consumer,India,Mumbai,Maharashtra,West,OFF-PA-1001,Office Supplies,Paper,A4 Copier Paper 500 Sheets,256.06,1,0.3,15.48
IN-2024-100623,2024-02-28,2024-03-05,Standard Class,CU-1033,Yash Gupta,Consumer,India,Mumbai,Maharashtra,West,FUR-FU-1003,Furniture,Furnishings,Office Curtain Set,5387.36,2,0,1051.46
IN-2024-100623,2024-02-28,2024-03-05,Standard Class,CU-1033,Yash Gupta,Consumer,India,Mumbai,Maharashtra,West,OFF-BI-1003,Office Supplies,Binders,Binding Machine Combs,1144.89,2,0.3,11.2
IN-2024-100230,2024-03-01,2024-03-08,Standard Class,CU-1394,Varun Kapoor,Corporate,India,Surat,Gujarat,West,OFF-PA-1002,Office Supplies,Paper,Premium Photo Paper,2617.54,2,0,875.27
IN-2024-100557,2024-03-03,2024-03-07,Standard Class,CU-1096,Ananya Menon,Consumer,India,Bhubaneswar,Odisha,East,OFF-ST-1004,Office Supplies,Storage,Wall Mount Shelf Box,2160.63,1,0,276.24
IN-2024-101560,2024-03-03,2024-03-08,Standard Class,CU-1102,Siddharth Iyer,Corporate,India,New Delhi,Delhi,North,OFF-BI-1001,Office Supplies,Binders,Ring Binder A4 (Pack of 10),595.9,1,0,150.89
IN-2024-100923,2024-03-04,2024-03-05,First Class,CU-1105,Nikhil Kapoor,Home Office,India,Ahmedabad,Gujarat,West,FUR-FU-1003,Furniture,Furnishings,Office Curtain Set,8818.57,4,0.2,-225.62
IN-2024-100923,2024-03-04,2024-03-05,First Class,CU-1105,Nikhil Kapoor,Home Office,India,Ahmedabad,Gujarat,West,OFF-PA-1001,Office Supplies,Paper,A4 Copier Paper 500 Sheets,1004.5,3,0.15,202.33
IN-2024-100428,2024-03-05,2024-03-09,Standard Class,CU-1126,Aman Desai,Consumer,India,New Delhi,Delhi,North,OFF-ST-1002,Office Supplies,Storage,Plastic Storage Box Set,6775.18,4,0,666.79
IN-2024-100493,2024-03-05,2024-03-11,Standard Class,CU-1236,Nikhil Nair,Corporate,India,Mumbai,Maharashtra,West,TEC-PH-1002,Technology,Phones,Smartphone Lite 64GB,12773.97,1,0.05,1110.64
IN-2024-100493,2024-03-05,2024-03-11,Standard Class,CU-1236,Nikhil Nair,Corporate,India,Mumbai,Maharashtra,West,FUR-TA-1002,Furniture,Tables,Computer Desk,38715.97,5,0.2,-9979.09
IN-2024-100055,2024-03-06,2024-03-08,Second Class,CU-1115,Kavya Kulkarni,Consumer,India,Kochi,Kerala,South,TEC-PH-1003,Technology,Phones,IP Desk Phone,11690.24,2,0.05,1199.22
IN-2024-101559,2024-03-07,2024-03-11,Standard Class,CU-1354,Pranav Patel,Consumer,India,Panaji,Goa,West,OFF-PA-1001,Office Supplies,Paper,A4 Copier Paper 500 Sheets,2263.94,7,0.15,575.95
IN-2024-101559,2024-03-07,2024-03-11,Standard Class,CU-1354,Pranav Patel,Consumer,India,Panaji,Goa,West,TEC-AC-1003,Technology,Accessories,USB-C Hub 7-in-1,11712.2,5,0,2591.38
IN-2024-100329,2024-03-08,2024-03-12,Standard Class,CU-1217,Nikhil Kulkarni,Consumer,India,Patna,Bihar,East,TEC-MA-1003,Technology,Machines,Laminating Machine,20981.94,3,0,371.18
IN-2024-101528,2024-03-08,2024-03-13,Standard Class,CU-1042,Meera Sharma,Home Office,India,Kolkata,West Bengal,East,OFF-BI-1002,Office Supplies,Binders,Heavy Duty Lever Arch File,618.1,2,0.1,108.76
IN-2024-101528,2024-03-08,2024-03-13,Standard Class,CU-1042,Meera Sharma,Home Office,India,Kolkata,West Bengal,East,FUR-FU-1001,Furniture,Furnishings,LED Desk Lamp,2267.69,2,0.2,-15.24
IN-2024-101528,2024-03-08,2024-03-13,Standard Class,CU-1042,Meera Sharma,Home Office,India,Kolkata,West Bengal,East,FUR-TA-1003,Furniture,Tables,Folding Training Table,19397.03,3,0.05,-3205.11
IN-2024-101528,2024-03-08,2024-03-13,Standard Class,CU-1042,Meera Sharma,Home Office,India,Kolkata,West Bengal,East,OFF-BI-1004,Office Supplies,Binders,Plastic Folder Set,2233.92,5,0,650.09
IN-2024-100235,2024-03-10,2024-03-16,Standard Class,CU-1034,Rahul Pillai,Consumer,India,Panaji,Goa,West,OFF-ST-1003,Office Supplies,Storage,Desk Organizer,1763.88,2,0,274.37
IN-2024-100235,2024-03-10,2024-03-16,Standard Class,CU-1034,Rahul Pillai,Consumer,India,Panaji,Goa,West,OFF-ST-1001,Office Supplies,Storage,Steel Filing Cabinet,49660.2,4,0,4906.42
IN-2024-100235,2024-03-10,2024-03-16,Standard Class,CU-1034,Rahul Pillai,Consumer,India,Panaji,Goa,West,TEC-AC-1001,Technology,Accessories,Wireless Mouse,1450.42,2,0.2,181.27
IN-2024-100235,2024-03-10,2024-03-16,Standard Class,CU-1034,Rahul Pillai,Consumer,India,Panaji,Goa,West,OFF-BI-1002,Office Supplies,Binders,Heavy Duty Lever Arch File,793.52,3,0.2,41.79
IN-2024-100306,2024-03-10,2024-03-10,Same Day,CU-1151,Pooja Menon,Consumer,India,Lucknow,Uttar Pradesh,North,TEC-PH-1002,Technology,Phones,Smartphone Lite 64GB,10470.1,1,0.15,514.83
IN-2024-100306,2024-03-10,2024-03-10,Same Day,CU-1151,Pooja Menon,Consumer,India,Lucknow,Uttar Pradesh,North,TEC-AC-1003,Technology,Accessories,USB-C Hub 7-in-1,11619.69,5,0,3135.37
IN-2024-100999,2024-03-10,2024-03-17,Standard Class,CU-1354,Pranav Patel,Consumer,India,Panaji,Goa,West,TEC-AC-1003,Technology,Accessories,USB-C Hub 7-in-1,10503.54,5,0.1,1298.49
IN-2024-100999,2024-03-10,2024-03-17,Standard Class,CU-1354,Pranav Patel,Consumer,India,Panaji,Goa,West,FUR-FU-1003,Furniture,Furnishings,Office Curtain Set,3861.2,2,0.3,-118.6
IN-2024-100239,2024-03-11,2024-03-14,First Class,CU-1410,Pooja Desai,Consumer,India,Mysuru,Karnataka,South,OFF-AR-1002,Office Supplies,Art,Premium Pen Set,4063.94,3,0,857.41
IN-2024-100421,2024-03-11,2024-03-16,Standard Class,CU-1029,Rahul Pillai,Corporate,India,Panaji,Goa,West,OFF-BI-1001,Office Supplies,Binders,Ring Binder A4 (Pack of 10),1920.44,3,0,588.26
IN-2024-100421,2024-03-11,2024-03-16,Standard Class,CU-1029,Rahul Pillai,Corporate,India,Panaji,Goa,West,FUR-TA-1004,Furniture,Tables,Reception Counter,45077.22,2,0.3,-13148.86
IN-2024-100533,2024-03-11,2024-03-14,Second Class,CU-1357,Karan Verma,Corporate,India,Pune,Maharashtra,West,FUR-BO-1002,Furniture,Bookcases,Steel Library Rack,58586.14,5,0.2,-5282.87
IN-2024-101129,2024-03-11,2024-03-15,Second Class,CU-1348,Pranav Rao,Consumer,India,Nagpur,Maharashtra,West,OFF-PA-1002,Office Supplies,Paper,Premium Photo Paper,7402.59,7,0.15,2369.88
IN-2024-100591,2024-03-12,2024-03-16,Second Class,CU-1437,Diya Sharma,Home Office,India,Mumbai,Maharashtra,West,OFF-PA-1004,Office Supplies,Paper,Thermal Roll Pack,1169.09,2,0.2,270.73
IN-2024-100591,2024-03-12,2024-03-16,Second Class,CU-1437,Diya Sharma,Home Office,India,Mumbai,Maharashtra,West,OFF-PA-1003,Office Supplies,Paper,Sticky Notes Bulk Pack,1102.35,2,0,382.19
IN-2024-100711,2024-03-12,2024-03-14,Second Class,CU-1358,Manish Desai,Corporate,India,New Delhi,Delhi,North,OFF-BI-1003,Office Supplies,Binders,Binding Machine Combs,1471.41,2,0.05,318.44
IN-2024-100711,2024-03-12,2024-03-14,Second Class,CU-1358,Manish Desai,Corporate,India,New Delhi,Delhi,North,OFF-ST-1003,Office Supplies,Storage,Desk Organizer,745.96,1,0.2,-62.94
IN-2024-101218,2024-03-13,2024-03-17,Standard Class,CU-1233,Sneha Iyer,Consumer,India,Panaji,Goa,West,OFF-ST-1002,Office Supplies,Storage,Plastic Storage Box Set,3429.54,2,0,126.38
IN-2024-101218,2024-03-13,2024-03-17,Standard Class,CU-1233,Sneha Iyer,Consumer,India,Panaji,Goa,West,TEC-AC-1004,Technology,Accessories,Noise Cancelling Headset,47211.78,6,0,16577.58
IN-2024-101218,2024-03-13,2024-03-17,Standard Class,CU-1233,Sneha Iyer,Consumer,India,Panaji,Goa,West,OFF-AR-1003,Office Supplies,Art,Highlighter Pack,709.65,4,0.3,-22.56
IN-2024-101218,2024-03-13,2024-03-17,Standard Class,CU-1233,Sneha Iyer,Consumer,India,Panaji,Goa,West,OFF-PA-1002,Office Supplies,Paper,Premium Photo Paper,6134.05,7,0.3,955.9
IN-2024-101490,2024-03-13,2024-03-15,First Class,CU-1264,Siddharth Das,Home Office,India,Kochi,Kerala,South,FUR-TA-1002,Furniture,Tables,Computer Desk,19633.91,2,0,-2503.08
IN-2024-101490,2024-03-13,2024-03-15,First Class,CU-1264,Siddharth Das,Home Office,India,Kochi,Kerala,South,OFF-BI-1001,Office Supplies,Binders,Ring Binder A4 (Pack of 10),545.94,1,0.15,112.1
IN-2024-101490,2024-03-13,2024-03-15,First Class,CU-1264,Siddharth Das,Home Office,India,Kochi,Kerala,South,FUR-FU-1002,Furniture,Furnishings,Wall Clock Classic,1808.6,2,0,282.22
IN-2024-101490,2024-03-13,2024-03-15,First Class,CU-1264,Siddharth Das,Home Office,India,Kochi,Kerala,South,TEC-AC-1001,Technology,Accessories,Wireless Mouse,983.26,1,0,296.82
IN-2024-101693,2024-03-13,2024-03-18,Standard Class,CU-1355,Diya Verma,Home Office,India,Mysuru,Karnataka,South,TEC-AC-1001,Technology,Accessories,Wireless Mouse,3974.79,4,0,1105.75
IN-2024-101693,2024-03-13,2024-03-18,Standard Class,CU-1355,Diya Verma,Home Office,India,Mysuru,Karnataka,South,TEC-MA-1003,Technology,Machines,Laminating Machine,4547.24,1,0.3,-1048.61
IN-2024-100906,2024-03-15,2024-03-21,Standard Class,CU-1053,Nikhil Rao,Consumer,India,Panaji,Goa,West,FUR-FU-1001,Furniture,Furnishings,LED Desk Lamp,8983.2,6,0,1917.98
IN-2024-100870,2024-03-16,2024-03-23,Standard Class,CU-1352,Pooja Patel,Home Office,India,Panaji,Goa,West,OFF-PA-1001,Office Supplies,Paper,A4 Copier Paper 500 Sheets,1584.72,4,0,589.94
IN-2024-101249,2024-03-16,2024-03-18,Second Class,CU-1162,Harsh Nair,Consumer,India,Kochi,Kerala,South,OFF-BI-1004,Office Supplies,Binders,Plastic Folder Set,367.3,1,0.15,53.55
IN-2024-101249,2024-03-16,2024-03-18,Second Class,CU-1162,Harsh Nair,Consumer,India,Kochi,Kerala,South,OFF-PA-1004,Office Supplies,Paper,Thermal Roll Pack,705.34,1,0,275.48
IN-2024-100685,2024-03-19,2024-03-19,Same Day,CU-1010,Yash Joshi,Home Office,India,Ahmedabad,Gujarat,West,OFF-PA-1001,Office Supplies,Paper,A4 Copier Paper 500 Sheets,348.44,1,0.1,112.38
IN-2024-101068,2024-03-21,2024-03-22,First Class,CU-1058,Tanvi Kulkarni,Consumer,India,Ahmedabad,Gujarat,West,FUR-FU-1002,Furniture,Furnishings,Wall Clock Classic,1814.05,2,0,354.67
IN-2024-101068,2024-03-21,2024-03-22,First Class,CU-1058,Tanvi Kulkarni,Consumer,India,Ahmedabad,Gujarat,West,TEC-MA-1001,Technology,Machines,Currency Counting Machine,9299.79,1,0,773.61
IN-2024-100435,2024-03-23,2024-03-29,Standard Class,CU-1230,Aman Menon,Corporate,India,Mysuru,Karnataka,South,OFF-BI-1003,Office Supplies,Binders,Binding Machine Combs,1265.01,2,0.15,243.76
IN-2024-100435,2024-03-23,2024-03-29,Standard Class,CU-1230,Aman Menon,Corporate,India,Mysuru,Karnataka,South,OFF-AR-1003,Office Supplies,Art,Highlighter Pack,757.29,3,0,187.7
IN-2024-100435,2024-03-23,2024-03-29,Standard Class,CU-1230,Aman Menon,Corporate,India,Mysuru,Karnataka,South,FUR-BO-1004,Furniture,Bookcases,Modular Bookshelf,17966.34,3,0.2,-1978.05
IN-2024-100689,2024-03-24,2024-03-29,Standard Class,CU-1269,Divya Desai,Consumer,India,Jaipur,Rajasthan,North,OFF-BI-1001,Office Supplies,Binders,Ring Binder A4 (Pack of 10),2150.3,4,0.15,183.15
IN-2024-100689,2024-03-24,2024-03-29,Standard Class,CU-1269,Divya Desai,Consumer,India,Jaipur,Rajasthan,North,TEC-AC-1001,Technology,Accessories,Wireless Mouse,1832.37,2,0,599.84
IN-2024-100689,2024-03-24,2024-03-29,Standard Class,CU-1269,Divya Desai,Consumer,India,Jaipur,Rajasthan,North,OFF-AR-1004,Office Supplies,Art,Artist Sketch Kit,1438.61,1,0.2,128.31
IN-2024-100795,2024-03-24,2024-03-28,Standard Class,CU-1342,Riya Bose,Corporate,India,Jaipur,Rajasthan,North,FUR-FU-1001,Furniture,Furnishings,LED Desk Lamp,1483.7,1,0,310.3
IN-2024-101173,2024-03-24,2024-03-26,First Class,CU-1162,Harsh Nair,Consumer,India,Kochi,Kerala,South,OFF-BI-1001,Office Supplies,Binders,Ring Binder A4 (Pack of 10),592.89,1,0,160.85
IN-2024-101173,2024-03-24,2024-03-26,First Class,CU-1162,Harsh Nair,Consumer,India,Kochi,Kerala,South,OFF-BI-1003,Office Supplies,Binders,Binding Machine Combs,1439.0,2,0.05,260.52
IN-2024-101173,2024-03-24,2024-03-26,First Class,CU-1162,Harsh Nair,Consumer,India,Kochi,Kerala,South,OFF-AR-1004,Office Supplies,Art,Artist Sketch Kit,1714.91,1,0,434.91
IN-2024-101408,2024-03-24,2024-03-29,Standard Class,CU-1149,Pooja Nair,Home Office,India,Amritsar,Punjab,North,TEC-PH-1003,Technology,Phones,IP Desk Phone,17708.67,3,0,4047.27
IN-2024-100598,2024-03-25,2024-03-31,Standard Class,CU-1049,Rahul Gupta,Consumer,India,Noida,Uttar Pradesh,North,OFF-PA-1001,Office Supplies,Paper,A4 Copier Paper 500 Sheets,823.74,3,0.3,66.19
IN-2024-100598,2024-03-25,2024-03-31,Standard Class,CU-1049,Rahul Gupta,Consumer,India,Noida,Uttar Pradesh,North,FUR-FU-1002,Furniture,Furnishings,Wall Clock Classic,922.76,1,0,152.14
IN-2024-100598,2024-03-25,2024-03-31,Standard Class,CU-1049,Rahul Gupta,Consumer,India,Noida,Uttar Pradesh,North,OFF-PA-1004,Office Supplies,Paper,Thermal Roll Pack,713.24,1,0.05,238.66
IN-2024-100598,2024-03-25,2024-03-31,Standard Class,CU-1049,Rahul Gupta,Consumer,India,Noida,Uttar Pradesh,North,FUR-FU-1002,Furniture,Furnishings,Wall Clock Classic,2476.86,3,0.1,290.34
IN-2024-100825,2024-03-25,2024-03-29,Second Class,CU-1320,Riya Sharma,Consumer,India,Kochi,Kerala,South,OFF-PA-1001,Office Supplies,Paper,A4 Copier Paper 500 Sheets,1004.81,3,0.15,204.33
IN-2024-100825,2024-03-25,2024-03-29,Second Class,CU-1320,Riya Sharma,Consumer,India,Kochi,Kerala,South,OFF-AR-1001,Office Supplies,Art,Whiteboard Marker Set,1288.85,4,0.2,22.2
IN-2024-100825,2024-03-25,2024-03-29,Second Class,CU-1320,Riya Sharma,Consumer,India,Kochi,Kerala,South,OFF-PA-1004,Office Supplies,Paper,Thermal Roll Pack,653.14,1,0.1,167.29
IN-2024-100825,2024-03-25,2024-03-29,Second Class,CU-1320,Riya Sharma,Consumer,India,Kochi,Kerala,South,FUR-BO-1004,Furniture,Bookcases,Modular Bookshelf,21165.79,3,0.05,-90.93
IN-2024-101333,2024-03-27,2024-03-29,Second Class,CU-1141,Divya Kulkarni,Corporate,India,Panaji,Goa,West,OFF-PA-1001,Office Supplies,Paper,A4 Copier Paper 500 Sheets,553.48,2,0.3,107.67
IN-2024-101333,2024-03-27,2024-03-29,Second Class,CU-1141,Divya Kulkarni,Corporate,India,Panaji,Goa,West,OFF-BI-1004,Office Supplies,Binders,Plastic Folder Set,432.8,1,0,134.25
IN-2024-101519,2024-03-27,2024-03-31,Standard Class,CU-1215,Rohan Shah,Consumer,India,Panaji,Goa,West,TEC-AC-1001,Technology,Accessories,Wireless Mouse,4490.46,5,0.05,959.82
IN-2024-101519,2024-03-27,2024-03-31,Standard Class,CU-1215,Rohan Shah,Consumer,India,Panaji,Goa,West,TEC-PH-1003,Technology,Phones,IP Desk Phone,15972.74,3,0.1,685.73
IN-2024-101519,2024-03-27,2024-03-31,Standard Class,CU-1215,Rohan Shah,Consumer,India,Panaji,Goa,West,FUR-TA-1003,Furniture,Tables,Folding Training Table,8945.74,2,0.3,-2726.54
IN-2024-101555,2024-03-27,2024-04-01,Standard Class,CU-1436,Harsh Shah,Corporate,India,Ahmedabad,Gujarat,West,TEC-MA-1001,Technology,Machines,Currency Counting Machine,29319.33,3,0,-76.7
IN-2024-101620,2024-03-28,2024-04-03,Standard Class,CU-1341,Siddharth Desai,Corporate,India,Panaji,Goa,West,TEC-MA-1001,Technology,Machines,Currency Counting Machine,61491.18,7,0.05,1564.62
IN-2024-100278,2024-04-01,2024-04-06,Standard Class,CU-1214,Diya Kapoor,Consumer,India,Raipur,Chhattisgarh,Central,FUR-FU-1004,Furniture,Furnishings,Anti-Fatigue Floor Mat,3843.33,2,0,591.0
IN-2024-100278,2024-04-01,2024-04-06,Standard Class,CU-1214,Diya Kapoor,Consumer,India,Raipur,Chhattisgarh,Central,FUR-CH-1003,Furniture,Chairs,Mesh Back Task Chair,15434.9,3,0,572.7
IN-2024-100278,2024-04-01,2024-04-06,Standard Class,CU-1214,Diya Kapoor,Consumer,India,Raipur,Chhattisgarh,Central,TEC-AC-1001,Technology,Accessories,Wireless Mouse,946.22,1,0,205.47
IN-2024-100278,2024-04-01,2024-04-06,Standard Class,CU-1214,Diya Kapoor,Consumer,India,Raipur,Chhattisgarh,Central,OFF-AR-1003,Office Supplies,Art,Highlighter Pack,498.65,2,0.05,159.94
IN-2024-100879,2024-04-01,2024-04-08,Standard Class,CU-1043,Neha Pillai,Corporate,India,Surat,Gujarat,West,OFF-ST-1003,Office Supplies,Storage,Desk Organizer,858.42,1,0,121.75
IN-2024-100134,2024-04-02,2024-04-03,First Class,CU-1058,Tanvi Kulkarni,Consumer,India,Ahmedabad,Gujarat,West,OFF-PA-1001,Office Supplies,Paper,A4 Copier Paper 500 Sheets,364.06,1,0.05,113.34
IN-2024-100478,2024-04-03,2024-04-10,Standard Class,CU-1328,Vihaan Nair,Corporate,India,Bengaluru,Karnataka,South,OFF-BI-1001,Office Supplies,Binders,Ring Binder A4 (Pack of 10),1353.98,3,0.3,1.48
IN-2024-100739,2024-04-03,2024-04-07,Second Class,CU-1336,Aarav Verma,Consumer,India,Indore,Madhya Pradesh,Central,TEC-AC-1002,Technology,Accessories,Mechanical Keyboard,17618.84,5,0,4030.57
IN-2024-100739,2024-04-03,2024-04-07,Second Class,CU-1336,Aarav Verma,Consumer,India,Indore,Madhya Pradesh,Central,FUR-FU-1001,Furniture,Furnishings,LED Desk Lamp,1464.88,1,0,304.4
IN-2024-100739,2024-04-03,2024-04-07,Second Class,CU-1336,Aarav Verma,Consumer,India,Indore,Madhya Pradesh,Central,FUR-TA-1002,Furniture,Tables,Computer Desk,38421.59,4,0.05,-2154.79
IN-2024-101572,2024-04-03,2024-04-06,Second Class,CU-1390,Riya Joshi,Home Office,India,Nagpur,Maharashtra,West,FUR-FU-1003,Furniture,Furnishings,Office Curtain Set,2439.12,1,0.15,140.21
IN-2024-100356,2024-04-04,2024-04-08,Second Class,CU-1357,Karan Verma,Corporate,India,Pune,Maharashtra,West,TEC-CO-1002,Technology,Copiers,Multifunction Copier Pro,310692.67,4,0,78486.78
IN-2024-100904,2024-04-04,2024-04-08,Standard Class,CU-1405,Rohan Pillai,Consumer,India,Lucknow,Uttar Pradesh,North,FUR-BO-1001,Furniture,Bookcases,Wooden Bookcase 5-Shelf,19135.24,2,0.2,-2212.67
IN-2024-100904,2024-04-04,2024-04-08,Standard Class,CU-1405,Rohan Pillai,Consumer,India,Lucknow,Uttar Pradesh,North,OFF-BI-1001,Office Supplies,Binders,Ring Binder A4 (Pack of 10),2182.63,5,0.3,22.98
IN-2024-101699,2024-04-04,2024-04-06,First Class,CU-1069,Arjun Kulkarni,Consumer,India,Hyderabad,Telangana,South,OFF-BI-1003,Office Supplies,Binders,Binding Machine Combs,5680.92,8,0.05,1413.76
IN-2024-101699,2024-04-04,2024-04-06,First Class,CU-1069,Arjun Kulkarni,Consumer,India,Hyderabad,Telangana,South,OFF-ST-1002,Office Supplies,Storage,Plastic Storage Box Set,1175.9,1,0.3,-171.07
IN-2024-100718,2024-04-05,2024-04-10,Standard Class,CU-1045,Vihaan Chopra,Consumer,India,Hyderabad,Telangana,South,OFF-AR-1001,Office Supplies,Art,Whiteboard Marker Set,580.55,2,0.3,-6.51
IN-2024-100718,2024-04-05,2024-04-10,Standard Class,CU-1045,Vihaan Chopra,Consumer,India,Hyderabad,Telangana,South,TEC-PH-1002,Technology,Phones,Smartphone Lite 64GB,10543.78,1,0.15,419.92
IN-2024-101029,2024-04-05,2024-04-11,Standard Class,CU-1206,Isha Kapoor,Consumer,India,Kolkata,West Bengal,East,FUR-BO-1001,Furniture,Bookcases,Wooden Bookcase 5-Shelf,11189.18,1,0,1960.21
IN-2024-101029,2024-04-05,2024-04-11,Standard Class,CU-1206,Isha Kapoor,Consumer,India,Kolkata,West Bengal,East,FUR-FU-1003,Furniture,Furnishings,Office Curtain Set,2226.78,1,0.2,39.98
IN-2024-100101,2024-04-06,2024-04-10,Standard Class,CU-1339,Isha Singh,Consumer,India,Raipur,Chhattisgarh,Central,TEC-PH-1003,Technology,Phones,IP Desk Phone,20187.66,4,0.2,-1473.87
IN-2024-100189,2024-04-06,2024-04-11,Standard Class,CU-1285,Neha Kapoor,Home Office,India,Ahmedabad,Gujarat,West,TEC-CO-1002,Technology,Copiers,Multifunction Copier Pro,386644.6,5,0,137042.77
IN-2024-100271,2024-04-07,2024-04-13,Standard Class,CU-1148,Nikhil Shah,Corporate,India,Panaji,Goa,West,OFF-BI-1004,Office Supplies,Binders,Plastic Folder Set,909.01,2,0,243.03
IN-2024-100271,2024-04-07,2024-04-13,Standard Class,CU-1148,Nikhil Shah,Corporate,India,Panaji,Goa,West,TEC-MA-1004,Technology,Machines,Paper Shredder 20-Sheet,22217.06,2,0,691.88
IN-2024-100370,2024-04-07,2024-04-12,Standard Class,CU-1415,Meera Das,Consumer,India,Kolkata,West Bengal,East,OFF-BI-1001,Office Supplies,Binders,Ring Binder A4 (Pack of 10),3143.26,6,0.15,517.64
IN-2024-100370,2024-04-07,2024-04-12,Standard Class,CU-1415,Meera Das,Consumer,India,Kolkata,West Bengal,East,TEC-CO-1001,Technology,Copiers,Laser Copier Compact,46462.08,1,0,16620.48
IN-2024-100370,2024-04-07,2024-04-12,Standard Class,CU-1415,Meera Das,Consumer,India,Kolkata,West Bengal,East,FUR-TA-1001,Furniture,Tables,Conference Table 8-Seater,41907.17,1,0,-394.47
IN-2024-100593,2024-04-07,2024-04-11,Standard Class,CU-1205,Varun Reddy,Consumer,India,Kochi,Kerala,South,TEC-MA-1001,Technology,Machines,Currency Counting Machine,17955.17,2,0.05,-945.42
IN-2024-100593,2024-04-07,2024-04-11,Standard Class,CU-1205,Varun Reddy,Consumer,India,Kochi,Kerala,South,OFF-PA-1004,Office Supplies,Paper,Thermal Roll Pack,3015.49,4,0,1292.34
IN-2024-101256,2024-04-07,2024-04-08,First Class,CU-1354,Pranav Patel,Consumer,India,Panaji,Goa,West,OFF-AR-1002,Office Supplies,Art,Premium Pen Set,1310.89,1,0,401.98
IN-2024-101256,2024-04-07,2024-04-08,First Class,CU-1354,Pranav Patel,Consumer,India,Panaji,Goa,West,TEC-MA-1004,Technology,Machines,Paper Shredder 20-Sheet,20300.95,2,0.05,1343.74
IN-2024-100304,2024-04-11,2024-04-16,Standard Class,CU-1422,Manish Iyer,Consumer,India,Kochi,Kerala,South,OFF-PA-1002,Office Supplies,Paper,Premium Photo Paper,1097.4,1,0.15,282.55
IN-2024-100304,2024-04-11,2024-04-16,Standard Class,CU-1422,Manish Iyer,Consumer,India,Kochi,Kerala,South,TEC-AC-1003,Technology,Accessories,USB-C Hub 7-in-1,3677.98,2,0.2,356.98
IN-2024-100304,2024-04-11,2024-04-16,Standard Class,CU-1422,Manish Iyer,Consumer,India,Kochi,Kerala,South,OFF-AR-1001,Office Supplies,Art,Whiteboard Marker Set,589.11,2,0.3,-20.44
IN-2024-100546,2024-04-11,2024-04-14,First Class,CU-1437,Diya Sharma,Home Office,India,Mumbai,Maharashtra,West,FUR-FU-1001,Furniture,Furnishings,LED Desk Lamp,4412.56,4,0.2,1.11
IN-2024-100546,2024-04-11,2024-04-14,First Class,CU-1437,Diya Sharma,Home Office,India,Mumbai,Maharashtra,West,FUR-TA-1001,Furniture,Tables,Conference Table 8-Seater,284926.91,7,0.05,-15254.42
IN-2024-100546,2024-04-11,2024-04-14,First Class,CU-1437,Diya Sharma,Home Office,India,Mumbai,Maharashtra,West,FUR-FU-1002,Furniture,Furnishings,Wall Clock Classic,747.16,1,0.2,46.11
IN-2024-100546,2024-04-11,2024-04-14,First Class,CU-1437,Diya Sharma,Home Office,India,Mumbai,Maharashtra,West,FUR-BO-1004,Furniture,Bookcases,Modular Bookshelf,11338.61,2,0.3,-1963.27
IN-2024-101220,2024-04-11,2024-04-16,Standard Class,CU-1392,Siddharth Kulkarni,Consumer,India,Bhopal,Madhya Pradesh,Central,FUR-BO-1004,Furniture,Bookcases,Modular Bookshelf,7432.88,1,0,426.72
IN-2024-101220,2024-04-11,2024-04-16,Standard Class,CU-1392,Siddharth Kulkarni,Consumer,India,Bhopal,Madhya Pradesh,Central,TEC-AC-1003,Technology,Accessories,USB-C Hub 7-in-1,4873.14,2,0,1196.63
IN-2024-100531,2024-04-12,2024-04-17,Standard Class,CU-1450,Ananya Joshi,Consumer,India,Bengaluru,Karnataka,South,FUR-FU-1003,Furniture,Furnishings,Office Curtain Set,4475.62,2,0.2,-138.79
IN-2024-100334,2024-04-18,2024-04-23,Standard Class,CU-1168,Manish Patel,Consumer,India,Kolkata,West Bengal,East,OFF-ST-1004,Office Supplies,Storage,Wall Mount Shelf Box,4347.63,2,0,575.17
IN-2024-101265,2024-04-19,2024-04-23,Second Class,CU-1348,Pranav Rao,Consumer,India,Nagpur,Maharashtra,West,OFF-ST-1002,Office Supplies,Storage,Plastic Storage Box Set,4863.38,3,0.05,259.18
IN-2024-101265,2024-04-19,2024-04-23,Second Class,CU-1348,Pranav Rao,Consumer,India,Nagpur,Maharashtra,West,OFF-ST-1003,Office Supplies,Storage,Desk Organizer,618.47,1,0.3,-121.92
IN-2024-100199,2024-04-22,2024-04-24,Second Class,CU-1267,Priya Kapoor,Consumer,India,Coimbatore,Tamil Nadu,South,OFF-AR-1002,Office Supplies,Art,Premium Pen Set,898.75,1,0.3,4.48
IN-2024-101051,2024-04-24,2024-04-28,Standard Class,CU-1113,Swati Iyer,Consumer,India,Lucknow,Uttar Pradesh,North,OFF-PA-1001,Office Supplies,Paper,A4 Copier Paper 500 Sheets,387.84,1,0,143.6
IN-2024-101051,2024-04-24,2024-04-28,Standard Class,CU-1113,Swati Iyer,Consumer,India,Lucknow,Uttar Pradesh,North,FUR-TA-1001,Furniture,Tables,Conference Table 8-Seater,86083.16,2,0,-3910.9
IN-2024-101051,2024-04-24,2024-04-28,Standard Class,CU-1113,Swati Iyer,Consumer,India,Lucknow,Uttar Pradesh,North,OFF-BI-1004,Office Supplies,Binders,Plastic Folder Set,2209.9,5,0,648.83
IN-2024-101208,2024-04-25,2024-04-29,Second Class,CU-1337,Neha Rao,Corporate,India,Panaji,Goa,West,TEC-AC-1001,Technology,Accessories,Wireless Mouse,1624.75,2,0.1,396.64
IN-2024-100830,2024-04-26,2024-04-30,Second Class,CU-1140,Nikhil Kulkarni,Consumer,India,Patna,Bihar,East,FUR-CH-1003,Furniture,Chairs,Mesh Back Task Chair,5188.78,1,0,775.53
IN-2024-100830,2024-04-26,2024-04-30,Second Class,CU-1140,Nikhil Kulkarni,Consumer,India,Patna,Bihar,East,FUR-FU-1003,Furniture,Furnishings,Office Curtain Set,1947.11,1,0.3,-261.6
IN-2024-101678,2024-04-26,2024-04-30,Standard Class,CU-1436,Harsh Shah,Corporate,India,Ahmedabad,Gujarat,West,OFF-PA-1002,Office Supplies,Paper,Premium Photo Paper,3841.43,3,0,1675.15
IN-2024-101678,2024-04-26,2024-04-30,Standard Class,CU-1436,Harsh Shah,Corporate,India,Ahmedabad,Gujarat,West,FUR-BO-1003,Furniture,Bookcases,Corner Display Unit,24305.47,3,0.1,-58.03
IN-2024-101678,2024-04-26,2024-04-30,Standard Class,CU-1436,Harsh Shah,Corporate,India,Ahmedabad,Gujarat,West,TEC-AC-1001,Technology,Accessories,Wireless Mouse,7743.92,8,0,2617.53
IN-2024-101678,2024-04-26,2024-04-30,Standard Class,CU-1436,Harsh Shah,Corporate,India,Ahmedabad,Gujarat,West,FUR-CH-1003,Furniture,Chairs,Mesh Back Task Chair,19264.98,4,0.05,-72.73
IN-2024-100415,2024-04-27,2024-05-01,Standard Class,CU-1001,Siddharth Joshi,Consumer,India,New Delhi,Delhi,North,OFF-ST-1004,Office Supplies,Storage,Wall Mount Shelf Box,12678.63,7,0.1,1269.81
IN-2024-100415,2024-04-27,2024-05-01,Standard Class,CU-1001,Siddharth Joshi,Consumer,India,New Delhi,Delhi,North,OFF-AR-1003,Office Supplies,Art,Highlighter Pack,772.85,3,0,180.0
IN-2024-100077,2024-04-28,2024-05-05,Standard Class,CU-1423,Neha Joshi,Home Office,India,Indore,Madhya Pradesh,Central,OFF-AR-1003,Office Supplies,Art,Highlighter Pack,210.98,1,0.15,17.93
IN-2024-100077,2024-04-28,2024-05-05,Standard Class,CU-1423,Neha Joshi,Home Office,India,Indore,Madhya Pradesh,Central,FUR-BO-1002,Furniture,Bookcases,Steel Library Rack,58919.05,5,0.2,-8506.16
IN-2024-100077,2024-04-28,2024-05-05,Standard Class,CU-1423,Neha Joshi,Home Office,India,Indore,Madhya Pradesh,Central,TEC-MA-1001,Technology,Machines,Currency Counting Machine,7147.26,1,0.2,-960.54
IN-2024-100108,2024-04-28,2024-05-04,Standard Class,CU-1314,Riya Verma,Consumer,India,Surat,Gujarat,West,OFF-AR-1002,Office Supplies,Art,Premium Pen Set,4613.92,4,0.15,468.42
IN-2024-100702,2024-05-02,2024-05-04,First Class,CU-1073,Neha Iyer,Home Office,India,Bhopal,Madhya Pradesh,Central,TEC-CO-1003,Technology,Copiers,Mono Laser Printer,84177.84,5,0,30576.49
IN-2024-101631,2024-05-02,2024-05-04,First Class,CU-1233,Sneha Iyer,Consumer,India,Panaji,Goa,West,OFF-AR-1001,Office Supplies,Art,Whiteboard Marker Set,571.11,2,0.3,-6.06
IN-2024-100508,2024-05-03,2024-05-10,Standard Class,CU-1254,Pranav Kapoor,Consumer,India,Mysuru,Karnataka,South,OFF-BI-1004,Office Supplies,Binders,Plastic Folder Set,873.52,2,0,238.3
IN-2024-100602,2024-05-03,2024-05-09,Standard Class,CU-1371,Priya Nair,Consumer,India,Kochi,Kerala,South,OFF-AR-1003,Office Supplies,Art,Highlighter Pack,534.62,2,0,97.22
IN-2024-100602,2024-05-03,2024-05-09,Standard Class,CU-1371,Priya Nair,Consumer,India,Kochi,Kerala,South,OFF-AR-1003,Office Supplies,Art,Highlighter Pack,211.26,1,0.15,40.05
IN-2024-100929,2024-05-03,2024-05-05,First Class,CU-1089,Tanvi Joshi,Consumer,India,Panaji,Goa,West,FUR-FU-1004,Furniture,Furnishings,Anti-Fatigue Floor Mat,4875.95,3,0.1,345.07
IN-2024-101346,2024-05-03,2024-05-09,Standard Class,CU-1145,Varun Das,Corporate,India,Kochi,Kerala,South,TEC-PH-1003,Technology,Phones,IP Desk Phone,30009.24,6,0.2,1210.99
IN-2024-101346,2024-05-03,2024-05-09,Standard Class,CU-1145,Varun Das,Corporate,India,Kochi,Kerala,South,OFF-ST-1003,Office Supplies,Storage,Desk Organizer,1873.81,3,0.3,-214.45
IN-2024-100228,2024-05-05,2024-05-07,First Class,CU-1088,Ananya Joshi,Home Office,India,Surat,Gujarat,West,FUR-FU-1003,Furniture,Furnishings,Office Curtain Set,5463.51,2,0.05,1041.88
IN-2024-100228,2024-05-05,2024-05-07,First Class,CU-1088,Ananya Joshi,Home Office,India,Surat,Gujarat,West,OFF-PA-1002,Office Supplies,Paper,Premium Photo Paper,1276.48,1,0,499.02
IN-2024-100228,2024-05-05,2024-05-07,First Class,CU-1088,Ananya Joshi,Home Office,India,Surat,Gujarat,West,OFF-BI-1001,Office Supplies,Binders,Ring Binder A4 (Pack of 10),4192.98,7,0,1654.57
IN-2024-101043,2024-05-06,2024-05-12,Standard Class,CU-1291,Aman Patel,Corporate,India,Noida,Uttar Pradesh,North,OFF-PA-1001,Office Supplies,Paper,A4 Copier Paper 500 Sheets,1717.31,5,0.1,572.92
IN-2024-101654,2024-05-08,2024-05-11,First Class,CU-1323,Harsh Bose,Corporate,India,Pune,Maharashtra,West,OFF-AR-1002,Office Supplies,Art,Premium Pen Set,2725.28,3,0.3,26.08
IN-2024-100231,2024-05-10,2024-05-10,Same Day,CU-1410,Pooja Desai,Consumer,India,Mysuru,Karnataka,South,TEC-AC-1004,Technology,Accessories,Noise Cancelling Headset,15961.36,2,0,4092.35
IN-2024-100231,2024-05-10,2024-05-10,Same Day,CU-1410,Pooja Desai,Consumer,India,Mysuru,Karnataka,South,TEC-AC-1004,Technology,Accessories,Noise Cancelling Headset,5250.81,1,0.3,287.67
IN-2024-100301,2024-05-11,2024-05-13,Second Class,CU-1012,Pooja Joshi,Consumer,India,New Delhi,Delhi,North,TEC-PH-1002,Technology,Phones,Smartphone Lite 64GB,39985.73,3,0,6116.54
IN-2024-101330,2024-05-11,2024-05-16,Standard Class,CU-1329,Rohan Kapoor,Home Office,India,Patna,Bihar,East,OFF-AR-1001,Office Supplies,Art,Whiteboard Marker Set,2581.73,6,0,600.79
IN-2024-101330,2024-05-11,2024-05-16,Standard Class,CU-1329,Rohan Kapoor,Home Office,India,Patna,Bihar,East,OFF-BI-1001,Office Supplies,Binders,Ring Binder A4 (Pack of 10),3502.49,6,0.05,864.02
IN-2024-101622,2024-05-11,2024-05-17,Standard Class,CU-1317,Arjun Patel,Consumer,India,Mumbai,Maharashtra,West,TEC-MA-1003,Technology,Machines,Laminating Machine,12411.41,2,0.05,702.96
IN-2024-101622,2024-05-11,2024-05-17,Standard Class,CU-1317,Arjun Patel,Consumer,India,Mumbai,Maharashtra,West,OFF-AR-1001,Office Supplies,Art,Whiteboard Marker Set,791.08,2,0.05,167.92
IN-2024-101622,2024-05-11,2024-05-17,Standard Class,CU-1317,Arjun Patel,Consumer,India,Mumbai,Maharashtra,West,OFF-BI-1004,Office Supplies,Binders,Plastic Folder Set,733.91,2,0.2,65.47
IN-2024-101622,2024-05-11,2024-05-17,Standard Class,CU-1317,Arjun Patel,Consumer,India,Mumbai,Maharashtra,West,TEC-PH-1003,Technology,Phones,IP Desk Phone,5387.6,1,0.1,579.66
IN-2024-100868,2024-05-12,2024-05-18,Standard Class,CU-1248,Aditya Chopra,Corporate,India,Amritsar,Punjab,North,FUR-BO-1004,Furniture,Bookcases,Modular Bookshelf,22991.52,3,0,2613.35
IN-2024-100336,2024-05-13,2024-05-17,Second Class,CU-1333,Manish Sharma,Corporate,India,Jaipur,Rajasthan,North,FUR-FU-1003,Furniture,Furnishings,Office Curtain Set,2770.85,1,0,474.13
IN-2024-100472,2024-05-13,2024-05-19,Standard Class,CU-1272,Aarav Kapoor,Consumer,India,Noida,Uttar Pradesh,North,OFF-PA-1004,Office Supplies,Paper,Thermal Roll Pack,730.54,1,0,239.48
IN-2024-100472,2024-05-13,2024-05-19,Standard Class,CU-1272,Aarav Kapoor,Consumer,India,Noida,Uttar Pradesh,North,TEC-MA-1001,Technology,Machines,Currency Counting Machine,9771.35,1,0,231.51
IN-2024-100317,2024-05-14,2024-05-20,Standard Class,CU-1350,Neha Shah,Consumer,India,New Delhi,Delhi,North,OFF-ST-1004,Office Supplies,Storage,Wall Mount Shelf Box,11493.06,7,0.2,-513.57
IN-2024-100317,2024-05-14,2024-05-20,Standard Class,CU-1350,Neha Shah,Consumer,India,New Delhi,Delhi,North,OFF-AR-1001,Office Supplies,Art,Whiteboard Marker Set,836.62,2,0,212.67
IN-2024-100317,2024-05-14,2024-05-20,Standard Class,CU-1350,Neha Shah,Consumer,India,New Delhi,Delhi,North,OFF-AR-1002,Office Supplies,Art,Premium Pen Set,4094.06,3,0,1047.31
IN-2024-100317,2024-05-14,2024-05-20,Standard Class,CU-1350,Neha Shah,Consumer,India,New Delhi,Delhi,North,FUR-CH-1001,Furniture,Chairs,Ergonomic Office Chair,8426.19,1,0,1426.84
IN-2024-100679,2024-05-14,2024-05-20,Standard Class,CU-1377,Aditya Pillai,Consumer,India,Raipur,Chhattisgarh,Central,FUR-CH-1001,Furniture,Chairs,Ergonomic Office Chair,39492.6,5,0.05,3260.04
IN-2024-100366,2024-05-15,2024-05-15,Same Day,CU-1131,Aman Kapoor,Consumer,India,Jaipur,Rajasthan,North,OFF-ST-1002,Office Supplies,Storage,Plastic Storage Box Set,4708.61,3,0,304.36
IN-2024-100674,2024-05-15,2024-05-16,First Class,CU-1413,Aditya Bose,Home Office,India,Bhubaneswar,Odisha,East,OFF-BI-1002,Office Supplies,Binders,Heavy Duty Lever Arch File,647.56,2,0,224.61
IN-2024-100674,2024-05-15,2024-05-16,First Class,CU-1413,Aditya Bose,Home Office,India,Bhubaneswar,Odisha,East,FUR-FU-1004,Furniture,Furnishings,Anti-Fatigue Floor Mat,1785.99,1,0,444.67
IN-2024-101152,2024-05-15,2024-05-18,Second Class,CU-1026,Vihaan Joshi,Home Office,India,Bhubaneswar,Odisha,East,FUR-FU-1001,Furniture,Furnishings,LED Desk Lamp,1255.33,1,0.15,58.35
IN-2024-101666,2024-05-15,2024-05-21,Standard Class,CU-1149,Pooja Nair,Home Office,India,Amritsar,Punjab,North,OFF-BI-1002,Office Supplies,Binders,Heavy Duty Lever Arch File,313.0,1,0.1,76.32
IN-2024-101666,2024-05-15,2024-05-21,Standard Class,CU-1149,Pooja Nair,Home Office,India,Amritsar,Punjab,North,FUR-BO-1003,Furniture,Bookcases,Corner Display Unit,55286.8,6,0,5693.96
IN-2024-101666,2024-05-15,2024-05-21,Standard Class,CU-1149,Pooja Nair,Home Office,India,Amritsar,Punjab,North,OFF-ST-1003,Office Supplies,Storage,Desk Organizer,1754.84,2,0,205.02
IN-2024-100289,2024-05-16,2024-05-23,Standard Class,CU-1119,Diya Chopra,Consumer,India,Panaji,Goa,West,OFF-PA-1004,Office Supplies,Paper,Thermal Roll Pack,1302.9,2,0.1,307.92
IN-2024-100289,2024-05-16,2024-05-23,Standard Class,CU-1119,Diya Chopra,Consumer,India,Panaji,Goa,West,OFF-BI-1001,Office Supplies,Binders,Ring Binder A4 (Pack of 10),1431.0,3,0.2,112.54
IN-2024-101031,2024-05-16,2024-05-20,Standard Class,CU-1111,Shruti Nair,Consumer,India,Surat,Gujarat,West,TEC-CO-1001,Technology,Copiers,Laser Copier Compact,186764.88,4,0,62700.26
IN-2024-101298,2024-05-16,2024-05-22,Standard Class,CU-1013,Swati Patel,Consumer,India,Coimbatore,Tamil Nadu,South,TEC-MA-1004,Technology,Machines,Paper Shredder 20-Sheet,38939.2,4,0.15,-4361.73
IN-2024-101298,2024-05-16,2024-05-22,Standard Class,CU-1013,Swati Patel,Consumer,India,Coimbatore,Tamil Nadu,South,OFF-PA-1001,Office Supplies,Paper,A4 Copier Paper 500 Sheets,727.05,2,0,279.41
IN-2024-101298,2024-05-16,2024-05-22,Standard Class,CU-1013,Swati Patel,Consumer,India,Coimbatore,Tamil Nadu,South,OFF-BI-1002,Office Supplies,Binders,Heavy Duty Lever Arch File,272.16,1,0.2,38.4
IN-2024-100969,2024-05-19,2024-05-20,First Class,CU-1088,Ananya Joshi,Home Office,India,Surat,Gujarat,West,OFF-ST-1003,Office Supplies,Storage,Desk Organizer,1761.35,2,0,227.56
IN-2024-100969,2024-05-19,2024-05-20,First Class,CU-1088,Ananya Joshi,Home Office,India,Surat,Gujarat,West,OFF-PA-1001,Office Supplies,Paper,A4 Copier Paper 500 Sheets,1565.2,4,0,714.43
IN-2024-100473,2024-05-20,2024-05-23,Second Class,CU-1201,Karan Kulkarni,Consumer,India,Lucknow,Uttar Pradesh,North,FUR-FU-1003,Furniture,Furnishings,Office Curtain Set,13293.58,5,0.05,1881.68
IN-2024-100826,2024-05-20,2024-05-21,First Class,CU-1090,Ananya Gupta,Consumer,India,Ahmedabad,Gujarat,West,FUR-BO-1001,Furniture,Bookcases,Wooden Bookcase 5-Shelf,56317.98,5,0,8254.95
IN-2024-100826,2024-05-20,2024-05-21,First Class,CU-1090,Ananya Gupta,Consumer,India,Ahmedabad,Gujarat,West,OFF-BI-1004,Office Supplies,Binders,Plastic Folder Set,1337.56,3,0,510.71
IN-2024-100826,2024-05-20,2024-05-21,First Class,CU-1090,Ananya Gupta,Consumer,India,Ahmedabad,Gujarat,West,OFF-AR-1002,Office Supplies,Art,Premium Pen Set,8341.92,8,0.2,432.67
IN-2024-100911,2024-05-20,2024-05-26,Standard Class,CU-1333,Manish Sharma,Corporate,India,Jaipur,Rajasthan,North,FUR-FU-1002,Furniture,Furnishings,Wall Clock Classic,1954.66,2,0,355.49
IN-2024-100442,2024-05-21,2024-05-26,Standard Class,CU-1036,Neha Bose,Consumer,India,Nagpur,Maharashtra,West,FUR-TA-1003,Furniture,Tables,Folding Training Table,26965.35,5,0.2,-6979.0
IN-2024-100756,2024-05-21,2024-05-25,Second Class,CU-1050,Isha Iyer,Consumer,India,Hyderabad,Telangana,South,FUR-FU-1003,Furniture,Furnishings,Office Curtain Set,4927.63,2,0.15,390.84
IN-2024-100756,2024-05-21,2024-05-25,Second Class,CU-1050,Isha Iyer,Consumer,India,Hyderabad,Telangana,South,OFF-AR-1001,Office Supplies,Art,Whiteboard Marker Set,993.76,3,0.2,46.41
IN-2024-101123,2024-05-21,2024-05-23,Second Class,CU-1362,Aman Chopra,Consumer,India,Surat,Gujarat,West,TEC-AC-1004,Technology,Accessories,Noise Cancelling Headset,24384.32,3,0,5911.38
IN-2024-101123,2024-05-21,2024-05-23,Second Class,CU-1362,Aman Chopra,Consumer,India,Surat,Gujarat,West,OFF-ST-1003,Office Supplies,Storage,Desk Organizer,3435.15,4,0,277.23
IN-2024-101123,2024-05-21,2024-05-23,Second Class,CU-1362,Aman Chopra,Consumer,India,Surat,Gujarat,West,TEC-AC-1003,Technology,Accessories,USB-C Hub 7-in-1,1654.24,1,0.3,58.89
IN-2024-101058,2024-05-22,2024-05-26,Standard Class,CU-1367,Varun Kapoor,Home Office,India,Ludhiana,Punjab,North,FUR-BO-1004,Furniture,Bookcases,Modular Bookshelf,14315.09,2,0.1,166.0
IN-2024-101058,2024-05-22,2024-05-26,Standard Class,CU-1367,Varun Kapoor,Home Office,India,Ludhiana,Punjab,North,OFF-AR-1004,Office Supplies,Art,Artist Sketch Kit,4760.32,3,0.1,597.64
IN-2024-101058,2024-05-22,2024-05-26,Standard Class,CU-1367,Varun Kapoor,Home Office,India,Ludhiana,Punjab,North,FUR-TA-1003,Furniture,Tables,Folding Training Table,12750.46,2,0,-912.85
IN-2024-101073,2024-05-22,2024-05-23,First Class,CU-1365,Siddharth Nair,Consumer,India,Raipur,Chhattisgarh,Central,FUR-TA-1004,Furniture,Tables,Reception Counter,21326.09,1,0.3,-6426.34
IN-2024-101073,2024-05-22,2024-05-23,First Class,CU-1365,Siddharth Nair,Consumer,India,Raipur,Chhattisgarh,Central,FUR-TA-1001,Furniture,Tables,Conference Table 8-Seater,84244.38,2,0,-645.06
IN-2024-101073,2024-05-22,2024-05-23,First Class,CU-1365,Siddharth Nair,Consumer,India,Raipur,Chhattisgarh,Central,OFF-ST-1004,Office Supplies,Storage,Wall Mount Shelf Box,4098.5,2,0,367.33
IN-2024-101092,2024-05-22,2024-05-28,Standard Class,CU-1441,Aman Joshi,Consumer,India,Panaji,Goa,West,OFF-BI-1004,Office Supplies,Binders,Plastic Folder Set,1330.7,3,0,405.75
IN-2024-100626,2024-05-24,2024-05-25,First Class,CU-1039,Priya Joshi,Home Office,India,Pune,Maharashtra,West,OFF-ST-1001,Office Supplies,Storage,Steel Filing Cabinet,24471.61,2,0,2797.13
IN-2024-101575,2024-05-24,2024-05-30,Standard Class,CU-1237,Priya Chopra,Corporate,India,Amritsar,Punjab,North,OFF-ST-1002,Office Supplies,Storage,Plastic Storage Box Set,3262.84,2,0,294.61
IN-2024-100250,2024-05-25,2024-05-29,Standard Class,CU-1129,Siddharth Reddy,Corporate,India,Bhubaneswar,Odisha,East,FUR-FU-1003,Furniture,Furnishings,Office Curtain Set,16127.33,6,0,2828.94
IN-2024-100250,2024-05-25,2024-05-29,Standard Class,CU-1129,Siddharth Reddy,Corporate,India,Bhubaneswar,Odisha,East,FUR-CH-1004,Furniture,Chairs,Visitor Chair Set,3979.39,1,0,299.86
IN-2024-100692,2024-05-25,2024-05-29,Standard Class,CU-1371,Priya Nair,Consumer,India,Kochi,Kerala,South,FUR-BO-1003,Furniture,Bookcases,Corner Display Unit,8868.72,1,0,318.3
IN-2024-100692,2024-05-25,2024-05-29,Standard Class,CU-1371,Priya Nair,Consumer,India,Kochi,Kerala,South,FUR-TA-1004,Furniture,Tables,Reception Counter,29734.76,1,0,-1309.02
IN-2024-101148,2024-05-25,2024-05-26,First Class,CU-1071,Nikhil Rao,Consumer,India,Noida,Uttar Pradesh,North,FUR-TA-1002,Furniture,Tables,Computer Desk,15412.68,2,0.2,-2598.01
IN-2024-101148,2024-05-25,2024-05-26,First Class,CU-1071,Nikhil Rao,Consumer,India,Noida,Uttar Pradesh,North,FUR-TA-1004,Furniture,Tables,Reception Counter,28639.56,1,0.1,-3671.89
IN-2024-101358,2024-05-25,2024-05-31,Standard Class,CU-1096,Ananya Menon,Consumer,India,Bhubaneswar,Odisha,East,OFF-AR-1003,Office Supplies,Art,Highlighter Pack,1112.34,5,0.15,174.73
IN-2024-101358,2024-05-25,2024-05-31,Standard Class,CU-1096,Ananya Menon,Consumer,India,Bhubaneswar,Odisha,East,TEC-AC-1003,Technology,Accessories,USB-C Hub 7-in-1,3336.19,2,0.3,33.91
IN-2024-101127,2024-05-27,2024-05-31,Second Class,CU-1387,Ananya Patel,Corporate,India,Kochi,Kerala,South,OFF-BI-1004,Office Supplies,Binders,Plastic Folder Set,434.13,1,0.05,112.75
IN-2024-101527,2024-05-27,2024-06-03,Standard Class,CU-1328,Vihaan Nair,Corporate,India,Bengaluru,Karnataka,South,FUR-CH-1002,Furniture,Chairs,Executive Leather Chair,103593.53,6,0.05,7532.21
IN-2024-101527,2024-05-27,2024-06-03,Standard Class,CU-1328,Vihaan Nair,Corporate,India,Bengaluru,Karnataka,South,OFF-ST-1001,Office Supplies,Storage,Steel Filing Cabinet,24889.25,2,0.05,191.64
IN-2024-100819,2024-06-01,2024-06-04,Second Class,CU-1100,Priya Gupta,Consumer,India,Ahmedabad,Gujarat,West,OFF-AR-1003,Office Supplies,Art,Highlighter Pack,1053.55,6,0.3,18.96
IN-2024-101063,2024-06-01,2024-06-06,Standard Class,CU-1061,Diya Bose,Home Office,India,Mumbai,Maharashtra,West,TEC-MA-1003,Technology,Machines,Laminating Machine,7113.6,1,0,634.76
IN-2024-101063,2024-06-01,2024-06-06,Standard Class,CU-1061,Diya Bose,Home Office,India,Mumbai,Maharashtra,West,OFF-ST-1001,Office Supplies,Storage,Steel Filing Cabinet,79410.18,6,0,10310.04
IN-2024-101063,2024-06-01,2024-06-06,Standard Class,CU-1061,Diya Bose,Home Office,India,Mumbai,Maharashtra,West,FUR-FU-1001,Furniture,Furnishings,LED Desk Lamp,4074.05,3,0.05,722.86
IN-2024-100877,2024-06-02,2024-06-03,First Class,CU-1104,Aman Mehta,Consumer,India,Ahmedabad,Gujarat,West,TEC-MA-1003,Technology,Machines,Laminating Machine,5864.05,1,0.15,-316.18
IN-2024-100207,2024-06-03,2024-06-05,First Class,CU-1377,Aditya Pillai,Consumer,India,Raipur,Chhattisgarh,Central,FUR-CH-1003,Furniture,Chairs,Mesh Back Task Chair,5194.4,1,0,862.43
IN-2024-101061,2024-06-03,2024-06-03,Same Day,CU-1411,Manish Singh,Consumer,India,Patna,Bihar,East,OFF-PA-1003,Office Supplies,Paper,Sticky Notes Bulk Pack,948.39,2,0.15,274.54
IN-2024-101061,2024-06-03,2024-06-03,Same Day,CU-1411,Manish Singh,Consumer,India,Patna,Bihar,East,OFF-BI-1001,Office Supplies,Binders,Ring Binder A4 (Pack of 10),1083.22,2,0.1,221.77
IN-2024-101254,2024-06-04,2024-06-09,Standard Class,CU-1166,Harsh Iyer,Consumer,India,Lucknow,Uttar Pradesh,North,OFF-PA-1003,Office Supplies,Paper,Sticky Notes Bulk Pack,1171.3,3,0.3,123.56
IN-2024-101254,2024-06-04,2024-06-09,Standard Class,CU-1166,Harsh Iyer,Consumer,India,Lucknow,Uttar Pradesh,North,OFF-AR-1002,Office Supplies,Art,Premium Pen Set,1413.53,1,0,365.58
IN-2024-101424,2024-06-06,2024-06-11,Standard Class,CU-1209,Priya Joshi,Consumer,India,Amritsar,Punjab,North,TEC-PH-1004,Technology,Phones,Conference Speakerphone,29060.26,3,0,4795.29
IN-2024-101424,2024-06-06,2024-06-11,Standard Class,CU-1209,Priya Joshi,Consumer,India,Amritsar,Punjab,North,TEC-MA-1001,Technology,Machines,Currency Counting Machine,29441.98,3,0,1344.35
IN-2024-100580,2024-06-07,2024-06-11,Second Class,CU-1190,Varun Pillai,Consumer,India,Surat,Gujarat,West,OFF-AR-1003,Office Supplies,Art,Highlighter Pack,396.43,2,0.2,24.94
IN-2024-101025,2024-06-07,2024-06-12,Standard Class,CU-1098,Aman Chopra,Corporate,India,Bhopal,Madhya Pradesh,Central,FUR-BO-1004,Furniture,Bookcases,Modular Bookshelf,22308.36,3,0,2105.97
IN-2024-101025,2024-06-07,2024-06-12,Standard Class,CU-1098,Aman Chopra,Corporate,India,Bhopal,Madhya Pradesh,Central,FUR-FU-1004,Furniture,Furnishings,Anti-Fatigue Floor Mat,3403.61,2,0.05,361.95
IN-2024-101025,2024-06-07,2024-06-12,Standard Class,CU-1098,Aman Chopra,Corporate,India,Bhopal,Madhya Pradesh,Central,FUR-CH-1002,Furniture,Chairs,Executive Leather Chair,15117.02,1,0.2,-417.74
IN-2024-101190,2024-06-07,2024-06-14,Standard Class,CU-1294,Riya Rao,Consumer,India,Panaji,Goa,West,OFF-ST-1002,Office Supplies,Storage,Plastic Storage Box Set,13013.79,8,0,1387.81
IN-2024-101551,2024-06-07,2024-06-09,First Class,CU-1123,Arjun Mehta,Consumer,India,Noida,Uttar Pradesh,North,OFF-AR-1001,Office Supplies,Art,Whiteboard Marker Set,593.55,2,0.3,1.92
IN-2024-100633,2024-06-08,2024-06-12,Standard Class,CU-1167,Priya Singh,Corporate,India,Panaji,Goa,West,TEC-MA-1004,Technology,Machines,Paper Shredder 20-Sheet,10874.51,1,0,615.12
IN-2024-100633,2024-06-08,2024-06-12,Standard Class,CU-1167,Priya Singh,Corporate,India,Panaji,Goa,West,OFF-BI-1002,Office Supplies,Binders,Heavy Duty Lever Arch File,629.2,2,0.1,100.72
IN-2024-100809,2024-06-08,2024-06-12,Standard Class,CU-1073,Neha Iyer,Home Office,India,Bhopal,Madhya Pradesh,Central,OFF-ST-1004,Office Supplies,Storage,Wall Mount Shelf Box,4209.12,2,0,398.7
IN-2024-100809,2024-06-08,2024-06-12,Standard Class,CU-1073,Neha Iyer,Home Office,India,Bhopal,Madhya Pradesh,Central,OFF-AR-1001,Office Supplies,Art,Whiteboard Marker Set,1185.94,3,0.05,274.19
IN-2024-100987,2024-06-08,2024-06-14,Standard Class,CU-1413,Aditya Bose,Home Office,India,Bhubaneswar,Odisha,East,FUR-BO-1003,Furniture,Bookcases,Corner Display Unit,63916.18,7,0.05,3858.82
IN-2024-100197,2024-06-09,2024-06-16,Standard Class,CU-1007,Manish Patel,Corporate,India,Patna,Bihar,East,TEC-PH-1002,Technology,Phones,Smartphone Lite 64GB,24292.21,2,0.1,1585.33
IN-2024-100712,2024-06-09,2024-06-12,Second Class,CU-1386,Pranav Nair,Home Office,India,Kolkata,West Bengal,East,FUR-TA-1004,Furniture,Tables,Reception Counter,87459.15,3,0.1,-14123.24
IN-2024-100712,2024-06-09,2024-06-12,Second Class,CU-1386,Pranav Nair,Home Office,India,Kolkata,West Bengal,East,OFF-BI-1004,Office Supplies,Binders,Plastic Folder Set,3142.08,7,0,569.78
IN-2024-101272,2024-06-09,2024-06-16,Standard Class,CU-1166,Harsh Iyer,Consumer,India,Lucknow,Uttar Pradesh,North,OFF-AR-1004,Office Supplies,Art,Artist Sketch Kit,7559.9,5,0.1,1511.83
IN-2024-101568,2024-06-09,2024-06-14,Standard Class,CU-1396,Sanjana Mehta,Home Office,India,Bengaluru,Karnataka,South,OFF-BI-1003,Office Supplies,Binders,Binding Machine Combs,798.28,1,0,216.2
IN-2024-101568,2024-06-09,2024-06-14,Standard Class,CU-1396,Sanjana Mehta,Home Office,India,Bengaluru,Karnataka,South,OFF-AR-1004,Office Supplies,Art,Artist Sketch Kit,1193.71,1,0.3,86.22
IN-2024-101457,2024-06-10,2024-06-14,Standard Class,CU-1308,Tanvi Desai,Corporate,India,Lucknow,Uttar Pradesh,North,OFF-PA-1004,Office Supplies,Paper,Thermal Roll Pack,1194.86,2,0.15,328.49
IN-2024-101584,2024-06-10,2024-06-14,Standard Class,CU-1121,Ananya Joshi,Consumer,India,Noida,Uttar Pradesh,North,FUR-FU-1001,Furniture,Furnishings,LED Desk Lamp,4337.39,3,0,688.23
IN-2024-100664,2024-06-12,2024-06-19,Standard Class,CU-1069,Arjun Kulkarni,Consumer,India,Hyderabad,Telangana,South,FUR-FU-1002,Furniture,Furnishings,Wall Clock Classic,956.5,1,0,222.05
IN-2024-100664,2024-06-12,2024-06-19,Standard Class,CU-1069,Arjun Kulkarni,Consumer,India,Hyderabad,Telangana,South,TEC-MA-1001,Technology,Machines,Currency Counting Machine,35194.8,4,0.1,-3691.17
IN-2024-101018,2024-06-13,2024-06-19,Standard Class,CU-1212,Arjun Bose,Corporate,India,Kolkata,West Bengal,East,FUR-FU-1004,Furniture,Furnishings,Anti-Fatigue Floor Mat,12763.42,7,0.05,1528.47
IN-2024-101018,2024-06-13,2024-06-19,Standard Class,CU-1212,Arjun Bose,Corporate,India,Kolkata,West Bengal,East,TEC-CO-1004,Technology,Copiers,Document Scanner,44133.26,2,0,14973.37
IN-2024-101172,2024-06-13,2024-06-18,Standard Class,CU-1360,Karan Nair,Consumer,India,Panaji,Goa,West,OFF-ST-1004,Office Supplies,Storage,Wall Mount Shelf Box,2000.55,1,0,367.51
IN-2024-100616,2024-06-14,2024-06-16,First Class,CU-1089,Tanvi Joshi,Consumer,India,Panaji,Goa,West,OFF-PA-1004,Office Supplies,Paper,Thermal Roll Pack,710.28,1,0,314.39
IN-2024-101007,2024-06-14,2024-06-14,Same Day,CU-1037,Vihaan Das,Corporate,India,Bengaluru,Karnataka,South,OFF-AR-1004,Office Supplies,Art,Artist Sketch Kit,4691.11,3,0.1,1231.74
IN-2024-101214,2024-06-14,2024-06-18,Second Class,CU-1047,Yash Joshi,Consumer,India,Nagpur,Maharashtra,West,FUR-BO-1004,Furniture,Bookcases,Modular Bookshelf,6843.55,1,0.1,177.99
IN-2024-101214,2024-06-14,2024-06-18,Second Class,CU-1047,Yash Joshi,Consumer,India,Nagpur,Maharashtra,West,OFF-ST-1002,Office Supplies,Storage,Plastic Storage Box Set,3217.48,2,0,643.3
IN-2024-101214,2024-06-14,2024-06-18,Second Class,CU-1047,Yash Joshi,Consumer,India,Nagpur,Maharashtra,West,OFF-BI-1004,Office Supplies,Binders,Plastic Folder Set,1733.73,4,0,521.49
IN-2024-101214,2024-06-14,2024-06-18,Second Class,CU-1047,Yash Joshi,Consumer,India,Nagpur,Maharashtra,West,OFF-BI-1002,Office Supplies,Binders,Heavy Duty Lever Arch File,1541.04,5,0.05,347.06
IN-2024-101283,2024-06-17,2024-06-19,First Class,CU-1055,Ananya Desai,Corporate,India,Patna,Bihar,East,FUR-FU-1001,Furniture,Furnishings,LED Desk Lamp,4205.72,3,0,874.0
IN-2024-101283,2024-06-17,2024-06-19,First Class,CU-1055,Ananya Desai,Corporate,India,Patna,Bihar,East,OFF-AR-1001,Office Supplies,Art,Whiteboard Marker Set,1458.91,4,0.15,173.12
IN-2024-101614,2024-06-17,2024-06-19,First Class,CU-1216,Arjun Kulkarni,Corporate,India,Panaji,Goa,West,FUR-CH-1004,Furniture,Chairs,Visitor Chair Set,7722.24,2,0,207.07
IN-2024-101614,2024-06-17,2024-06-19,First Class,CU-1216,Arjun Kulkarni,Corporate,India,Panaji,Goa,West,OFF-AR-1004,Office Supplies,Art,Artist Sketch Kit,5187.1,3,0,1792.32
IN-2024-101614,2024-06-17,2024-06-19,First Class,CU-1216,Arjun Kulkarni,Corporate,India,Panaji,Goa,West,FUR-FU-1001,Furniture,Furnishings,LED Desk Lamp,1212.11,1,0.2,17.99
IN-2024-101614,2024-06-17,2024-06-19,First Class,CU-1216,Arjun Kulkarni,Corporate,India,Panaji,Goa,West,FUR-CH-1001,Furniture,Chairs,Ergonomic Office Chair,17157.88,3,0.3,-2964.33
IN-2024-100940,2024-06-18,2024-06-21,Second Class,CU-1215,Rohan Shah,Consumer,India,Panaji,Goa,West,OFF-BI-1002,Office Supplies,Binders,Heavy Duty Lever Arch File,243.37,1,0.3,-1.82
IN-2024-100940,2024-06-18,2024-06-21,Second Class,CU-1215,Rohan Shah,Consumer,India,Panaji,Goa,West,OFF-BI-1004,Office Supplies,Binders,Plastic Folder Set,902.52,2,0,256.22
IN-2024-101304,2024-06-18,2024-06-24,Standard Class,CU-1051,Pooja Mehta,Consumer,India,New Delhi,Delhi,North,OFF-AR-1004,Office Supplies,Art,Artist Sketch Kit,6920.62,5,0.2,885.93
IN-2024-100662,2024-06-21,2024-06-26,Standard Class,CU-1233,Sneha Iyer,Consumer,India,Panaji,Goa,West,OFF-BI-1003,Office Supplies,Binders,Binding Machine Combs,816.12,1,0,225.6
IN-2024-100662,2024-06-21,2024-06-26,Standard Class,CU-1233,Sneha Iyer,Consumer,India,Panaji,Goa,West,FUR-FU-1001,Furniture,Furnishings,LED Desk Lamp,5080.59,4,0.15,431.3
IN-2024-101501,2024-06-21,2024-06-23,First Class,CU-1281,Vihaan Mehta,Consumer,India,Raipur,Chhattisgarh,Central,OFF-AR-1003,Office Supplies,Art,Highlighter Pack,238.96,1,0.1,51.06
IN-2024-101501,2024-06-21,2024-06-23,First Class,CU-1281,Vihaan Mehta,Consumer,India,Raipur,Chhattisgarh,Central,OFF-BI-1003,Office Supplies,Binders,Binding Machine Combs,1336.16,2,0.1,268.01
IN-2024-101501,2024-06-21,2024-06-23,First Class,CU-1281,Vihaan Mehta,Consumer,India,Raipur,Chhattisgarh,Central,OFF-AR-1003,Office Supplies,Art,Highlighter Pack,988.38,4,0,245.45
IN-2024-100383,2024-06-22,2024-06-28,Standard Class,CU-1388,Pooja Shah,Consumer,India,Amritsar,Punjab,North,FUR-TA-1002,Furniture,Tables,Computer Desk,37971.31,4,0.05,-1456.41
IN-2024-100597,2024-06-22,2024-06-28,Standard Class,CU-1321,Rahul Chopra,Consumer,India,Kochi,Kerala,South,TEC-MA-1003,Technology,Machines,Laminating Machine,31029.27,6,0.2,-2872.53
IN-2024-101245,2024-06-23,2024-06-30,Standard Class,CU-1388,Pooja Shah,Consumer,India,Amritsar,Punjab,North,OFF-PA-1002,Office Supplies,Paper,Premium Photo Paper,3884.05,3,0,1541.52
IN-2024-101590,2024-06-23,2024-06-30,Standard Class,CU-1004,Priya Chopra,Consumer,India,Jaipur,Rajasthan,North,FUR-CH-1004,Furniture,Chairs,Visitor Chair Set,3228.82,1,0.15,-39.11
IN-2024-100700,2024-06-25,2024-07-02,Standard Class,CU-1246,Manish Gupta,Consumer,India,Hyderabad,Telangana,South,OFF-BI-1001,Office Supplies,Binders,Ring Binder A4 (Pack of 10),4750.53,8,0,1428.61
IN-2024-100700,2024-06-25,2024-07-02,Standard Class,CU-1246,Manish Gupta,Consumer,India,Hyderabad,Telangana,South,FUR-CH-1003,Furniture,Chairs,Mesh Back Task Chair,5432.33,1,0,655.04
IN-2024-101313,2024-06-25,2024-06-30,Standard Class,CU-1249,Rohan Kapoor,Corporate,India,Raipur,Chhattisgarh,Central,OFF-BI-1004,Office Supplies,Binders,Plastic Folder Set,2204.69,5,0,515.45
IN-2024-101313,2024-06-25,2024-06-30,Standard Class,CU-1249,Rohan Kapoor,Corporate,India,Raipur,Chhattisgarh,Central,FUR-CH-1004,Furniture,Chairs,Visitor Chair Set,2613.02,1,0.3,-222.18
IN-2024-101539,2024-06-25,2024-06-29,Standard Class,CU-1247,Diya Kulkarni,Corporate,India,Panaji,Goa,West,OFF-BI-1002,Office Supplies,Binders,Heavy Duty Lever Arch File,1311.2,4,0.05,315.0
IN-2024-100087,2024-06-26,2024-06-30,Second Class,CU-1113,Swati Iyer,Consumer,India,Lucknow,Uttar Pradesh,North,OFF-PA-1004,Office Supplies,Paper,Thermal Roll Pack,2855.79,4,0,1036.38
IN-2024-100087,2024-06-26,2024-06-30,Second Class,CU-1113,Swati Iyer,Consumer,India,Lucknow,Uttar Pradesh,North,FUR-FU-1003,Furniture,Furnishings,Office Curtain Set,2477.43,1,0.1,262.48
IN-2024-100087,2024-06-26,2024-06-30,Second Class,CU-1113,Swati Iyer,Consumer,India,Lucknow,Uttar Pradesh,North,OFF-BI-1001,Office Supplies,Binders,Ring Binder A4 (Pack of 10),3030.36,7,0.3,-96.7
IN-2024-100087,2024-06-26,2024-06-30,Second Class,CU-1113,Swati Iyer,Consumer,India,Lucknow,Uttar Pradesh,North,OFF-AR-1001,Office Supplies,Art,Whiteboard Marker Set,375.95,1,0.1,54.47
IN-2024-100072,2024-06-27,2024-06-30,First Class,CU-1028,Varun Shah,Home Office,India,Chennai,Tamil Nadu,South,TEC-CO-1003,Technology,Copiers,Mono Laser Printer,28985.24,2,0.2,5705.59
IN-2024-100075,2024-06-27,2024-07-02,Standard Class,CU-1433,Aman Rao,Consumer,India,Panaji,Goa,West,OFF-ST-1002,Office Supplies,Storage,Plastic Storage Box Set,4045.8,3,0.2,-332.82
IN-2024-100075,2024-06-27,2024-07-02,Standard Class,CU-1433,Aman Rao,Consumer,India,Panaji,Goa,West,OFF-BI-1003,Office Supplies,Binders,Binding Machine Combs,1600.45,2,0,490.47
IN-2024-100697,2024-06-27,2024-07-02,Standard Class,CU-1078,Priya Verma,Corporate,India,Noida,Uttar Pradesh,North,TEC-CO-1001,Technology,Copiers,Laser Copier Compact,179980.87,4,0.05,53597.5
IN-2024-100697,2024-06-27,2024-07-02,Standard Class,CU-1078,Priya Verma,Corporate,India,Noida,Uttar Pradesh,North,OFF-BI-1004,Office Supplies,Binders,Plastic Folder Set,922.88,2,0,275.9
IN-2024-100100,2024-06-28,2024-07-05,Standard Class,CU-1310,Swati Sharma,Consumer,India,Lucknow,Uttar Pradesh,North,TEC-AC-1003,Technology,Accessories,USB-C Hub 7-in-1,4597.0,2,0,1522.36
IN-2024-100352,2024-07-02,2024-07-05,First Class,CU-1329,Rohan Kapoor,Home Office,India,Patna,Bihar,East,OFF-AR-1001,Office Supplies,Art,Whiteboard Marker Set,396.77,1,0.05,81.22
IN-2024-100352,2024-07-02,2024-07-05,First Class,CU-1329,Rohan Kapoor,Home Office,India,Patna,Bihar,East,OFF-BI-1004,Office Supplies,Binders,Plastic Folder Set,444.36,1,0,130.06
IN-2024-101643,2024-07-02,2024-07-08,Standard Class,CU-1187,Tanvi Iyer,Corporate,India,Lucknow,Uttar Pradesh,North,FUR-TA-1004,Furniture,Tables,Reception Counter,138976.98,5,0.1,-19207.53
IN-2024-101643,2024-07-02,2024-07-08,Standard Class,CU-1187,Tanvi Iyer,Corporate,India,Lucknow,Uttar Pradesh,North,FUR-BO-1002,Furniture,Bookcases,Steel Library Rack,71692.21,5,0,4214.69
IN-2024-100584,2024-07-03,2024-07-03,Same Day,CU-1381,Sanjana Reddy,Consumer,India,Hyderabad,Telangana,South,TEC-PH-1002,Technology,Phones,Smartphone Lite 64GB,18716.37,2,0.3,-1552.92
IN-2024-100584,2024-07-03,2024-07-03,Same Day,CU-1381,Sanjana Reddy,Consumer,India,Hyderabad,Telangana,South,TEC-AC-1001,Technology,Accessories,Wireless Mouse,874.07,1,0.1,159.98
IN-2024-100290,2024-07-06,2024-07-11,Standard Class,CU-1241,Nikhil Kapoor,Consumer,India,Panaji,Goa,West,FUR-FU-1003,Furniture,Furnishings,Office Curtain Set,2626.28,1,0.1,183.37
IN-2024-100102,2024-07-08,2024-07-13,Standard Class,CU-1069,Arjun Kulkarni,Consumer,India,Hyderabad,Telangana,South,FUR-CH-1003,Furniture,Chairs,Mesh Back Task Chair,15079.49,3,0,1915.52
IN-2024-100102,2024-07-08,2024-07-13,Standard Class,CU-1069,Arjun Kulkarni,Consumer,India,Hyderabad,Telangana,South,TEC-CO-1002,Technology,Copiers,Multifunction Copier Pro,135634.37,2,0.15,26836.04
IN-2024-101698,2024-07-11,2024-07-18,Standard Class,CU-1278,Shruti Shah,Corporate,India,Kolkata,West Bengal,East,TEC-PH-1002,Technology,Phones,Smartphone Lite 64GB,10831.23,1,0.15,1414.95
IN-2024-101698,2024-07-11,2024-07-18,Standard Class,CU-1278,Shruti Shah,Corporate,India,Kolkata,West Bengal,East,OFF-ST-1002,Office Supplies,Storage,Plastic Storage Box Set,3182.63,2,0,380.77
IN-2024-100229,2024-07-12,2024-07-16,Standard Class,CU-1341,Siddharth Desai,Corporate,India,Panaji,Goa,West,OFF-BI-1003,Office Supplies,Binders,Binding Machine Combs,1143.92,2,0.3,132.07
IN-2024-101264,2024-07-12,2024-07-16,Standard Class,CU-1432,Diya Menon,Consumer,India,Jaipur,Rajasthan,North,TEC-AC-1001,Technology,Accessories,Wireless Mouse,925.79,1,0,206.03
IN-2024-101264,2024-07-12,2024-07-16,Standard Class,CU-1432,Diya Menon,Consumer,India,Jaipur,Rajasthan,North,OFF-BI-1004,Office Supplies,Binders,Plastic Folder Set,1641.76,4,0.1,387.65
IN-2024-101264,2024-07-12,2024-07-16,Standard Class,CU-1432,Diya Menon,Consumer,India,Jaipur,Rajasthan,North,TEC-AC-1003,Technology,Accessories,USB-C Hub 7-in-1,8346.81,4,0.15,355.83
IN-2024-101264,2024-07-12,2024-07-16,Standard Class,CU-1432,Diya Menon,Consumer,India,Jaipur,Rajasthan,North,OFF-BI-1001,Office Supplies,Binders,Ring Binder A4 (Pack of 10),1126.6,2,0.1,217.79
IN-2024-101200,2024-07-13,2024-07-19,Standard Class,CU-1409,Aarav Sharma,Corporate,India,Jaipur,Rajasthan,North,OFF-BI-1002,Office Supplies,Binders,Heavy Duty Lever Arch File,325.29,1,0.05,58.37
IN-2024-101200,2024-07-13,2024-07-19,Standard Class,CU-1409,Aarav Sharma,Corporate,India,Jaipur,Rajasthan,North,FUR-BO-1003,Furniture,Bookcases,Corner Display Unit,7035.19,1,0.2,-919.59
IN-2024-101200,2024-07-13,2024-07-19,Standard Class,CU-1409,Aarav Sharma,Corporate,India,Jaipur,Rajasthan,North,OFF-AR-1004,Office Supplies,Art,Artist Sketch Kit,5078.52,4,0.3,-259.65
IN-2024-101200,2024-07-13,2024-07-19,Standard Class,CU-1409,Aarav Sharma,Corporate,India,Jaipur,Rajasthan,North,OFF-AR-1002,Office Supplies,Art,Premium Pen Set,2269.93,2,0.15,296.22
IN-2024-101402,2024-07-13,2024-07-20,Standard Class,CU-1180,Aditya Desai,Consumer,India,Hyderabad,Telangana,South,OFF-BI-1004,Office Supplies,Binders,Plastic Folder Set,815.73,2,0.05,169.87
IN-2024-101402,2024-07-13,2024-07-20,Standard Class,CU-1180,Aditya Desai,Consumer,India,Hyderabad,Telangana,South,OFF-PA-1004,Office Supplies,Paper,Thermal Roll Pack,703.08,1,0.05,208.55
IN-2024-101402,2024-07-13,2024-07-20,Standard Class,CU-1180,Aditya Desai,Consumer,India,Hyderabad,Telangana,South,FUR-CH-1002,Furniture,Chairs,Executive Leather Chair,48213.43,3,0.1,4843.37
IN-2024-101417,2024-07-13,2024-07-18,Standard Class,CU-1095,Pooja Pillai,Corporate,India,Surat,Gujarat,West,OFF-PA-1001,Office Supplies,Paper,A4 Copier Paper 500 Sheets,506.0,2,0.3,76.85
IN-2024-100282,2024-07-14,2024-07-20,Standard Class,CU-1238,Rohan Verma,Consumer,India,Hyderabad,Telangana,South,OFF-AR-1001,Office Supplies,Art,Whiteboard Marker Set,1347.67,4,0.2,94.23
IN-2024-100282,2024-07-14,2024-07-20,Standard Class,CU-1238,Rohan Verma,Consumer,India,Hyderabad,Telangana,South,OFF-PA-1002,Office Supplies,Paper,Premium Photo Paper,980.04,1,0.2,182.9
IN-2024-100736,2024-07-14,2024-07-19,Standard Class,CU-1138,Arjun Verma,Corporate,India,Hyderabad,Telangana,South,TEC-MA-1004,Technology,Machines,Paper Shredder 20-Sheet,21770.87,2,0,1208.28
IN-2024-100833,2024-07-14,2024-07-16,Second Class,CU-1374,Sanjana Iyer,Home Office,India,Bengaluru,Karnataka,South,OFF-ST-1004,Office Supplies,Storage,Wall Mount Shelf Box,1670.03,1,0.2,-154.29
IN-2024-100305,2024-07-15,2024-07-18,Second Class,CU-1375,Karan Nair,Corporate,India,Hyderabad,Telangana,South,TEC-PH-1004,Technology,Phones,Conference Speakerphone,9785.07,1,0,1753.64
IN-2024-100305,2024-07-15,2024-07-18,Second Class,CU-1375,Karan Nair,Corporate,India,Hyderabad,Telangana,South,OFF-PA-1002,Office Supplies,Paper,Premium Photo Paper,6347.5,7,0.3,827.66
IN-2024-100305,2024-07-15,2024-07-18,Second Class,CU-1375,Karan Nair,Corporate,India,Hyderabad,Telangana,South,OFF-PA-1002,Office Supplies,Paper,Premium Photo Paper,3454.27,4,0.3,444.52
IN-2024-100305,2024-07-15,2024-07-18,Second Class,CU-1375,Karan Nair,Corporate,India,Hyderabad,Telangana,South,TEC-MA-1001,Technology,Machines,Currency Counting Machine,23035.98,3,0.15,-2478.22
IN-2024-100632,2024-07-15,2024-07-19,Standard Class,CU-1205,Varun Reddy,Consumer,India,Kochi,Kerala,South,OFF-ST-1004,Office Supplies,Storage,Wall Mount Shelf Box,8161.47,4,0,888.1
IN-2024-100632,2024-07-15,2024-07-19,Standard Class,CU-1205,Varun Reddy,Consumer,India,Kochi,Kerala,South,FUR-FU-1001,Furniture,Furnishings,LED Desk Lamp,3757.93,3,0.1,650.95
IN-2024-100632,2024-07-15,2024-07-19,Standard Class,CU-1205,Varun Reddy,Consumer,India,Kochi,Kerala,South,OFF-AR-1003,Office Supplies,Art,Highlighter Pack,1217.54,5,0.05,219.88
IN-2024-101057,2024-07-15,2024-07-18,First Class,CU-1057,Tanvi Menon,Home Office,India,Kolkata,West Bengal,East,OFF-ST-1003,Office Supplies,Storage,Desk Organizer,1895.77,3,0.3,-343.06
IN-2024-100945,2024-07-17,2024-07-20,Second Class,CU-1028,Varun Shah,Home Office,India,Chennai,Tamil Nadu,South,TEC-AC-1003,Technology,Accessories,USB-C Hub 7-in-1,13982.34,6,0.05,2313.88
IN-2024-100945,2024-07-17,2024-07-20,Second Class,CU-1028,Varun Shah,Home Office,India,Chennai,Tamil Nadu,South,FUR-TA-1004,Furniture,Tables,Reception Counter,87226.62,3,0.05,112.12
IN-2024-100945,2024-07-17,2024-07-20,Second Class,CU-1028,Varun Shah,Home Office,India,Chennai,Tamil Nadu,South,TEC-AC-1001,Technology,Accessories,Wireless Mouse,830.07,1,0.15,156.98
IN-2024-101207,2024-07-17,2024-07-18,First Class,CU-1198,Divya Nair,Corporate,India,Pune,Maharashtra,West,TEC-MA-1001,Technology,Machines,Currency Counting Machine,9567.13,1,0,172.32
IN-2024-101207,2024-07-17,2024-07-18,First Class,CU-1198,Divya Nair,Corporate,India,Pune,Maharashtra,West,OFF-ST-1002,Office Supplies,Storage,Plastic Storage Box Set,6337.95,4,0,1064.02
IN-2024-101010,2024-07-19,2024-07-22,Second Class,CU-1019,Manish Menon,Corporate,India,Kolkata,West Bengal,East,OFF-PA-1004,Office Supplies,Paper,Thermal Roll Pack,714.7,1,0,287.83
IN-2024-101010,2024-07-19,2024-07-22,Second Class,CU-1019,Manish Menon,Corporate,India,Kolkata,West Bengal,East,TEC-PH-1003,Technology,Phones,IP Desk Phone,47773.98,8,0,6781.89
IN-2024-100908,2024-07-20,2024-07-21,First Class,CU-1154,Meera Mehta,Home Office,India,Panaji,Goa,West,TEC-MA-1004,Technology,Machines,Paper Shredder 20-Sheet,11040.68,1,0,572.65
IN-2024-101550,2024-07-20,2024-07-26,Standard Class,CU-1161,Yash Reddy,Home Office,India,Panaji,Goa,West,OFF-BI-1004,Office Supplies,Binders,Plastic Folder Set,1844.87,4,0,464.36
IN-2024-101550,2024-07-20,2024-07-26,Standard Class,CU-1161,Yash Reddy,Home Office,India,Panaji,Goa,West,FUR-FU-1004,Furniture,Furnishings,Anti-Fatigue Floor Mat,4691.63,3,0.15,561.44
IN-2024-100261,2024-07-21,2024-07-22,First Class,CU-1082,Pranav Chopra,Consumer,India,Jaipur,Rajasthan,North,FUR-CH-1003,Furniture,Chairs,Mesh Back Task Chair,20073.53,4,0.05,2210.06
IN-2024-100419,2024-07-21,2024-07-21,Same Day,CU-1371,Priya Nair,Consumer,India,Kochi,Kerala,South,OFF-AR-1003,Office Supplies,Art,Highlighter Pack,1027.3,4,0,343.37
IN-2024-100419,2024-07-21,2024-07-21,Same Day,CU-1371,Priya Nair,Consumer,India,Kochi,Kerala,South,OFF-AR-1004,Office Supplies,Art,Artist Sketch Kit,5056.89,3,0,1363.94
IN-2024-100542,2024-07-24,2024-07-29,Standard Class,CU-1019,Manish Menon,Corporate,India,Kolkata,West Bengal,East,OFF-ST-1002,Office Supplies,Storage,Plastic Storage Box Set,3223.49,2,0,428.83
IN-2024-100886,2024-07-24,2024-07-24,Same Day,CU-1219,Aditya Nair,Corporate,India,Panaji,Goa,West,FUR-CH-1002,Furniture,Chairs,Executive Leather Chair,19166.02,1,0,2755.28
IN-2024-100886,2024-07-24,2024-07-24,Same Day,CU-1219,Aditya Nair,Corporate,India,Panaji,Goa,West,OFF-PA-1004,Office Supplies,Paper,Thermal Roll Pack,4251.91,6,0,1592.13
IN-2024-100886,2024-07-24,2024-07-24,Same Day,CU-1219,Aditya Nair,Corporate,India,Panaji,Goa,West,TEC-AC-1001,Technology,Accessories,Wireless Mouse,2770.72,3,0,968.97
IN-2024-100669,2024-07-25,2024-07-31,Standard Class,CU-1226,Diya Mehta,Corporate,India,New Delhi,Delhi,North,FUR-FU-1001,Furniture,Furnishings,LED Desk Lamp,6059.03,5,0.2,-339.72
IN-2024-100669,2024-07-25,2024-07-31,Standard Class,CU-1226,Diya Mehta,Corporate,India,New Delhi,Delhi,North,TEC-MA-1004,Technology,Machines,Paper Shredder 20-Sheet,54192.52,5,0,870.64
IN-2024-101241,2024-07-26,2024-08-02,Standard Class,CU-1209,Priya Joshi,Consumer,India,Amritsar,Punjab,North,OFF-BI-1004,Office Supplies,Binders,Plastic Folder Set,398.67,1,0.15,37.29
IN-2024-101370,2024-07-26,2024-07-30,Standard Class,CU-1146,Isha Kulkarni,Consumer,India,Kochi,Kerala,South,OFF-BI-1001,Office Supplies,Binders,Ring Binder A4 (Pack of 10),2466.1,4,0,991.26
IN-2024-101604,2024-07-27,2024-07-31,Standard Class,CU-1443,Harsh Verma,Home Office,India,Indore,Madhya Pradesh,Central,OFF-BI-1002,Office Supplies,Binders,Heavy Duty Lever Arch File,237.74,1,0.3,15.26
IN-2024-101604,2024-07-27,2024-07-31,Standard Class,CU-1443,Harsh Verma,Home Office,India,Indore,Madhya Pradesh,Central,OFF-BI-1002,Office Supplies,Binders,Heavy Duty Lever Arch File,1041.87,3,0,257.98
IN-2024-101604,2024-07-27,2024-07-31,Standard Class,CU-1443,Harsh Verma,Home Office,India,Indore,Madhya Pradesh,Central,OFF-BI-1001,Office Supplies,Binders,Ring Binder A4 (Pack of 10),1841.5,3,0,511.48
IN-2024-100684,2024-07-28,2024-08-01,Standard Class,CU-1181,Manish Pillai,Home Office,India,Chennai,Tamil Nadu,South,FUR-TA-1001,Furniture,Tables,Conference Table 8-Seater,67924.53,2,0.2,-10133.63
IN-2024-100684,2024-07-28,2024-08-01,Standard Class,CU-1181,Manish Pillai,Home Office,India,Chennai,Tamil Nadu,South,FUR-BO-1003,Furniture,Bookcases,Corner Display Unit,15166.93,2,0.2,-1601.48
IN-2024-100684,2024-07-28,2024-08-01,Standard Class,CU-1181,Manish Pillai,Home Office,India,Chennai,Tamil Nadu,South,OFF-BI-1002,Office Supplies,Binders,Heavy Duty Lever Arch File,328.95,1,0.05,84.95
IN-2024-100684,2024-07-28,2024-08-01,Standard Class,CU-1181,Manish Pillai,Home Office,India,Chennai,Tamil Nadu,South,OFF-PA-1001,Office Supplies,Paper,A4 Copier Paper 500 Sheets,381.13,1,0,136.85
IN-2024-101297,2024-07-28,2024-08-04,Standard Class,CU-1276,Varun Reddy,Corporate,India,Nagpur,Maharashtra,West,TEC-AC-1003,Technology,Accessories,USB-C Hub 7-in-1,2349.38,1,0.05,467.16
IN-2024-101487,2024-08-01,2024-08-04,Second Class,CU-1252,Divya Shah,Consumer,India,Coimbatore,Tamil Nadu,South,OFF-BI-1001,Office Supplies,Binders,Ring Binder A4 (Pack of 10),3008.37,5,0,902.55
IN-2024-101487,2024-08-01,2024-08-04,Second Class,CU-1252,Divya Shah,Consumer,India,Coimbatore,Tamil Nadu,South,OFF-AR-1002,Office Supplies,Art,Premium Pen Set,8599.15,7,0.1,1226.99
IN-2024-101700,2024-08-01,2024-08-02,First Class,CU-1242,Sanjana Chopra,Corporate,India,Mysuru,Karnataka,South,OFF-PA-1004,Office Supplies,Paper,Thermal Roll Pack,2444.55,4,0.15,674.02
IN-2024-100233,2024-08-02,2024-08-04,First Class,CU-1204,Priya Sharma,Consumer,India,Panaji,Goa,West,TEC-AC-1001,Technology,Accessories,Wireless Mouse,1626.58,2,0.1,339.31
IN-2024-101309,2024-08-03,2024-08-04,First Class,CU-1372,Varun Desai,Corporate,India,Mysuru,Karnataka,South,OFF-PA-1001,Office Supplies,Paper,A4 Copier Paper 500 Sheets,322.62,1,0.15,70.4
IN-2024-100726,2024-08-04,2024-08-07,Second Class,CU-1327,Divya Nair,Consumer,India,Bhubaneswar,Odisha,East,OFF-ST-1003,Office Supplies,Storage,Desk Organizer,2326.84,3,0.1,49.26
IN-2024-100177,2024-08-07,2024-08-14,Standard Class,CU-1376,Pranav Das,Consumer,India,Raipur,Chhattisgarh,Central,OFF-BI-1002,Office Supplies,Binders,Heavy Duty Lever Arch File,701.91,2,0,249.61
IN-2024-100177,2024-08-07,2024-08-14,Standard Class,CU-1376,Pranav Das,Consumer,India,Raipur,Chhattisgarh,Central,FUR-BO-1003,Furniture,Bookcases,Corner Display Unit,29109.06,4,0.2,-3575.21
IN-2024-100177,2024-08-07,2024-08-14,Standard Class,CU-1376,Pranav Das,Consumer,India,Raipur,Chhattisgarh,Central,TEC-AC-1002,Technology,Accessories,Mechanical Keyboard,3567.86,1,0.05,728.91
IN-2024-101197,2024-08-07,2024-08-14,Standard Class,CU-1331,Sneha Rao,Corporate,India,Noida,Uttar Pradesh,North,FUR-FU-1002,Furniture,Furnishings,Wall Clock Classic,3101.06,4,0.2,159.78
IN-2024-100727,2024-08-08,2024-08-14,Standard Class,CU-1291,Aman Patel,Corporate,India,Noida,Uttar Pradesh,North,OFF-BI-1003,Office Supplies,Binders,Binding Machine Combs,760.7,1,0,282.71
IN-2024-100727,2024-08-08,2024-08-14,Standard Class,CU-1291,Aman Patel,Corporate,India,Noida,Uttar Pradesh,North,TEC-MA-1003,Technology,Machines,Laminating Machine,7012.15,1,0,243.32
IN-2024-101037,2024-08-08,2024-08-12,Second Class,CU-1284,Kavya Rao,Consumer,India,Panaji,Goa,West,TEC-CO-1001,Technology,Copiers,Laser Copier Compact,144836.73,3,0,59532.19
IN-2024-100438,2024-08-09,2024-08-12,First Class,CU-1022,Harsh Kulkarni,Home Office,India,Kochi,Kerala,South,OFF-AR-1001,Office Supplies,Art,Whiteboard Marker Set,1713.56,4,0,408.67
IN-2024-100438,2024-08-09,2024-08-12,First Class,CU-1022,Harsh Kulkarni,Home Office,India,Kochi,Kerala,South,FUR-TA-1004,Furniture,Tables,Reception Counter,54564.68,2,0.15,-8929.03
IN-2024-100109,2024-08-10,2024-08-17,Standard Class,CU-1377,Aditya Pillai,Consumer,India,Raipur,Chhattisgarh,Central,TEC-AC-1002,Technology,Accessories,Mechanical Keyboard,3580.77,1,0,935.0
IN-2024-101217,2024-08-10,2024-08-12,Second Class,CU-1191,Tanvi Reddy,Home Office,India,Amritsar,Punjab,North,OFF-ST-1002,Office Supplies,Storage,Plastic Storage Box Set,3179.51,2,0,474.59
IN-2024-101217,2024-08-10,2024-08-12,Second Class,CU-1191,Tanvi Reddy,Home Office,India,Amritsar,Punjab,North,OFF-ST-1003,Office Supplies,Storage,Desk Organizer,1862.1,2,0,241.35
IN-2024-101248,2024-08-10,2024-08-12,First Class,CU-1391,Sanjana Patel,Corporate,India,Coimbatore,Tamil Nadu,South,TEC-MA-1003,Technology,Machines,Laminating Machine,6866.04,1,0,262.24
IN-2024-101420,2024-08-10,2024-08-15,Standard Class,CU-1286,Arjun Iyer,Consumer,India,Surat,Gujarat,West,OFF-AR-1003,Office Supplies,Art,Highlighter Pack,271.03,1,0,92.96
IN-2024-100264,2024-08-12,2024-08-14,Second Class,CU-1163,Riya Kulkarni,Consumer,India,Ludhiana,Punjab,North,OFF-PA-1002,Office Supplies,Paper,Premium Photo Paper,1232.56,1,0.05,456.11
IN-2024-100264,2024-08-12,2024-08-14,Second Class,CU-1163,Riya Kulkarni,Consumer,India,Ludhiana,Punjab,North,OFF-AR-1003,Office Supplies,Art,Highlighter Pack,1318.9,5,0,323.59
IN-2024-100993,2024-08-12,2024-08-13,First Class,CU-1062,Rahul Joshi,Corporate,India,Kolkata,West Bengal,East,OFF-AR-1003,Office Supplies,Art,Highlighter Pack,356.02,2,0.3,-21.85
IN-2024-101369,2024-08-12,2024-08-18,Standard Class,CU-1002,Aman Menon,Consumer,India,Panaji,Goa,West,OFF-ST-1002,Office Supplies,Storage,Plastic Storage Box Set,4814.82,3,0,424.58
IN-2024-101369,2024-08-12,2024-08-18,Standard Class,CU-1002,Aman Menon,Consumer,India,Panaji,Goa,West,OFF-BI-1001,Office Supplies,Binders,Ring Binder A4 (Pack of 10),2389.91,4,0,741.04
IN-2024-101451,2024-08-12,2024-08-13,First Class,CU-1017,Pranav Chopra,Consumer,India,Hyderabad,Telangana,South,OFF-AR-1003,Office Supplies,Art,Highlighter Pack,809.76,3,0,192.01
IN-2024-101451,2024-08-12,2024-08-13,First Class,CU-1017,Pranav Chopra,Consumer,India,Hyderabad,Telangana,South,OFF-AR-1003,Office Supplies,Art,Highlighter Pack,773.4,3,0,167.86
IN-2024-101451,2024-08-12,2024-08-13,First Class,CU-1017,Pranav Chopra,Consumer,India,Hyderabad,Telangana,South,FUR-CH-1001,Furniture,Chairs,Ergonomic Office Chair,25878.71,3,0,2157.52
IN-2024-100790,2024-08-14,2024-08-14,Same Day,CU-1354,Pranav Patel,Consumer,India,Panaji,Goa,West,OFF-ST-1002,Office Supplies,Storage,Plastic Storage Box Set,1453.91,1,0.15,54.99
IN-2024-101034,2024-08-15,2024-08-22,Standard Class,CU-1323,Harsh Bose,Corporate,India,Pune,Maharashtra,West,OFF-PA-1003,Office Supplies,Paper,Sticky Notes Bulk Pack,3244.27,6,0,1270.73
IN-2024-101696,2024-08-15,2024-08-15,Same Day,CU-1280,Sanjana Desai,Consumer,India,Kolkata,West Bengal,East,OFF-BI-1004,Office Supplies,Binders,Plastic Folder Set,450.57,1,0,173.23
IN-2024-100737,2024-08-17,2024-08-18,First Class,CU-1196,Manish Gupta,Consumer,India,New Delhi,Delhi,North,OFF-AR-1004,Office Supplies,Art,Artist Sketch Kit,1678.67,1,0,429.2
IN-2024-100941,2024-08-17,2024-08-20,First Class,CU-1061,Diya Bose,Home Office,India,Mumbai,Maharashtra,West,TEC-MA-1004,Technology,Machines,Paper Shredder 20-Sheet,27636.91,3,0.2,-3345.26
IN-2024-100941,2024-08-17,2024-08-20,First Class,CU-1061,Diya Bose,Home Office,India,Mumbai,Maharashtra,West,TEC-PH-1003,Technology,Phones,IP Desk Phone,11108.14,2,0.1,826.42
IN-2024-101064,2024-08-18,2024-08-22,Standard Class,CU-1169,Sneha Menon,Corporate,India,Chennai,Tamil Nadu,South,OFF-AR-1001,Office Supplies,Art,Whiteboard Marker Set,1274.98,3,0,353.5
IN-2024-101064,2024-08-18,2024-08-22,Standard Class,CU-1169,Sneha Menon,Corporate,India,Chennai,Tamil Nadu,South,OFF-AR-1003,Office Supplies,Art,Highlighter Pack,261.39,1,0,49.87
IN-2024-101163,2024-08-19,2024-08-26,Standard Class,CU-1388,Pooja Shah,Consumer,India,Amritsar,Punjab,North,OFF-BI-1001,Office Supplies,Binders,Ring Binder A4 (Pack of 10),564.46,1,0.1,125.38
IN-2024-101163,2024-08-19,2024-08-26,Standard Class,CU-1388,Pooja Shah,Consumer,India,Amritsar,Punjab,North,OFF-ST-1003,Office Supplies,Storage,Desk Organizer,6157.27,8,0.1,-136.0
IN-2024-101163,2024-08-19,2024-08-26,Standard Class,CU-1388,Pooja Shah,Consumer,India,Amritsar,Punjab,North,FUR-FU-1003,Furniture,Furnishings,Office Curtain Set,5875.13,2,0,941.87
IN-2024-101163,2024-08-19,2024-08-26,Standard Class,CU-1388,Pooja Shah,Consumer,India,Amritsar,Punjab,North,OFF-PA-1003,Office Supplies,Paper,Sticky Notes Bulk Pack,1622.89,3,0,508.37
IN-2024-101042,2024-08-20,2024-08-22,Second Class,CU-1204,Priya Sharma,Consumer,India,Panaji,Goa,West,OFF-AR-1001,Office Supplies,Art,Whiteboard Marker Set,374.75,1,0.1,61.85
IN-2024-101347,2024-08-20,2024-08-24,Standard Class,CU-1016,Ananya Nair,Consumer,India,Raipur,Chhattisgarh,Central,OFF-ST-1003,Office Supplies,Storage,Desk Organizer,2386.82,3,0.1,17.61
IN-2024-100543,2024-08-21,2024-08-28,Standard Class,CU-1363,Varun Reddy,Consumer,India,Ludhiana,Punjab,North,OFF-ST-1001,Office Supplies,Storage,Steel Filing Cabinet,53356.7,4,0,9057.2
IN-2024-100543,2024-08-21,2024-08-28,Standard Class,CU-1363,Varun Reddy,Consumer,India,Ludhiana,Punjab,North,OFF-PA-1001,Office Supplies,Paper,A4 Copier Paper 500 Sheets,389.76,1,0,161.69
IN-2024-101292,2024-08-21,2024-08-25,Standard Class,CU-1262,Priya Rao,Consumer,India,Pune,Maharashtra,West,TEC-PH-1004,Technology,Phones,Conference Speakerphone,7453.52,1,0.2,-534.49
IN-2024-101292,2024-08-21,2024-08-25,Standard Class,CU-1262,Priya Rao,Consumer,India,Pune,Maharashtra,West,TEC-AC-1001,Technology,Accessories,Wireless Mouse,2720.92,3,0,834.47
IN-2024-101292,2024-08-21,2024-08-25,Standard Class,CU-1262,Priya Rao,Consumer,India,Pune,Maharashtra,West,OFF-ST-1003,Office Supplies,Storage,Desk Organizer,897.96,1,0,135.93
IN-2024-100849,2024-08-22,2024-08-29,Standard Class,CU-1141,Divya Kulkarni,Corporate,India,Panaji,Goa,West,FUR-TA-1002,Furniture,Tables,Computer Desk,23508.0,3,0.2,-5609.08
IN-2024-100506,2024-08-24,2024-08-25,First Class,CU-1228,Pooja Joshi,Consumer,India,Coimbatore,Tamil Nadu,South,TEC-CO-1004,Technology,Copiers,Document Scanner,88654.7,4,0.05,26426.01
IN-2024-100506,2024-08-24,2024-08-25,First Class,CU-1228,Pooja Joshi,Consumer,India,Coimbatore,Tamil Nadu,South,OFF-BI-1002,Office Supplies,Binders,Heavy Duty Lever Arch File,974.51,3,0,374.71
IN-2024-100748,2024-08-24,2024-08-28,Standard Class,CU-1079,Diya Rao,Corporate,India,Chennai,Tamil Nadu,South,OFF-BI-1004,Office Supplies,Binders,Plastic Folder Set,1105.0,3,0.2,154.17
IN-2024-100748,2024-08-24,2024-08-28,Standard Class,CU-1079,Diya Rao,Corporate,India,Chennai,Tamil Nadu,South,OFF-ST-1004,Office Supplies,Storage,Wall Mount Shelf Box,2014.57,1,0,181.58
IN-2024-100748,2024-08-24,2024-08-28,Standard Class,CU-1079,Diya Rao,Corporate,India,Chennai,Tamil Nadu,South,FUR-CH-1004,Furniture,Chairs,Visitor Chair Set,7367.82,2,0,1080.87
IN-2024-100748,2024-08-24,2024-08-28,Standard Class,CU-1079,Diya Rao,Corporate,India,Chennai,Tamil Nadu,South,OFF-ST-1002,Office Supplies,Storage,Plastic Storage Box Set,3275.88,2,0,29.67
IN-2024-100025,2024-08-25,2024-08-29,Second Class,CU-1280,Sanjana Desai,Consumer,India,Kolkata,West Bengal,East,FUR-FU-1004,Furniture,Furnishings,Anti-Fatigue Floor Mat,1497.63,1,0.15,15.07
IN-2024-100025,2024-08-25,2024-08-29,Second Class,CU-1280,Sanjana Desai,Consumer,India,Kolkata,West Bengal,East,OFF-AR-1002,Office Supplies,Art,Premium Pen Set,1154.43,1,0.1,179.31
IN-2024-100025,2024-08-25,2024-08-29,Second Class,CU-1280,Sanjana Desai,Consumer,India,Kolkata,West Bengal,East,OFF-AR-1001,Office Supplies,Art,Whiteboard Marker Set,1915.99,5,0.05,356.4
IN-2024-100869,2024-08-25,2024-08-28,First Class,CU-1233,Sneha Iyer,Consumer,India,Panaji,Goa,West,OFF-AR-1001,Office Supplies,Art,Whiteboard Marker Set,415.48,1,0,98.0
IN-2024-101479,2024-08-25,2024-08-29,Standard Class,CU-1428,Isha Bose,Consumer,India,Amritsar,Punjab,North,FUR-FU-1003,Furniture,Furnishings,Office Curtain Set,10954.1,4,0,2021.62
IN-2024-101479,2024-08-25,2024-08-29,Standard Class,CU-1428,Isha Bose,Consumer,India,Amritsar,Punjab,North,FUR-CH-1001,Furniture,Chairs,Ergonomic Office Chair,17021.06,2,0,1759.27
IN-2024-100166,2024-08-26,2024-09-02,Standard Class,CU-1122,Pooja Singh,Consumer,India,Nagpur,Maharashtra,West,OFF-AR-1001,Office Supplies,Art,Whiteboard Marker Set,643.74,2,0.2,35.9
IN-2024-100896,2024-08-26,2024-08-30,Second Class,CU-1426,Divya Kapoor,Consumer,India,Jaipur,Rajasthan,North,OFF-PA-1003,Office Supplies,Paper,Sticky Notes Bulk Pack,2467.18,6,0.3,179.71
IN-2024-100896,2024-08-26,2024-08-30,Second Class,CU-1426,Divya Kapoor,Consumer,India,Jaipur,Rajasthan,North,FUR-FU-1002,Furniture,Furnishings,Wall Clock Classic,2939.39,3,0,457.72
IN-2024-100498,2024-08-27,2024-09-03,Standard Class,CU-1257,Divya Verma,Consumer,India,Surat,Gujarat,West,OFF-ST-1004,Office Supplies,Storage,Wall Mount Shelf Box,6490.01,3,0,212.31
IN-2024-100903,2024-08-27,2024-08-29,Second Class,CU-1308,Tanvi Desai,Corporate,India,Lucknow,Uttar Pradesh,North,OFF-ST-1002,Office Supplies,Storage,Plastic Storage Box Set,2699.72,2,0.2,-363.48
IN-2024-100903,2024-08-27,2024-08-29,Second Class,CU-1308,Tanvi Desai,Corporate,India,Lucknow,Uttar Pradesh,North,OFF-AR-1001,Office Supplies,Art,Whiteboard Marker Set,2051.1,5,0,656.55
IN-2024-101153,2024-08-27,2024-08-31,Standard Class,CU-1230,Aman Menon,Corporate,India,Mysuru,Karnataka,South,FUR-FU-1004,Furniture,Furnishings,Anti-Fatigue Floor Mat,1601.31,1,0.15,124.83
IN-2024-101477,2024-08-27,2024-08-31,Standard Class,CU-1342,Riya Bose,Corporate,India,Jaipur,Rajasthan,North,TEC-PH-1001,Technology,Phones,Smartphone Pro 128GB,33873.16,1,0,4967.73
IN-2024-101477,2024-08-27,2024-08-31,Standard Class,CU-1342,Riya Bose,Corporate,India,Jaipur,Rajasthan,North,OFF-AR-1003,Office Supplies,Art,Highlighter Pack,743.75,3,0,214.63
IN-2024-101477,2024-08-27,2024-08-31,Standard Class,CU-1342,Riya Bose,Corporate,India,Jaipur,Rajasthan,North,TEC-MA-1001,Technology,Machines,Currency Counting Machine,8158.69,1,0.15,-1133.1
IN-2024-100399,2024-08-28,2024-09-04,Standard Class,CU-1347,Arjun Kapoor,Corporate,India,Hyderabad,Telangana,South,OFF-AR-1003,Office Supplies,Art,Highlighter Pack,370.74,2,0.3,-11.83
IN-2024-100399,2024-08-28,2024-09-04,Standard Class,CU-1347,Arjun Kapoor,Corporate,India,Hyderabad,Telangana,South,FUR-BO-1002,Furniture,Bookcases,Steel Library Rack,15095.79,1,0,540.55
IN-2024-101210,2024-08-28,2024-08-28,Same Day,CU-1233,Sneha Iyer,Consumer,India,Panaji,Goa,West,FUR-BO-1004,Furniture,Bookcases,Modular Bookshelf,6663.33,1,0.15,-632.25
IN-2024-101260,2024-09-03,2024-09-08,Standard Class,CU-1064,Aarav Singh,Corporate,India,Bhopal,Madhya Pradesh,Central,OFF-AR-1003,Office Supplies,Art,Highlighter Pack,517.94,2,0.05,103.14
IN-2024-100380,2024-09-04,2024-09-11,Standard Class,CU-1162,Harsh Nair,Consumer,India,Kochi,Kerala,South,TEC-CO-1004,Technology,Copiers,Document Scanner,91619.83,5,0.2,13891.03
IN-2024-101593,2024-09-04,2024-09-10,Standard Class,CU-1166,Harsh Iyer,Consumer,India,Lucknow,Uttar Pradesh,North,FUR-TA-1002,Furniture,Tables,Computer Desk,37566.47,5,0.2,-10767.54
IN-2024-101593,2024-09-04,2024-09-10,Standard Class,CU-1166,Harsh Iyer,Consumer,India,Lucknow,Uttar Pradesh,North,TEC-AC-1004,Technology,Accessories,Noise Cancelling Headset,12233.77,2,0.2,315.27
IN-2024-101593,2024-09-04,2024-09-10,Standard Class,CU-1166,Harsh Iyer,Consumer,India,Lucknow,Uttar Pradesh,North,TEC-AC-1002,Technology,Accessories,Mechanical Keyboard,28494.73,8,0.05,5780.8
IN-2024-100671,2024-09-06,2024-09-12,Standard Class,CU-1099,Yash Verma,Consumer,India,Ahmedabad,Gujarat,West,TEC-MA-1003,Technology,Machines,Laminating Machine,40757.6,6,0,1841.58
IN-2024-100671,2024-09-06,2024-09-12,Standard Class,CU-1099,Yash Verma,Consumer,India,Ahmedabad,Gujarat,West,TEC-AC-1004,Technology,Accessories,Noise Cancelling Headset,7956.4,1,0,2060.88
IN-2024-100816,2024-09-07,2024-09-12,Standard Class,CU-1208,Manish Reddy,Home Office,India,Kochi,Kerala,South,TEC-MA-1004,Technology,Machines,Paper Shredder 20-Sheet,9857.78,1,0.15,-1000.63
IN-2024-100816,2024-09-07,2024-09-12,Standard Class,CU-1208,Manish Reddy,Home Office,India,Kochi,Kerala,South,OFF-AR-1003,Office Supplies,Art,Highlighter Pack,1273.58,7,0.3,139.89
IN-2024-101091,2024-09-07,2024-09-11,Standard Class,CU-1361,Meera Joshi,Consumer,India,Bhopal,Madhya Pradesh,Central,OFF-BI-1002,Office Supplies,Binders,Heavy Duty Lever Arch File,554.32,2,0.15,66.84
IN-2024-101430,2024-09-08,2024-09-15,Standard Class,CU-1395,Riya Mehta,Home Office,India,Kolkata,West Bengal,East,OFF-ST-1002,Office Supplies,Storage,Plastic Storage Box Set,4608.81,3,0.05,342.95
IN-2024-101430,2024-09-08,2024-09-15,Standard Class,CU-1395,Riya Mehta,Home Office,India,Kolkata,West Bengal,East,TEC-AC-1002,Technology,Accessories,Mechanical Keyboard,13435.01,4,0.1,2533.88
IN-2024-101430,2024-09-08,2024-09-15,Standard Class,CU-1395,Riya Mehta,Home Office,India,Kolkata,West Bengal,East,OFF-AR-1003,Office Supplies,Art,Highlighter Pack,512.78,2,0,134.21
IN-2024-100732,2024-09-09,2024-09-10,First Class,CU-1049,Rahul Gupta,Consumer,India,Noida,Uttar Pradesh,North,OFF-BI-1004,Office Supplies,Binders,Plastic Folder Set,467.63,1,0,141.5
IN-2024-100853,2024-09-09,2024-09-10,First Class,CU-1444,Swati Menon,Corporate,India,Ahmedabad,Gujarat,West,OFF-PA-1004,Office Supplies,Paper,Thermal Roll Pack,4250.96,6,0,1547.59
IN-2024-100853,2024-09-09,2024-09-10,First Class,CU-1444,Swati Menon,Corporate,India,Ahmedabad,Gujarat,West,FUR-FU-1001,Furniture,Furnishings,LED Desk Lamp,1264.1,1,0.1,144.89
IN-2024-100853,2024-09-09,2024-09-10,First Class,CU-1444,Swati Menon,Corporate,India,Ahmedabad,Gujarat,West,TEC-CO-1003,Technology,Copiers,Mono Laser Printer,15575.3,1,0.1,2898.97
IN-2024-100853,2024-09-09,2024-09-10,First Class,CU-1444,Swati Menon,Corporate,India,Ahmedabad,Gujarat,West,TEC-MA-1002,Technology,Machines,Barcode Label Printer,16381.97,1,0,958.63
IN-2024-101398,2024-09-09,2024-09-15,Standard Class,CU-1416,Aditya Shah,Home Office,India,Bengaluru,Karnataka,South,FUR-TA-1001,Furniture,Tables,Conference Table 8-Seater,58039.23,2,0.3,-19292.17
IN-2024-101398,2024-09-09,2024-09-15,Standard Class,CU-1416,Aditya Shah,Home Office,India,Bengaluru,Karnataka,South,OFF-BI-1002,Office Supplies,Binders,Heavy Duty Lever Arch File,323.15,1,0,74.0
IN-2024-101629,2024-09-10,2024-09-13,Second Class,CU-1287,Karan Verma,Consumer,India,Surat,Gujarat,West,OFF-AR-1004,Office Supplies,Art,Artist Sketch Kit,3402.16,2,0,775.76
IN-2024-101629,2024-09-10,2024-09-13,Second Class,CU-1287,Karan Verma,Consumer,India,Surat,Gujarat,West,FUR-TA-1002,Furniture,Tables,Computer Desk,9815.36,1,0,398.57
IN-2024-100541,2024-09-11,2024-09-15,Standard Class,CU-1049,Rahul Gupta,Consumer,India,Noida,Uttar Pradesh,North,FUR-FU-1002,Furniture,Furnishings,Wall Clock Classic,5462.82,6,0,750.38
IN-2024-100541,2024-09-11,2024-09-15,Standard Class,CU-1049,Rahul Gupta,Consumer,India,Noida,Uttar Pradesh,North,OFF-PA-1004,Office Supplies,Paper,Thermal Roll Pack,3441.22,5,0,1457.75
IN-2024-101653,2024-09-11,2024-09-12,First Class,CU-1096,Ananya Menon,Consumer,India,Bhubaneswar,Odisha,East,TEC-AC-1004,Technology,Accessories,Noise Cancelling Headset,14461.56,2,0.05,4017.73
IN-2024-100143,2024-09-12,2024-09-15,First Class,CU-1167,Priya Singh,Corporate,India,Panaji,Goa,West,OFF-PA-1001,Office Supplies,Paper,A4 Copier Paper 500 Sheets,1037.12,3,0.1,274.22
IN-2024-100143,2024-09-12,2024-09-15,First Class,CU-1167,Priya Singh,Corporate,India,Panaji,Goa,West,OFF-AR-1004,Office Supplies,Art,Artist Sketch Kit,9835.36,6,0.05,2009.12
IN-2024-100143,2024-09-12,2024-09-15,First Class,CU-1167,Priya Singh,Corporate,India,Panaji,Goa,West,OFF-PA-1002,Office Supplies,Paper,Premium Photo Paper,8948.02,7,0,3879.22
IN-2024-100458,2024-09-12,2024-09-13,First Class,CU-1231,Arjun Das,Consumer,India,Jaipur,Rajasthan,North,FUR-CH-1003,Furniture,Chairs,Mesh Back Task Chair,8657.43,2,0.15,-460.24
IN-2024-100559,2024-09-12,2024-09-16,Second Class,CU-1231,Arjun Das,Consumer,India,Jaipur,Rajasthan,North,OFF-AR-1002,Office Supplies,Art,Premium Pen Set,1107.99,1,0.15,10.24
IN-2024-100559,2024-09-12,2024-09-16,Second Class,CU-1231,Arjun Das,Consumer,India,Jaipur,Rajasthan,North,OFF-PA-1001,Office Supplies,Paper,A4 Copier Paper 500 Sheets,1051.32,3,0.05,296.13
IN-2024-100559,2024-09-12,2024-09-16,Second Class,CU-1231,Arjun Das,Consumer,India,Jaipur,Rajasthan,North,OFF-AR-1002,Office Supplies,Art,Premium Pen Set,2460.03,2,0.05,540.05
IN-2024-100573,2024-09-12,2024-09-16,Second Class,CU-1379,Divya Sharma,Home Office,India,Ludhiana,Punjab,North,FUR-FU-1001,Furniture,Furnishings,LED Desk Lamp,4448.65,3,0,762.9
IN-2024-100378,2024-09-13,2024-09-16,First Class,CU-1377,Aditya Pillai,Consumer,India,Raipur,Chhattisgarh,Central,OFF-AR-1001,Office Supplies,Art,Whiteboard Marker Set,1472.05,4,0.15,142.27
IN-2024-100378,2024-09-13,2024-09-16,First Class,CU-1377,Aditya Pillai,Consumer,India,Raipur,Chhattisgarh,Central,FUR-FU-1003,Furniture,Furnishings,Office Curtain Set,2691.19,1,0,460.8
IN-2024-101012,2024-09-13,2024-09-18,Standard Class,CU-1016,Ananya Nair,Consumer,India,Raipur,Chhattisgarh,Central,OFF-AR-1001,Office Supplies,Art,Whiteboard Marker Set,1463.87,4,0.1,261.54
IN-2024-101012,2024-09-13,2024-09-18,Standard Class,CU-1016,Ananya Nair,Consumer,India,Raipur,Chhattisgarh,Central,FUR-BO-1002,Furniture,Bookcases,Steel Library Rack,14898.16,1,0,1320.46
IN-2024-101012,2024-09-13,2024-09-18,Standard Class,CU-1016,Ananya Nair,Consumer,India,Raipur,Chhattisgarh,Central,OFF-PA-1003,Office Supplies,Paper,Sticky Notes Bulk Pack,1070.71,2,0.05,265.68
IN-2024-101012,2024-09-13,2024-09-18,Standard Class,CU-1016,Ananya Nair,Consumer,India,Raipur,Chhattisgarh,Central,OFF-PA-1003,Office Supplies,Paper,Sticky Notes Bulk Pack,2159.42,4,0,873.68
IN-2024-100043,2024-09-14,2024-09-18,Standard Class,CU-1170,Aditya Kapoor,Home Office,India,Kolkata,West Bengal,East,FUR-FU-1002,Furniture,Furnishings,Wall Clock Classic,1948.17,3,0.3,-147.67
IN-2024-101199,2024-09-14,2024-09-20,Standard Class,CU-1347,Arjun Kapoor,Corporate,India,Hyderabad,Telangana,South,TEC-PH-1004,Technology,Phones,Conference Speakerphone,19742.38,2,0,2266.41
IN-2024-101199,2024-09-14,2024-09-20,Standard Class,CU-1347,Arjun Kapoor,Corporate,India,Hyderabad,Telangana,South,FUR-FU-1002,Furniture,Furnishings,Wall Clock Classic,2905.97,3,0,499.95
IN-2024-101244,2024-09-14,2024-09-18,Standard Class,CU-1320,Riya Sharma,Consumer,India,Kochi,Kerala,South,FUR-BO-1002,Furniture,Bookcases,Steel Library Rack,73169.65,5,0,8467.27
IN-2024-101244,2024-09-14,2024-09-18,Standard Class,CU-1320,Riya Sharma,Consumer,India,Kochi,Kerala,South,TEC-MA-1004,Technology,Machines,Paper Shredder 20-Sheet,11355.79,1,0,720.1
IN-2024-101589,2024-09-14,2024-09-18,Standard Class,CU-1443,Harsh Verma,Home Office,India,Indore,Madhya Pradesh,Central,OFF-PA-1001,Office Supplies,Paper,A4 Copier Paper 500 Sheets,1098.34,3,0,382.82
IN-2024-100799,2024-09-15,2024-09-22,Standard Class,CU-1143,Tanvi Shah,Home Office,India,Panaji,Goa,West,OFF-ST-1003,Office Supplies,Storage,Desk Organizer,5177.81,6,0,1214.94
IN-2024-100013,2024-09-16,2024-09-19,First Class,CU-1391,Sanjana Patel,Corporate,India,Coimbatore,Tamil Nadu,South,FUR-TA-1004,Furniture,Tables,Reception Counter,94401.51,4,0.2,-21901.48
IN-2024-100032,2024-09-16,2024-09-23,Standard Class,CU-1032,Aarav Iyer,Corporate,India,Ludhiana,Punjab,North,OFF-BI-1004,Office Supplies,Binders,Plastic Folder Set,614.2,2,0.3,45.68
IN-2024-100835,2024-09-16,2024-09-17,First Class,CU-1083,Siddharth Nair,Corporate,India,Jaipur,Rajasthan,North,TEC-CO-1003,Technology,Copiers,Mono Laser Printer,15831.55,1,0.05,5544.91
IN-2024-100835,2024-09-16,2024-09-17,First Class,CU-1083,Siddharth Nair,Corporate,India,Jaipur,Rajasthan,North,OFF-BI-1001,Office Supplies,Binders,Ring Binder A4 (Pack of 10),4210.96,7,0,1165.34
IN-2024-100998,2024-09-16,2024-09-18,First Class,CU-1066,Siddharth Mehta,Corporate,India,Pune,Maharashtra,West,TEC-MA-1002,Technology,Machines,Barcode Label Printer,32894.16,2,0,1961.89
IN-2024-100998,2024-09-16,2024-09-18,First Class,CU-1066,Siddharth Mehta,Corporate,India,Pune,Maharashtra,West,FUR-BO-1004,Furniture,Bookcases,Modular Bookshelf,6069.55,1,0.2,-990.45
IN-2024-101048,2024-09-16,2024-09-22,Standard Class,CU-1267,Priya Kapoor,Consumer,India,Coimbatore,Tamil Nadu,South,OFF-AR-1003,Office Supplies,Art,Highlighter Pack,432.35,2,0.15,37.25
IN-2024-100078,2024-09-17,2024-09-18,First Class,CU-1355,Diya Verma,Home Office,India,Mysuru,Karnataka,South,OFF-AR-1003,Office Supplies,Art,Highlighter Pack,224.48,1,0.15,16.7
IN-2024-100078,2024-09-17,2024-09-18,First Class,CU-1355,Diya Verma,Home Office,India,Mysuru,Karnataka,South,OFF-ST-1003,Office Supplies,Storage,Desk Organizer,1500.69,2,0.15,-93.91
IN-2024-100621,2024-09-17,2024-09-23,Standard Class,CU-1390,Riya Joshi,Home Office,India,Nagpur,Maharashtra,West,OFF-BI-1002,Office Supplies,Binders,Heavy Duty Lever Arch File,685.4,2,0,246.58
IN-2024-100621,2024-09-17,2024-09-23,Standard Class,CU-1390,Riya Joshi,Home Office,India,Nagpur,Maharashtra,West,TEC-CO-1003,Technology,Copiers,Mono Laser Printer,15071.17,1,0.15,3550.47
IN-2024-100621,2024-09-17,2024-09-23,Standard Class,CU-1390,Riya Joshi,Home Office,India,Nagpur,Maharashtra,West,FUR-CH-1002,Furniture,Chairs,Executive Leather Chair,53623.46,3,0,682.07
IN-2024-101674,2024-09-17,2024-09-21,Second Class,CU-1117,Neha Shah,Corporate,India,Nagpur,Maharashtra,West,TEC-MA-1004,Technology,Machines,Paper Shredder 20-Sheet,19806.37,2,0.15,-2101.47
IN-2024-100167,2024-09-18,2024-09-19,First Class,CU-1026,Vihaan Joshi,Home Office,India,Bhubaneswar,Odisha,East,FUR-CH-1004,Furniture,Chairs,Visitor Chair Set,7868.91,2,0,805.54
IN-2024-100532,2024-09-18,2024-09-22,Standard Class,CU-1113,Swati Iyer,Consumer,India,Lucknow,Uttar Pradesh,North,TEC-AC-1003,Technology,Accessories,USB-C Hub 7-in-1,9046.67,4,0.05,1777.56
IN-2024-100001,2024-09-19,2024-09-25,Standard Class,CU-1201,Karan Kulkarni,Consumer,India,Lucknow,Uttar Pradesh,North,OFF-AR-1002,Office Supplies,Art,Premium Pen Set,3987.21,3,0,1110.74
IN-2024-100001,2024-09-19,2024-09-25,Standard Class,CU-1201,Karan Kulkarni,Consumer,India,Lucknow,Uttar Pradesh,North,OFF-PA-1001,Office Supplies,Paper,A4 Copier Paper 500 Sheets,2748.13,7,0,1052.23
IN-2024-100222,2024-09-19,2024-09-26,Standard Class,CU-1238,Rohan Verma,Consumer,India,Hyderabad,Telangana,South,TEC-AC-1002,Technology,Accessories,Mechanical Keyboard,6562.17,2,0.1,1044.98
IN-2024-100222,2024-09-19,2024-09-26,Standard Class,CU-1238,Rohan Verma,Consumer,India,Hyderabad,Telangana,South,OFF-AR-1002,Office Supplies,Art,Premium Pen Set,1334.46,1,0,323.07
IN-2024-100222,2024-09-19,2024-09-26,Standard Class,CU-1238,Rohan Verma,Consumer,India,Hyderabad,Telangana,South,OFF-BI-1002,Office Supplies,Binders,Heavy Duty Lever Arch File,959.16,4,0.3,-15.2
IN-2024-100060,2024-09-20,2024-09-25,Standard Class,CU-1257,Divya Verma,Consumer,India,Surat,Gujarat,West,OFF-AR-1002,Office Supplies,Art,Premium Pen Set,3288.99,3,0.15,440.59
IN-2024-100653,2024-09-20,2024-09-27,Standard Class,CU-1106,Arjun Chopra,Consumer,India,Amritsar,Punjab,North,FUR-BO-1001,Furniture,Bookcases,Wooden Bookcase 5-Shelf,23367.07,2,0,2591.04
IN-2024-100653,2024-09-20,2024-09-27,Standard Class,CU-1106,Arjun Chopra,Consumer,India,Amritsar,Punjab,North,FUR-FU-1001,Furniture,Furnishings,LED Desk Lamp,2862.82,2,0,520.46
IN-2024-100653,2024-09-20,2024-09-27,Standard Class,CU-1106,Arjun Chopra,Consumer,India,Amritsar,Punjab,North,TEC-AC-1001,Technology,Accessories,Wireless Mouse,959.38,1,0,237.64
IN-2024-100607,2024-09-21,2024-09-25,Standard Class,CU-1290,Rohan Iyer,Consumer,India,Jaipur,Rajasthan,North,OFF-ST-1001,Office Supplies,Storage,Steel Filing Cabinet,13182.2,1,0,1710.39
IN-2024-100714,2024-09-22,2024-09-25,First Class,CU-1228,Pooja Joshi,Consumer,India,Coimbatore,Tamil Nadu,South,FUR-FU-1001,Furniture,Furnishings,LED Desk Lamp,1269.64,1,0.15,3.04
IN-2024-100900,2024-09-22,2024-09-24,Second Class,CU-1436,Harsh Shah,Corporate,India,Ahmedabad,Gujarat,West,TEC-CO-1003,Technology,Copiers,Mono Laser Printer,102219.71,6,0,32021.51
IN-2024-100900,2024-09-22,2024-09-24,Second Class,CU-1436,Harsh Shah,Corporate,India,Ahmedabad,Gujarat,West,OFF-ST-1002,Office Supplies,Storage,Plastic Storage Box Set,4118.73,3,0.2,-498.77
IN-2024-100900,2024-09-22,2024-09-24,Second Class,CU-1436,Harsh Shah,Corporate,India,Ahmedabad,Gujarat,West,TEC-AC-1003,Technology,Accessories,USB-C Hub 7-in-1,2008.8,1,0.2,168.88
IN-2024-100900,2024-09-22,2024-09-24,Second Class,CU-1436,Harsh Shah,Corporate,India,Ahmedabad,Gujarat,West,OFF-ST-1004,Office Supplies,Storage,Wall Mount Shelf Box,9806.92,7,0.3,-1954.71
IN-2024-101285,2024-09-22,2024-09-26,Standard Class,CU-1416,Aditya Shah,Home Office,India,Bengaluru,Karnataka,South,TEC-AC-1003,Technology,Accessories,USB-C Hub 7-in-1,7711.4,4,0.2,1068.86
IN-2024-101285,2024-09-22,2024-09-26,Standard Class,CU-1416,Aditya Shah,Home Office,India,Bengaluru,Karnataka,South,FUR-BO-1004,Furniture,Bookcases,Modular Bookshelf,27377.47,4,0.15,-892.09
IN-2024-100149,2024-09-24,2024-09-29,Standard Class,CU-1037,Vihaan Das,Corporate,India,Bengaluru,Karnataka,South,OFF-PA-1001,Office Supplies,Paper,A4 Copier Paper 500 Sheets,1095.83,3,0,458.07
IN-2024-101578,2024-09-24,2024-09-26,First Class,CU-1036,Neha Bose,Consumer,India,Nagpur,Maharashtra,West,FUR-TA-1003,Furniture,Tables,Folding Training Table,40904.59,6,0,668.44
IN-2024-101578,2024-09-24,2024-09-26,First Class,CU-1036,Neha Bose,Consumer,India,Nagpur,Maharashtra,West,OFF-PA-1001,Office Supplies,Paper,A4 Copier Paper 500 Sheets,376.46,1,0,156.43
IN-2024-100793,2024-09-25,2024-10-02,Standard Class,CU-1353,Swati Das,Corporate,India,Mumbai,Maharashtra,West,FUR-FU-1001,Furniture,Furnishings,LED Desk Lamp,6047.21,4,0,456.86
IN-2024-101372,2024-09-25,2024-09-30,Standard Class,CU-1014,Ananya Iyer,Consumer,India,Surat,Gujarat,West,FUR-FU-1001,Furniture,Furnishings,LED Desk Lamp,1301.97,1,0.1,215.42
IN-2024-101372,2024-09-25,2024-09-30,Standard Class,CU-1014,Ananya Iyer,Consumer,India,Surat,Gujarat,West,TEC-PH-1002,Technology,Phones,Smartphone Lite 64GB,37276.02,3,0,6707.54
IN-2024-101372,2024-09-25,2024-09-30,Standard Class,CU-1014,Ananya Iyer,Consumer,India,Surat,Gujarat,West,FUR-TA-1002,Furniture,Tables,Computer Desk,7938.83,1,0.2,-1734.25
IN-2024-100181,2024-09-27,2024-09-30,Second Class,CU-1316,Isha Joshi,Consumer,India,Ahmedabad,Gujarat,West,OFF-BI-1002,Office Supplies,Binders,Heavy Duty Lever Arch File,227.97,1,0.3,9.39
IN-2024-100098,2024-09-28,2024-09-28,Same Day,CU-1184,Aditya Das,Consumer,India,Raipur,Chhattisgarh,Central,OFF-AR-1004,Office Supplies,Art,Artist Sketch Kit,1640.79,1,0.05,382.61
IN-2024-100499,2024-09-28,2024-10-02,Standard Class,CU-1066,Siddharth Mehta,Corporate,India,Pune,Maharashtra,West,OFF-BI-1002,Office Supplies,Binders,Heavy Duty Lever Arch File,324.75,1,0,94.74
IN-2024-100499,2024-09-28,2024-10-02,Standard Class,CU-1066,Siddharth Mehta,Corporate,India,Pune,Maharashtra,West,TEC-PH-1004,Technology,Phones,Conference Speakerphone,18415.97,2,0.05,2078.2
IN-2024-100499,2024-09-28,2024-10-02,Standard Class,CU-1066,Siddharth Mehta,Corporate,India,Pune,Maharashtra,West,OFF-BI-1003,Office Supplies,Binders,Binding Machine Combs,4082.56,5,0,1415.34
IN-2024-100138,2024-10-01,2024-10-04,Second Class,CU-1398,Divya Desai,Consumer,India,Coimbatore,Tamil Nadu,South,OFF-BI-1002,Office Supplies,Binders,Heavy Duty Lever Arch File,245.59,1,0.3,12.2
IN-2024-100138,2024-10-01,2024-10-04,Second Class,CU-1398,Divya Desai,Consumer,India,Coimbatore,Tamil Nadu,South,FUR-FU-1002,Furniture,Furnishings,Wall Clock Classic,1926.0,3,0.3,-151.17
IN-2024-101011,2024-10-01,2024-10-07,Standard Class,CU-1357,Karan Verma,Corporate,India,Pune,Maharashtra,West,OFF-PA-1004,Office Supplies,Paper,Thermal Roll Pack,1499.96,3,0.3,171.84
IN-2024-101011,2024-10-01,2024-10-07,Standard Class,CU-1357,Karan Verma,Corporate,India,Pune,Maharashtra,West,FUR-FU-1002,Furniture,Furnishings,Wall Clock Classic,2627.09,3,0.05,556.4
IN-2024-101549,2024-10-02,2024-10-05,Second Class,CU-1384,Rohan Rao,Home Office,India,Mumbai,Maharashtra,West,OFF-BI-1004,Office Supplies,Binders,Plastic Folder Set,1292.07,3,0.05,351.93
IN-2024-100522,2024-10-03,2024-10-10,Standard Class,CU-1217,Nikhil Kulkarni,Consumer,India,Patna,Bihar,East,OFF-BI-1004,Office Supplies,Binders,Plastic Folder Set,1233.64,3,0.05,323.85
IN-2024-101009,2024-10-04,2024-10-08,Standard Class,CU-1077,Diya Mehta,Consumer,India,Mysuru,Karnataka,South,TEC-CO-1004,Technology,Copiers,Document Scanner,59704.06,3,0.15,12586.43
IN-2024-100670,2024-10-05,2024-10-10,Standard Class,CU-1325,Sneha Verma,Corporate,India,Mysuru,Karnataka,South,OFF-AR-1003,Office Supplies,Art,Highlighter Pack,1537.34,6,0,471.18
IN-2024-101517,2024-10-06,2024-10-10,Standard Class,CU-1331,Sneha Rao,Corporate,India,Noida,Uttar Pradesh,North,TEC-CO-1001,Technology,Copiers,Laser Copier Compact,44154.96,1,0.1,8807.27
IN-2024-101517,2024-10-06,2024-10-10,Standard Class,CU-1331,Sneha Rao,Corporate,India,Noida,Uttar Pradesh,North,OFF-AR-1003,Office Supplies,Art,Highlighter Pack,261.47,1,0,73.41
IN-2024-100676,2024-10-07,2024-10-11,Standard Class,CU-1199,Rohan Pillai,Consumer,India,Lucknow,Uttar Pradesh,North,OFF-PA-1004,Office Supplies,Paper,Thermal Roll Pack,1469.99,2,0,533.34
IN-2024-100022,2024-10-08,2024-10-10,Second Class,CU-1023,Swati Rao,Corporate,India,New Delhi,Delhi,North,FUR-CH-1001,Furniture,Chairs,Ergonomic Office Chair,7560.48,1,0.1,367.68
IN-2024-100022,2024-10-08,2024-10-10,Second Class,CU-1023,Swati Rao,Corporate,India,New Delhi,Delhi,North,FUR-BO-1004,Furniture,Bookcases,Modular Bookshelf,47047.41,6,0,6414.62
IN-2024-100022,2024-10-08,2024-10-10,Second Class,CU-1023,Swati Rao,Corporate,India,New Delhi,Delhi,North,OFF-PA-1001,Office Supplies,Paper,A4 Copier Paper 500 Sheets,672.86,2,0.15,142.09
IN-2024-101235,2024-10-09,2024-10-13,Second Class,CU-1381,Sanjana Reddy,Consumer,India,Hyderabad,Telangana,South,OFF-PA-1001,Office Supplies,Paper,A4 Copier Paper 500 Sheets,1127.66,3,0,488.85
IN-2024-101157,2024-10-11,2024-10-14,Second Class,CU-1220,Meera Menon,Consumer,India,Indore,Madhya Pradesh,Central,OFF-AR-1004,Office Supplies,Art,Artist Sketch Kit,3122.12,2,0.1,663.04
IN-2024-101157,2024-10-11,2024-10-14,Second Class,CU-1220,Meera Menon,Consumer,India,Indore,Madhya Pradesh,Central,OFF-ST-1003,Office Supplies,Storage,Desk Organizer,1577.05,2,0.1,72.69
IN-2024-101157,2024-10-11,2024-10-14,Second Class,CU-1220,Meera Menon,Consumer,India,Indore,Madhya Pradesh,Central,FUR-FU-1001,Furniture,Furnishings,LED Desk Lamp,7062.4,5,0,1455.23
IN-2024-101157,2024-10-11,2024-10-14,Second Class,CU-1220,Meera Menon,Consumer,India,Indore,Madhya Pradesh,Central,TEC-AC-1001,Technology,Accessories,Wireless Mouse,1655.31,2,0.15,173.11
IN-2024-101468,2024-10-11,2024-10-15,Standard Class,CU-1323,Harsh Bose,Corporate,India,Pune,Maharashtra,West,TEC-MA-1003,Technology,Machines,Laminating Machine,40047.11,6,0.05,2506.28
IN-2024-101468,2024-10-11,2024-10-15,Standard Class,CU-1323,Harsh Bose,Corporate,India,Pune,Maharashtra,West,TEC-AC-1004,Technology,Accessories,Noise Cancelling Headset,7961.2,1,0,1646.64
IN-2024-101606,2024-10-11,2024-10-16,Standard Class,CU-1424,Aarav Kulkarni,Corporate,India,Kochi,Kerala,South,OFF-PA-1003,Office Supplies,Paper,Sticky Notes Bulk Pack,2665.51,5,0,927.56
IN-2024-101606,2024-10-11,2024-10-16,Standard Class,CU-1424,Aarav Kulkarni,Corporate,India,Kochi,Kerala,South,FUR-FU-1004,Furniture,Furnishings,Anti-Fatigue Floor Mat,8834.19,5,0,1800.04
IN-2024-101606,2024-10-11,2024-10-16,Standard Class,CU-1424,Aarav Kulkarni,Corporate,India,Kochi,Kerala,South,TEC-MA-1003,Technology,Machines,Laminating Machine,14069.38,2,0,1248.57
IN-2024-100641,2024-10-12,2024-10-17,Standard Class,CU-1033,Yash Gupta,Consumer,India,Mumbai,Maharashtra,West,FUR-TA-1001,Furniture,Tables,Conference Table 8-Seater,166739.72,4,0.05,-12307.11
IN-2024-100641,2024-10-12,2024-10-17,Standard Class,CU-1033,Yash Gupta,Consumer,India,Mumbai,Maharashtra,West,OFF-PA-1003,Office Supplies,Paper,Sticky Notes Bulk Pack,2348.91,4,0,745.45
IN-2024-100767,2024-10-14,2024-10-21,Standard Class,CU-1105,Nikhil Kapoor,Home Office,India,Ahmedabad,Gujarat,West,OFF-BI-1003,Office Supplies,Binders,Binding Machine Combs,2907.53,4,0.05,651.53
IN-2024-100767,2024-10-14,2024-10-21,Standard Class,CU-1105,Nikhil Kapoor,Home Office,India,Ahmedabad,Gujarat,West,OFF-PA-1004,Office Supplies,Paper,Thermal Roll Pack,2068.46,3,0,809.56
IN-2024-101446,2024-10-14,2024-10-16,Second Class,CU-1396,Sanjana Mehta,Home Office,India,Bengaluru,Karnataka,South,FUR-BO-1003,Furniture,Bookcases,Corner Display Unit,14701.34,2,0.2,-1926.83
IN-2024-100784,2024-10-15,2024-10-19,Second Class,CU-1075,Shruti Desai,Corporate,India,Noida,Uttar Pradesh,North,OFF-BI-1003,Office Supplies,Binders,Binding Machine Combs,3896.07,5,0,1311.67
IN-2024-100677,2024-10-16,2024-10-20,Standard Class,CU-1227,Arjun Sharma,Consumer,India,Noida,Uttar Pradesh,North,FUR-CH-1001,Furniture,Chairs,Ergonomic Office Chair,8298.77,1,0,1309.17
IN-2024-100843,2024-10-16,2024-10-19,First Class,CU-1279,Vihaan Desai,Consumer,India,Kolkata,West Bengal,East,OFF-PA-1001,Office Supplies,Paper,A4 Copier Paper 500 Sheets,1134.71,3,0,481.45
IN-2024-100843,2024-10-16,2024-10-19,First Class,CU-1279,Vihaan Desai,Consumer,India,Kolkata,West Bengal,East,OFF-AR-1002,Office Supplies,Art,Premium Pen Set,2102.97,2,0.2,47.14
IN-2024-100964,2024-10-16,2024-10-21,Standard Class,CU-1246,Manish Gupta,Consumer,India,Hyderabad,Telangana,South,OFF-AR-1002,Office Supplies,Art,Premium Pen Set,1371.9,1,0,315.72
IN-2024-100964,2024-10-16,2024-10-21,Standard Class,CU-1246,Manish Gupta,Consumer,India,Hyderabad,Telangana,South,OFF-ST-1002,Office Supplies,Storage,Plastic Storage Box Set,10771.18,7,0.1,171.07
IN-2024-101020,2024-10-18,2024-10-23,Standard Class,CU-1025,Arjun Bose,Home Office,India,Jaipur,Rajasthan,North,OFF-PA-1003,Office Supplies,Paper,Sticky Notes Bulk Pack,458.01,1,0.2,113.9
IN-2024-101020,2024-10-18,2024-10-23,Standard Class,CU-1025,Arjun Bose,Home Office,India,Jaipur,Rajasthan,North,FUR-FU-1003,Furniture,Furnishings,Office Curtain Set,5963.82,3,0.3,-184.44
IN-2024-101175,2024-10-18,2024-10-21,First Class,CU-1093,Meera Chopra,Home Office,India,Coimbatore,Tamil Nadu,South,TEC-MA-1002,Technology,Machines,Barcode Label Printer,22082.62,2,0.3,-5987.07
IN-2024-101175,2024-10-18,2024-10-21,First Class,CU-1093,Meera Chopra,Home Office,India,Coimbatore,Tamil Nadu,South,FUR-CH-1004,Furniture,Chairs,Visitor Chair Set,6672.87,2,0.15,-41.74
IN-2024-100520,2024-10-20,2024-10-26,Standard Class,CU-1175,Arjun Joshi,Consumer,India,Kochi,Kerala,South,FUR-TA-1003,Furniture,Tables,Folding Training Table,13098.82,2,0,885.32
IN-2024-100058,2024-10-21,2024-10-27,Standard Class,CU-1133,Pooja Iyer,Consumer,India,Mumbai,Maharashtra,West,OFF-BI-1004,Office Supplies,Binders,Plastic Folder Set,1771.77,4,0,506.91
IN-2024-100058,2024-10-21,2024-10-27,Standard Class,CU-1133,Pooja Iyer,Consumer,India,Mumbai,Maharashtra,West,OFF-ST-1004,Office Supplies,Storage,Wall Mount Shelf Box,3782.77,2,0.1,-110.85
IN-2024-100058,2024-10-21,2024-10-27,Standard Class,CU-1133,Pooja Iyer,Consumer,India,Mumbai,Maharashtra,West,TEC-AC-1001,Technology,Accessories,Wireless Mouse,3218.98,5,0.3,55.1
IN-2024-101393,2024-10-21,2024-10-24,Second Class,CU-1360,Karan Nair,Consumer,India,Panaji,Goa,West,FUR-TA-1003,Furniture,Tables,Folding Training Table,10966.34,2,0.15,-2072.58
IN-2024-101339,2024-10-22,2024-10-24,Second Class,CU-1025,Arjun Bose,Home Office,India,Jaipur,Rajasthan,North,OFF-AR-1001,Office Supplies,Art,Whiteboard Marker Set,2431.93,6,0,787.26
IN-2024-101339,2024-10-22,2024-10-24,Second Class,CU-1025,Arjun Bose,Home Office,India,Jaipur,Rajasthan,North,OFF-ST-1002,Office Supplies,Storage,Plastic Storage Box Set,7311.11,5,0.15,-411.87
IN-2024-101339,2024-10-22,2024-10-24,Second Class,CU-1025,Arjun Bose,Home Office,India,Jaipur,Rajasthan,North,FUR-CH-1003,Furniture,Chairs,Mesh Back Task Chair,35477.07,7,0,5264.66
IN-2024-100375,2024-10-23,2024-10-26,First Class,CU-1198,Divya Nair,Corporate,India,Pune,Maharashtra,West,FUR-FU-1002,Furniture,Furnishings,Wall Clock Classic,690.02,1,0.3,-72.86
IN-2024-101329,2024-10-23,2024-10-24,First Class,CU-1391,Sanjana Patel,Corporate,India,Coimbatore,Tamil Nadu,South,OFF-AR-1004,Office Supplies,Art,Artist Sketch Kit,4842.15,3,0.1,897.02
IN-2024-101329,2024-10-23,2024-10-24,First Class,CU-1391,Sanjana Patel,Corporate,India,Coimbatore,Tamil Nadu,South,TEC-AC-1004,Technology,Accessories,Noise Cancelling Headset,26503.7,4,0.15,4165.65
IN-2024-100501,2024-10-25,2024-10-27,Second Class,CU-1121,Ananya Joshi,Consumer,India,Noida,Uttar Pradesh,North,TEC-PH-1003,Technology,Phones,IP Desk Phone,18313.27,3,0,2530.62
IN-2024-100501,2024-10-25,2024-10-27,Second Class,CU-1121,Ananya Joshi,Consumer,India,Noida,Uttar Pradesh,North,FUR-TA-1002,Furniture,Tables,Computer Desk,20359.54,2,0,-832.22
IN-2024-100171,2024-10-26,2024-10-26,Same Day,CU-1219,Aditya Nair,Corporate,India,Panaji,Goa,West,OFF-BI-1002,Office Supplies,Binders,Heavy Duty Lever Arch File,957.21,3,0.1,167.24
IN-2024-100171,2024-10-26,2024-10-26,Same Day,CU-1219,Aditya Nair,Corporate,India,Panaji,Goa,West,OFF-AR-1003,Office Supplies,Art,Highlighter Pack,539.95,2,0,123.74
IN-2024-100284,2024-10-27,2024-11-02,Standard Class,CU-1300,Manish Shah,Consumer,India,Mumbai,Maharashtra,West,OFF-PA-1003,Office Supplies,Paper,Sticky Notes Bulk Pack,433.64,1,0.2,85.53
IN-2024-100797,2024-10-27,2024-10-29,First Class,CU-1194,Meera Kulkarni,Consumer,India,Raipur,Chhattisgarh,Central,OFF-BI-1004,Office Supplies,Binders,Plastic Folder Set,1102.58,3,0.15,184.68
IN-2024-100818,2024-10-27,2024-10-27,Same Day,CU-1372,Varun Desai,Corporate,India,Mysuru,Karnataka,South,TEC-CO-1001,Technology,Copiers,Laser Copier Compact,239875.21,5,0,74737.75
IN-2024-100818,2024-10-27,2024-10-27,Same Day,CU-1372,Varun Desai,Corporate,India,Mysuru,Karnataka,South,TEC-AC-1003,Technology,Accessories,USB-C Hub 7-in-1,2474.04,1,0,609.99
IN-2024-100818,2024-10-27,2024-10-27,Same Day,CU-1372,Varun Desai,Corporate,India,Mysuru,Karnataka,South,TEC-AC-1002,Technology,Accessories,Mechanical Keyboard,9858.69,3,0.05,2143.16
IN-2024-100432,2024-11-01,2024-11-06,Standard Class,CU-1278,Shruti Shah,Corporate,India,Kolkata,West Bengal,East,FUR-FU-1002,Furniture,Furnishings,Wall Clock Classic,874.32,1,0.05,144.38
IN-2024-101397,2024-11-01,2024-11-02,First Class,CU-1004,Priya Chopra,Consumer,India,Jaipur,Rajasthan,North,OFF-PA-1004,Office Supplies,Paper,Thermal Roll Pack,557.5,1,0.2,112.09
IN-2024-100402,2024-11-02,2024-11-05,First Class,CU-1435,Neha Desai,Consumer,India,Surat,Gujarat,West,OFF-BI-1003,Office Supplies,Binders,Binding Machine Combs,2063.53,3,0.1,614.04
IN-2024-100402,2024-11-02,2024-11-05,First Class,CU-1435,Neha Desai,Consumer,India,Surat,Gujarat,West,FUR-BO-1001,Furniture,Bookcases,Wooden Bookcase 5-Shelf,22774.76,2,0,2787.62
IN-2024-101138,2024-11-02,2024-11-05,Second Class,CU-1051,Pooja Mehta,Consumer,India,New Delhi,Delhi,North,OFF-BI-1001,Office Supplies,Binders,Ring Binder A4 (Pack of 10),3583.62,7,0.2,349.85
IN-2024-101138,2024-11-02,2024-11-05,Second Class,CU-1051,Pooja Mehta,Consumer,India,New Delhi,Delhi,North,OFF-BI-1002,Office Supplies,Binders,Heavy Duty Lever Arch File,688.75,2,0,268.07
IN-2024-101343,2024-11-03,2024-11-07,Standard Class,CU-1068,Divya Kulkarni,Consumer,India,Hyderabad,Telangana,South,OFF-PA-1002,Office Supplies,Paper,Premium Photo Paper,3252.39,3,0.1,743.04
IN-2024-101343,2024-11-03,2024-11-07,Standard Class,CU-1068,Divya Kulkarni,Consumer,India,Hyderabad,Telangana,South,OFF-AR-1004,Office Supplies,Art,Artist Sketch Kit,4451.98,3,0.15,583.13
IN-2024-101343,2024-11-03,2024-11-07,Standard Class,CU-1068,Divya Kulkarni,Consumer,India,Hyderabad,Telangana,South,OFF-PA-1003,Office Supplies,Paper,Sticky Notes Bulk Pack,1102.32,2,0.05,375.79
IN-2024-101033,2024-11-04,2024-11-06,First Class,CU-1329,Rohan Kapoor,Home Office,India,Patna,Bihar,East,OFF-PA-1003,Office Supplies,Paper,Sticky Notes Bulk Pack,2286.2,5,0.15,749.29
IN-2024-101033,2024-11-04,2024-11-06,First Class,CU-1329,Rohan Kapoor,Home Office,India,Patna,Bihar,East,TEC-PH-1002,Technology,Phones,Smartphone Lite 64GB,40347.3,3,0,7904.94
IN-2024-101646,2024-11-04,2024-11-07,Second Class,CU-1204,Priya Sharma,Consumer,India,Panaji,Goa,West,OFF-ST-1002,Office Supplies,Storage,Plastic Storage Box Set,1429.48,1,0.1,126.77
IN-2024-101646,2024-11-04,2024-11-07,Second Class,CU-1204,Priya Sharma,Consumer,India,Panaji,Goa,West,TEC-AC-1001,Technology,Accessories,Wireless Mouse,2442.87,3,0.1,525.9
IN-2024-101646,2024-11-04,2024-11-07,Second Class,CU-1204,Priya Sharma,Consumer,India,Panaji,Goa,West,FUR-CH-1004,Furniture,Chairs,Visitor Chair Set,3907.83,1,0,397.51
IN-2024-101646,2024-11-04,2024-11-07,Second Class,CU-1204,Priya Sharma,Consumer,India,Panaji,Goa,West,TEC-PH-1002,Technology,Phones,Smartphone Lite 64GB,12362.28,1,0,1888.22
IN-2024-100148,2024-11-05,2024-11-09,Standard Class,CU-1244,Sneha Singh,Consumer,India,Bhubaneswar,Odisha,East,FUR-CH-1004,Furniture,Chairs,Visitor Chair Set,7522.88,2,0,843.2
IN-2024-100148,2024-11-05,2024-11-09,Standard Class,CU-1244,Sneha Singh,Consumer,India,Bhubaneswar,Odisha,East,OFF-PA-1001,Office Supplies,Paper,A4 Copier Paper 500 Sheets,1137.83,3,0,447.0
IN-2024-100224,2024-11-05,2024-11-05,Same Day,CU-1277,Vihaan Bose,Corporate,India,Lucknow,Uttar Pradesh,North,OFF-PA-1003,Office Supplies,Paper,Sticky Notes Bulk Pack,3445.07,6,0,1317.41
IN-2024-101383,2024-11-05,2024-11-11,Standard Class,CU-1358,Manish Desai,Corporate,India,New Delhi,Delhi,North,OFF-PA-1002,Office Supplies,Paper,Premium Photo Paper,842.97,1,0.3,125.23
IN-2024-101383,2024-11-05,2024-11-11,Standard Class,CU-1358,Manish Desai,Corporate,India,New Delhi,Delhi,North,OFF-BI-1001,Office Supplies,Binders,Ring Binder A4 (Pack of 10),1911.0,3,0,611.82
IN-2024-100521,2024-11-06,2024-11-07,First Class,CU-1086,Varun Rao,Home Office,India,Pune,Maharashtra,West,OFF-BI-1001,Office Supplies,Binders,Ring Binder A4 (Pack of 10),1524.14,3,0.2,194.15
IN-2024-101396,2024-11-06,2024-11-13,Standard Class,CU-1205,Varun Reddy,Consumer,India,Kochi,Kerala,South,FUR-TA-1003,Furniture,Tables,Folding Training Table,30685.67,6,0.2,-4349.18
IN-2024-101396,2024-11-06,2024-11-13,Standard Class,CU-1205,Varun Reddy,Consumer,India,Kochi,Kerala,South,OFF-PA-1004,Office Supplies,Paper,Thermal Roll Pack,607.58,1,0.15,158.74
IN-2024-100930,2024-11-07,2024-11-09,First Class,CU-1353,Swati Das,Corporate,India,Mumbai,Maharashtra,West,OFF-ST-1003,Office Supplies,Storage,Desk Organizer,598.53,1,0.3,-111.62
IN-2024-100982,2024-11-07,2024-11-09,First Class,CU-1250,Tanvi Gupta,Corporate,India,Panaji,Goa,West,FUR-CH-1004,Furniture,Chairs,Visitor Chair Set,7160.69,2,0.1,325.82
IN-2024-100625,2024-11-08,2024-11-11,First Class,CU-1078,Priya Verma,Corporate,India,Noida,Uttar Pradesh,North,TEC-MA-1001,Technology,Machines,Currency Counting Machine,18383.43,2,0,1852.23
IN-2024-100625,2024-11-08,2024-11-11,First Class,CU-1078,Priya Verma,Corporate,India,Noida,Uttar Pradesh,North,TEC-MA-1001,Technology,Machines,Currency Counting Machine,52989.4,6,0.05,-1931.16
IN-2024-100604,2024-11-09,2024-11-15,Standard Class,CU-1354,Pranav Patel,Consumer,India,Panaji,Goa,West,OFF-AR-1004,Office Supplies,Art,Artist Sketch Kit,1647.01,1,0.1,207.03
IN-2024-100168,2024-11-10,2024-11-14,Standard Class,CU-1026,Vihaan Joshi,Home Office,India,Bhubaneswar,Odisha,East,TEC-MA-1004,Technology,Machines,Paper Shredder 20-Sheet,10758.2,1,0.05,-154.07
IN-2024-100226,2024-11-10,2024-11-16,Standard Class,CU-1410,Pooja Desai,Consumer,India,Mysuru,Karnataka,South,OFF-AR-1002,Office Supplies,Art,Premium Pen Set,9155.49,7,0,2497.18
IN-2024-100226,2024-11-10,2024-11-16,Standard Class,CU-1410,Pooja Desai,Consumer,India,Mysuru,Karnataka,South,OFF-BI-1004,Office Supplies,Binders,Plastic Folder Set,432.42,1,0,124.8
IN-2024-100341,2024-11-11,2024-11-13,First Class,CU-1434,Diya Kulkarni,Consumer,India,Coimbatore,Tamil Nadu,South,OFF-AR-1004,Office Supplies,Art,Artist Sketch Kit,5217.81,3,0,1219.02
IN-2024-101404,2024-11-11,2024-11-15,Standard Class,CU-1043,Neha Pillai,Corporate,India,Surat,Gujarat,West,OFF-BI-1002,Office Supplies,Binders,Heavy Duty Lever Arch File,1297.96,4,0,311.58
IN-2024-101404,2024-11-11,2024-11-15,Standard Class,CU-1043,Neha Pillai,Corporate,India,Surat,Gujarat,West,FUR-BO-1004,Furniture,Bookcases,Modular Bookshelf,5204.85,1,0.3,-753.01
IN-2024-101404,2024-11-11,2024-11-15,Standard Class,CU-1043,Neha Pillai,Corporate,India,Surat,Gujarat,West,OFF-BI-1004,Office Supplies,Binders,Plastic Folder Set,1372.87,3,0,479.37
IN-2024-101525,2024-11-11,2024-11-13,Second Class,CU-1337,Neha Rao,Corporate,India,Panaji,Goa,West,OFF-PA-1003,Office Supplies,Paper,Sticky Notes Bulk Pack,2205.57,4,0.05,744.02
IN-2024-101525,2024-11-11,2024-11-13,Second Class,CU-1337,Neha Rao,Corporate,India,Panaji,Goa,West,OFF-ST-1004,Office Supplies,Storage,Wall Mount Shelf Box,7378.99,4,0.15,-410.48
IN-2024-101022,2024-11-12,2024-11-17,Standard Class,CU-1440,Karan Das,Home Office,India,Jaipur,Rajasthan,North,FUR-CH-1003,Furniture,Chairs,Mesh Back Task Chair,4830.4,1,0.05,347.56
IN-2024-101022,2024-11-12,2024-11-17,Standard Class,CU-1440,Karan Das,Home Office,India,Jaipur,Rajasthan,North,OFF-PA-1001,Office Supplies,Paper,A4 Copier Paper 500 Sheets,733.28,2,0,249.57
IN-2024-101022,2024-11-12,2024-11-17,Standard Class,CU-1440,Karan Das,Home Office,India,Jaipur,Rajasthan,North,TEC-PH-1004,Technology,Phones,Conference Speakerphone,8473.05,1,0.1,311.77
IN-2024-101481,2024-11-12,2024-11-13,First Class,CU-1146,Isha Kulkarni,Consumer,India,Kochi,Kerala,South,OFF-ST-1002,Office Supplies,Storage,Plastic Storage Box Set,3317.98,2,0,317.73
IN-2024-101499,2024-11-12,2024-11-13,First Class,CU-1041,Neha Shah,Consumer,India,Indore,Madhya Pradesh,Central,OFF-AR-1004,Office Supplies,Art,Artist Sketch Kit,3074.23,2,0.15,159.32
IN-2024-101499,2024-11-12,2024-11-13,First Class,CU-1041,Neha Shah,Consumer,India,Indore,Madhya Pradesh,Central,TEC-MA-1004,Technology,Machines,Paper Shredder 20-Sheet,11404.79,1,0,438.18
IN-2024-101545,2024-11-12,2024-11-13,First Class,CU-1335,Rohan Joshi,Consumer,India,Panaji,Goa,West,FUR-CH-1004,Furniture,Chairs,Visitor Chair Set,10930.91,4,0.3,-1688.66
IN-2024-100313,2024-11-13,2024-11-13,Same Day,CU-1032,Aarav Iyer,Corporate,India,Ludhiana,Punjab,North,OFF-ST-1001,Office Supplies,Storage,Steel Filing Cabinet,12681.59,1,0,848.14
IN-2024-100933,2024-11-13,2024-11-15,Second Class,CU-1138,Arjun Verma,Corporate,India,Hyderabad,Telangana,South,FUR-FU-1002,Furniture,Furnishings,Wall Clock Classic,2876.33,3,0,674.42
IN-2024-101246,2024-11-13,2024-11-20,Standard Class,CU-1023,Swati Rao,Corporate,India,New Delhi,Delhi,North,TEC-MA-1002,Technology,Machines,Barcode Label Printer,26378.28,2,0.2,-3858.86
IN-2024-101603,2024-11-13,2024-11-17,Standard Class,CU-1369,Aman Pillai,Consumer,India,Patna,Bihar,East,OFF-ST-1003,Office Supplies,Storage,Desk Organizer,908.08,1,0,77.83
IN-2024-101571,2024-11-14,2024-11-15,First Class,CU-1199,Rohan Pillai,Consumer,India,Lucknow,Uttar Pradesh,North,OFF-BI-1002,Office Supplies,Binders,Heavy Duty Lever Arch File,1660.78,6,0.2,235.44
IN-2024-100562,2024-11-15,2024-11-17,First Class,CU-1304,Pranav Pillai,Corporate,India,Lucknow,Uttar Pradesh,North,OFF-PA-1001,Office Supplies,Paper,A4 Copier Paper 500 Sheets,741.2,2,0,295.41
IN-2024-100562,2024-11-15,2024-11-17,First Class,CU-1304,Pranav Pillai,Corporate,India,Lucknow,Uttar Pradesh,North,OFF-BI-1004,Office Supplies,Binders,Plastic Folder Set,749.71,2,0.15,184.11
IN-2024-101288,2024-11-15,2024-11-19,Second Class,CU-1133,Pooja Iyer,Consumer,India,Mumbai,Maharashtra,West,TEC-PH-1002,Technology,Phones,Smartphone Lite 64GB,22787.82,2,0.1,1290.43
IN-2024-101615,2024-11-15,2024-11-20,Standard Class,CU-1235,Kavya Nair,Consumer,India,Amritsar,Punjab,North,OFF-PA-1001,Office Supplies,Paper,A4 Copier Paper 500 Sheets,258.64,1,0.3,25.57
IN-2024-100132,2024-11-16,2024-11-16,Same Day,CU-1357,Karan Verma,Corporate,India,Pune,Maharashtra,West,OFF-BI-1002,Office Supplies,Binders,Heavy Duty Lever Arch File,1624.53,5,0,491.56
IN-2024-100132,2024-11-16,2024-11-16,Same Day,CU-1357,Karan Verma,Corporate,India,Pune,Maharashtra,West,OFF-AR-1004,Office Supplies,Art,Artist Sketch Kit,1355.42,1,0.2,141.05
IN-2024-100132,2024-11-16,2024-11-16,Same Day,CU-1357,Karan Verma,Corporate,India,Pune,Maharashtra,West,OFF-BI-1004,Office Supplies,Binders,Plastic Folder Set,444.82,1,0,125.22
IN-2024-101676,2024-11-17,2024-11-19,Second Class,CU-1263,Pranav Bose,Home Office,India,Coimbatore,Tamil Nadu,South,OFF-AR-1001,Office Supplies,Art,Whiteboard Marker Set,1745.75,6,0.3,-68.17
IN-2024-100085,2024-11-18,2024-11-20,Second Class,CU-1398,Divya Desai,Consumer,India,Coimbatore,Tamil Nadu,South,FUR-FU-1002,Furniture,Furnishings,Wall Clock Classic,1840.53,2,0,307.41
IN-2024-100085,2024-11-18,2024-11-20,Second Class,CU-1398,Divya Desai,Consumer,India,Coimbatore,Tamil Nadu,South,FUR-FU-1001,Furniture,Furnishings,LED Desk Lamp,2351.77,2,0.15,139.46
IN-2024-100185,2024-11-18,2024-11-20,Second Class,CU-1340,Nikhil Shah,Consumer,India,Hyderabad,Telangana,South,OFF-AR-1003,Office Supplies,Art,Highlighter Pack,799.91,4,0.2,40.62
IN-2024-100185,2024-11-18,2024-11-20,Second Class,CU-1340,Nikhil Shah,Consumer,India,Hyderabad,Telangana,South,FUR-TA-1004,Furniture,Tables,Reception Counter,61585.15,2,0.05,-5243.74
IN-2024-100742,2024-11-18,2024-11-25,Standard Class,CU-1269,Divya Desai,Consumer,India,Jaipur,Rajasthan,North,OFF-AR-1001,Office Supplies,Art,Whiteboard Marker Set,731.97,2,0.15,126.44
IN-2024-100742,2024-11-18,2024-11-25,Standard Class,CU-1269,Divya Desai,Consumer,India,Jaipur,Rajasthan,North,OFF-PA-1004,Office Supplies,Paper,Thermal Roll Pack,1044.08,2,0.3,122.83
IN-2024-100091,2024-11-19,2024-11-23,Standard Class,CU-1184,Aditya Das,Consumer,India,Raipur,Chhattisgarh,Central,FUR-BO-1001,Furniture,Bookcases,Wooden Bookcase 5-Shelf,44165.69,4,0.05,751.24
IN-2024-100091,2024-11-19,2024-11-23,Standard Class,CU-1184,Aditya Das,Consumer,India,Raipur,Chhattisgarh,Central,OFF-BI-1004,Office Supplies,Binders,Plastic Folder Set,2244.15,5,0,874.45
IN-2024-100091,2024-11-19,2024-11-23,Standard Class,CU-1184,Aditya Das,Consumer,India,Raipur,Chhattisgarh,Central,OFF-PA-1004,Office Supplies,Paper,Thermal Roll Pack,630.16,1,0.15,166.72
IN-2024-100091,2024-11-19,2024-11-23,Standard Class,CU-1184,Aditya Das,Consumer,India,Raipur,Chhattisgarh,Central,OFF-ST-1004,Office Supplies,Storage,Wall Mount Shelf Box,3952.89,2,0.1,11.38
IN-2024-100127,2024-11-19,2024-11-25,Standard Class,CU-1178,Tanvi Mehta,Corporate,India,Ahmedabad,Gujarat,West,FUR-FU-1003,Furniture,Furnishings,Office Curtain Set,2624.3,1,0.05,401.27
IN-2024-100127,2024-11-19,2024-11-25,Standard Class,CU-1178,Tanvi Mehta,Corporate,India,Ahmedabad,Gujarat,West,FUR-CH-1001,Furniture,Chairs,Ergonomic Office Chair,33469.21,4,0,5152.95
IN-2024-101035,2024-11-19,2024-11-21,First Class,CU-1198,Divya Nair,Corporate,India,Pune,Maharashtra,West,OFF-PA-1004,Office Supplies,Paper,Thermal Roll Pack,2061.3,4,0.3,264.09
IN-2024-101419,2024-11-19,2024-11-24,Standard Class,CU-1166,Harsh Iyer,Consumer,India,Lucknow,Uttar Pradesh,North,OFF-PA-1002,Office Supplies,Paper,Premium Photo Paper,2087.33,2,0.15,511.69
IN-2024-101423,2024-11-19,2024-11-23,Standard Class,CU-1053,Nikhil Rao,Consumer,India,Panaji,Goa,West,FUR-BO-1004,Furniture,Bookcases,Modular Bookshelf,23736.37,3,0,865.94
IN-2024-101423,2024-11-19,2024-11-23,Standard Class,CU-1053,Nikhil Rao,Consumer,India,Panaji,Goa,West,OFF-PA-1003,Office Supplies,Paper,Sticky Notes Bulk Pack,554.48,1,0,230.3
IN-2024-101667,2024-11-20,2024-11-27,Standard Class,CU-1051,Pooja Mehta,Consumer,India,New Delhi,Delhi,North,OFF-AR-1004,Office Supplies,Art,Artist Sketch Kit,1786.46,1,0,476.94
IN-2024-101667,2024-11-20,2024-11-27,Standard Class,CU-1051,Pooja Mehta,Consumer,India,New Delhi,Delhi,North,OFF-BI-1004,Office Supplies,Binders,Plastic Folder Set,1300.48,3,0,407.83
IN-2024-100706,2024-11-21,2024-11-28,Standard Class,CU-1287,Karan Verma,Consumer,India,Surat,Gujarat,West,OFF-PA-1003,Office Supplies,Paper,Sticky Notes Bulk Pack,548.04,1,0,205.01
IN-2024-100706,2024-11-21,2024-11-28,Standard Class,CU-1287,Karan Verma,Consumer,India,Surat,Gujarat,West,FUR-TA-1003,Furniture,Tables,Folding Training Table,10446.37,2,0.2,-2718.9
IN-2024-100706,2024-11-21,2024-11-28,Standard Class,CU-1287,Karan Verma,Consumer,India,Surat,Gujarat,West,OFF-AR-1003,Office Supplies,Art,Highlighter Pack,718.51,3,0.1,166.41
IN-2024-100706,2024-11-21,2024-11-28,Standard Class,CU-1287,Karan Verma,Consumer,India,Surat,Gujarat,West,OFF-BI-1003,Office Supplies,Binders,Binding Machine Combs,654.52,1,0.15,152.46
IN-2024-100309,2024-11-23,2024-11-29,Standard Class,CU-1288,Ananya Patel,Consumer,India,Surat,Gujarat,West,OFF-AR-1001,Office Supplies,Art,Whiteboard Marker Set,296.26,1,0.3,11.6
IN-2024-100309,2024-11-23,2024-11-29,Standard Class,CU-1288,Ananya Patel,Consumer,India,Surat,Gujarat,West,FUR-FU-1002,Furniture,Furnishings,Wall Clock Classic,1827.85,2,0,396.56
IN-2024-100524,2024-11-23,2024-11-28,Standard Class,CU-1371,Priya Nair,Consumer,India,Kochi,Kerala,South,TEC-CO-1001,Technology,Copiers,Laser Copier Compact,280880.66,6,0,81976.99
IN-2024-100524,2024-11-23,2024-11-28,Standard Class,CU-1371,Priya Nair,Consumer,India,Kochi,Kerala,South,FUR-CH-1001,Furniture,Chairs,Ergonomic Office Chair,20153.92,3,0.2,-2099.64
IN-2024-100524,2024-11-23,2024-11-28,Standard Class,CU-1371,Priya Nair,Consumer,India,Kochi,Kerala,South,OFF-ST-1003,Office Supplies,Storage,Desk Organizer,5197.03,6,0,716.92
IN-2024-101046,2024-11-23,2024-11-24,First Class,CU-1420,Swati Das,Home Office,India,Nagpur,Maharashtra,West,FUR-FU-1001,Furniture,Furnishings,LED Desk Lamp,1490.91,1,0,263.49
IN-2024-101046,2024-11-23,2024-11-24,First Class,CU-1420,Swati Das,Home Office,India,Nagpur,Maharashtra,West,OFF-AR-1001,Office Supplies,Art,Whiteboard Marker Set,1897.24,5,0.1,368.31
IN-2024-101506,2024-11-23,2024-11-26,Second Class,CU-1212,Arjun Bose,Corporate,India,Kolkata,West Bengal,East,TEC-AC-1002,Technology,Accessories,Mechanical Keyboard,6563.33,2,0.05,1626.2
IN-2024-100740,2024-11-24,2024-11-29,Standard Class,CU-1126,Aman Desai,Consumer,India,New Delhi,Delhi,North,OFF-BI-1002,Office Supplies,Binders,Heavy Duty Lever Arch File,323.43,1,0.05,88.48
IN-2024-100740,2024-11-24,2024-11-29,Standard Class,CU-1126,Aman Desai,Consumer,India,New Delhi,Delhi,North,FUR-CH-1002,Furniture,Chairs,Executive Leather Chair,36607.08,2,0,5213.71
IN-2024-100740,2024-11-24,2024-11-29,Standard Class,CU-1126,Aman Desai,Consumer,India,New Delhi,Delhi,North,TEC-AC-1001,Technology,Accessories,Wireless Mouse,861.32,1,0.1,188.65
IN-2024-100495,2024-11-25,2024-11-28,First Class,CU-1408,Priya Bose,Consumer,India,Nagpur,Maharashtra,West,TEC-AC-1004,Technology,Accessories,Noise Cancelling Headset,6799.6,1,0.15,1310.71
IN-2024-101381,2024-11-25,2024-12-02,Standard Class,CU-1449,Divya Gupta,Home Office,India,Mysuru,Karnataka,South,OFF-PA-1003,Office Supplies,Paper,Sticky Notes Bulk Pack,1720.27,3,0,624.06
IN-2024-100450,2024-11-26,2024-11-28,First Class,CU-1066,Siddharth Mehta,Corporate,India,Pune,Maharashtra,West,OFF-BI-1004,Office Supplies,Binders,Plastic Folder Set,1591.84,4,0.15,255.75
IN-2024-100450,2024-11-26,2024-11-28,First Class,CU-1066,Siddharth Mehta,Corporate,India,Pune,Maharashtra,West,OFF-PA-1004,Office Supplies,Paper,Thermal Roll Pack,1470.24,2,0,579.39
IN-2024-100450,2024-11-26,2024-11-28,First Class,CU-1066,Siddharth Mehta,Corporate,India,Pune,Maharashtra,West,OFF-ST-1002,Office Supplies,Storage,Plastic Storage Box Set,3240.76,2,0.05,289.45
IN-2024-100450,2024-11-26,2024-11-28,First Class,CU-1066,Siddharth Mehta,Corporate,India,Pune,Maharashtra,West,FUR-FU-1001,Furniture,Furnishings,LED Desk Lamp,2782.05,2,0,411.68
IN-2024-100984,2024-11-26,2024-11-30,Standard Class,CU-1226,Diya Mehta,Corporate,India,New Delhi,Delhi,North,OFF-BI-1004,Office Supplies,Binders,Plastic Folder Set,431.97,1,0.05,114.8
IN-2024-100984,2024-11-26,2024-11-30,Standard Class,CU-1226,Diya Mehta,Corporate,India,New Delhi,Delhi,North,FUR-FU-1002,Furniture,Furnishings,Wall Clock Classic,794.89,1,0.15,37.69
IN-2024-100984,2024-11-26,2024-11-30,Standard Class,CU-1226,Diya Mehta,Corporate,India,New Delhi,Delhi,North,FUR-FU-1001,Furniture,Furnishings,LED Desk Lamp,1433.37,1,0,360.59
IN-2024-100984,2024-11-26,2024-11-30,Standard Class,CU-1226,Diya Mehta,Corporate,India,New Delhi,Delhi,North,OFF-PA-1001,Office Supplies,Paper,A4 Copier Paper 500 Sheets,1861.15,5,0,738.62
IN-2024-101089,2024-11-26,2024-11-30,Standard Class,CU-1022,Harsh Kulkarni,Home Office,India,Kochi,Kerala,South,FUR-TA-1001,Furniture,Tables,Conference Table 8-Seater,42901.46,1,0,-700.87
IN-2024-100067,2024-11-27,2024-12-02,Standard Class,CU-1184,Aditya Das,Consumer,India,Raipur,Chhattisgarh,Central,OFF-BI-1002,Office Supplies,Binders,Heavy Duty Lever Arch File,283.16,1,0.2,29.07
IN-2024-100067,2024-11-27,2024-12-02,Standard Class,CU-1184,Aditya Das,Consumer,India,Raipur,Chhattisgarh,Central,FUR-FU-1003,Furniture,Furnishings,Office Curtain Set,2913.93,1,0,459.29
IN-2024-100699,2024-11-27,2024-11-29,Second Class,CU-1304,Pranav Pillai,Corporate,India,Lucknow,Uttar Pradesh,North,OFF-BI-1003,Office Supplies,Binders,Binding Machine Combs,785.21,1,0,220.65
IN-2024-100699,2024-11-27,2024-11-29,Second Class,CU-1304,Pranav Pillai,Corporate,India,Lucknow,Uttar Pradesh,North,TEC-AC-1003,Technology,Accessories,USB-C Hub 7-in-1,1600.0,1,0.3,120.04
IN-2024-100699,2024-11-27,2024-11-29,Second Class,CU-1304,Pranav Pillai,Corporate,India,Lucknow,Uttar Pradesh,North,TEC-AC-1002,Technology,Accessories,Mechanical Keyboard,3127.31,1,0.15,440.44
IN-2024-100401,2024-11-28,2024-11-30,Second Class,CU-1149,Pooja Nair,Home Office,India,Amritsar,Punjab,North,OFF-BI-1001,Office Supplies,Binders,Ring Binder A4 (Pack of 10),512.11,1,0.15,68.41
IN-2024-100842,2024-11-28,2024-11-29,First Class,CU-1449,Divya Gupta,Home Office,India,Mysuru,Karnataka,South,OFF-PA-1004,Office Supplies,Paper,Thermal Roll Pack,1926.2,3,0.1,505.6
IN-2024-101405,2024-11-28,2024-12-04,Standard Class,CU-1148,Nikhil Shah,Corporate,India,Panaji,Goa,West,OFF-AR-1003,Office Supplies,Art,Highlighter Pack,525.21,2,0,98.4
IN-2024-101405,2024-11-28,2024-12-04,Standard Class,CU-1148,Nikhil Shah,Corporate,India,Panaji,Goa,West,FUR-BO-1001,Furniture,Bookcases,Wooden Bookcase 5-Shelf,27793.57,3,0.2,-2324.3
IN-2024-100913,2024-12-01,2024-12-03,First Class,CU-1427,Ananya Nair,Consumer,India,Mumbai,Maharashtra,West,FUR-TA-1004,Furniture,Tables,Reception Counter,29195.84,1,0.05,-1996.31
IN-2024-100913,2024-12-01,2024-12-03,First Class,CU-1427,Ananya Nair,Consumer,India,Mumbai,Maharashtra,West,TEC-AC-1001,Technology,Accessories,Wireless Mouse,982.27,1,0,201.95
IN-2024-101115,2024-12-01,2024-12-07,Standard Class,CU-1160,Varun Nair,Consumer,India,Jaipur,Rajasthan,North,FUR-CH-1002,Furniture,Chairs,Executive Leather Chair,61099.52,4,0.2,-4650.61
IN-2024-101115,2024-12-01,2024-12-07,Standard Class,CU-1160,Varun Nair,Consumer,India,Jaipur,Rajasthan,North,OFF-ST-1002,Office Supplies,Storage,Plastic Storage Box Set,3877.46,3,0.2,-256.25
IN-2024-101287,2024-12-01,2024-12-01,Same Day,CU-1117,Neha Shah,Corporate,India,Nagpur,Maharashtra,West,TEC-AC-1001,Technology,Accessories,Wireless Mouse,792.67,1,0.15,98.92
IN-2024-101287,2024-12-01,2024-12-01,Same Day,CU-1117,Neha Shah,Corporate,India,Nagpur,Maharashtra,West,OFF-PA-1004,Office Supplies,Paper,Thermal Roll Pack,2196.96,3,0,990.77
IN-2024-101670,2024-12-01,2024-12-07,Standard Class,CU-1411,Manish Singh,Consumer,India,Patna,Bihar,East,TEC-AC-1003,Technology,Accessories,USB-C Hub 7-in-1,3693.21,2,0.2,279.25
IN-2024-101670,2024-12-01,2024-12-07,Standard Class,CU-1411,Manish Singh,Consumer,India,Patna,Bihar,East,TEC-AC-1003,Technology,Accessories,USB-C Hub 7-in-1,11613.71,5,0,3088.78
IN-2024-101670,2024-12-01,2024-12-07,Standard Class,CU-1411,Manish Singh,Consumer,India,Patna,Bihar,East,TEC-MA-1004,Technology,Machines,Paper Shredder 20-Sheet,10543.3,1,0.1,-351.1
IN-2024-100680,2024-12-02,2024-12-05,Second Class,CU-1041,Neha Shah,Consumer,India,Indore,Madhya Pradesh,Central,TEC-AC-1004,Technology,Accessories,Noise Cancelling Headset,15316.7,2,0,4320.93
IN-2024-100680,2024-12-02,2024-12-05,Second Class,CU-1041,Neha Shah,Consumer,India,Indore,Madhya Pradesh,Central,OFF-AR-1004,Office Supplies,Art,Artist Sketch Kit,10572.66,6,0,2695.84
IN-2024-101344,2024-12-02,2024-12-04,First Class,CU-1155,Ananya Menon,Consumer,India,Chennai,Tamil Nadu,South,FUR-BO-1001,Furniture,Bookcases,Wooden Bookcase 5-Shelf,94598.61,8,0,8916.97
IN-2024-101344,2024-12-02,2024-12-04,First Class,CU-1155,Ananya Menon,Consumer,India,Chennai,Tamil Nadu,South,TEC-MA-1004,Technology,Machines,Paper Shredder 20-Sheet,10773.25,1,0,510.08
IN-2024-100804,2024-12-03,2024-12-09,Standard Class,CU-1257,Divya Verma,Consumer,India,Surat,Gujarat,West,FUR-CH-1004,Furniture,Chairs,Visitor Chair Set,7605.43,2,0,752.77
IN-2024-100804,2024-12-03,2024-12-09,Standard Class,CU-1257,Divya Verma,Consumer,India,Surat,Gujarat,West,OFF-PA-1002,Office Supplies,Paper,Premium Photo Paper,1187.85,1,0,448.86
IN-2024-100157,2024-12-05,2024-12-10,Standard Class,CU-1336,Aarav Verma,Consumer,India,Indore,Madhya Pradesh,Central,TEC-CO-1001,Technology,Copiers,Laser Copier Compact,68123.81,2,0.3,6188.14
IN-2024-100157,2024-12-05,2024-12-10,Standard Class,CU-1336,Aarav Verma,Consumer,India,Indore,Madhya Pradesh,Central,OFF-AR-1003,Office Supplies,Art,Highlighter Pack,265.9,1,0,71.26
IN-2024-100157,2024-12-05,2024-12-10,Standard Class,CU-1336,Aarav Verma,Consumer,India,Indore,Madhya Pradesh,Central,OFF-PA-1001,Office Supplies,Paper,A4 Copier Paper 500 Sheets,622.93,2,0.2,73.5
IN-2024-100157,2024-12-05,2024-12-10,Standard Class,CU-1336,Aarav Verma,Consumer,India,Indore,Madhya Pradesh,Central,TEC-PH-1004,Technology,Phones,Conference Speakerphone,26957.92,3,0.05,3317.88
IN-2024-100393,2024-12-05,2024-12-09,Standard Class,CU-1323,Harsh Bose,Corporate,India,Pune,Maharashtra,West,TEC-MA-1004,Technology,Machines,Paper Shredder 20-Sheet,34320.54,3,0,-110.73
IN-2024-100393,2024-12-05,2024-12-09,Standard Class,CU-1323,Harsh Bose,Corporate,India,Pune,Maharashtra,West,OFF-PA-1003,Office Supplies,Paper,Sticky Notes Bulk Pack,549.72,1,0,196.53
IN-2024-101281,2024-12-05,2024-12-11,Standard Class,CU-1313,Diya Verma,Consumer,India,Patna,Bihar,East,FUR-CH-1002,Furniture,Chairs,Executive Leather Chair,16966.14,1,0.05,1396.36
IN-2024-101281,2024-12-05,2024-12-11,Standard Class,CU-1313,Diya Verma,Consumer,India,Patna,Bihar,East,OFF-PA-1001,Office Supplies,Paper,A4 Copier Paper 500 Sheets,724.35,2,0.05,279.59
IN-2024-101281,2024-12-05,2024-12-11,Standard Class,CU-1313,Diya Verma,Consumer,India,Patna,Bihar,East,OFF-PA-1002,Office Supplies,Paper,Premium Photo Paper,3808.61,3,0,1745.49
IN-2024-101364,2024-12-05,2024-12-10,Standard Class,CU-1024,Divya Rao,Home Office,India,Nagpur,Maharashtra,West,TEC-AC-1004,Technology,Accessories,Noise Cancelling Headset,6558.6,1,0.15,992.67
IN-2024-100201,2024-12-07,2024-12-07,Same Day,CU-1363,Varun Reddy,Consumer,India,Ludhiana,Punjab,North,FUR-TA-1003,Furniture,Tables,Folding Training Table,16834.22,3,0.15,-1905.7
IN-2024-100201,2024-12-07,2024-12-07,Same Day,CU-1363,Varun Reddy,Consumer,India,Ludhiana,Punjab,North,TEC-MA-1002,Technology,Machines,Barcode Label Printer,77051.35,5,0,1509.59
IN-2024-100201,2024-12-07,2024-12-07,Same Day,CU-1363,Varun Reddy,Consumer,India,Ludhiana,Punjab,North,OFF-PA-1002,Office Supplies,Paper,Premium Photo Paper,6253.62,6,0.2,1207.16
IN-2024-100201,2024-12-07,2024-12-07,Same Day,CU-1363,Varun Reddy,Consumer,India,Ludhiana,Punjab,North,TEC-AC-1004,Technology,Accessories,Noise Cancelling Headset,27398.6,4,0.1,6072.45
IN-2024-100762,2024-12-07,2024-12-10,Second Class,CU-1020,Pooja Sharma,Corporate,India,Kochi,Kerala,South,OFF-ST-1004,Office Supplies,Storage,Wall Mount Shelf Box,7436.91,4,0.1,76.54
IN-2024-100762,2024-12-07,2024-12-10,Second Class,CU-1020,Pooja Sharma,Corporate,India,Kochi,Kerala,South,FUR-TA-1004,Furniture,Tables,Reception Counter,84210.87,4,0.3,-21374.37
IN-2024-100762,2024-12-07,2024-12-10,Second Class,CU-1020,Pooja Sharma,Corporate,India,Kochi,Kerala,South,TEC-AC-1002,Technology,Accessories,Mechanical Keyboard,13722.23,4,0.05,3751.4
IN-2024-100417,2024-12-09,2024-12-12,First Class,CU-1310,Swati Sharma,Consumer,India,Lucknow,Uttar Pradesh,North,TEC-PH-1004,Technology,Phones,Conference Speakerphone,9034.35,1,0.05,549.33
IN-2024-100417,2024-12-09,2024-12-12,First Class,CU-1310,Swati Sharma,Consumer,India,Lucknow,Uttar Pradesh,North,OFF-BI-1004,Office Supplies,Binders,Plastic Folder Set,754.95,2,0.15,81.11
IN-2024-100144,2024-12-10,2024-12-15,Standard Class,CU-1110,Yash Menon,Home Office,India,Hyderabad,Telangana,South,FUR-CH-1002,Furniture,Chairs,Executive Leather Chair,91557.95,5,0.05,6340.0
IN-2024-100144,2024-12-10,2024-12-15,Standard Class,CU-1110,Yash Menon,Home Office,India,Hyderabad,Telangana,South,OFF-PA-1003,Office Supplies,Paper,Sticky Notes Bulk Pack,1611.84,3,0,576.09
IN-2024-100144,2024-12-10,2024-12-15,Standard Class,CU-1110,Yash Menon,Home Office,India,Hyderabad,Telangana,South,OFF-BI-1001,Office Supplies,Binders,Ring Binder A4 (Pack of 10),3017.23,5,0,922.5
IN-2024-101062,2024-12-10,2024-12-14,Second Class,CU-1015,Tanvi Shah,Consumer,India,Raipur,Chhattisgarh,Central,OFF-BI-1002,Office Supplies,Binders,Heavy Duty Lever Arch File,1382.15,4,0,346.48
IN-2024-101269,2024-12-10,2024-12-14,Standard Class,CU-1197,Aditya Pillai,Consumer,India,Panaji,Goa,West,TEC-MA-1004,Technology,Machines,Paper Shredder 20-Sheet,10720.37,1,0.05,-65.53
IN-2024-101269,2024-12-10,2024-12-14,Standard Class,CU-1197,Aditya Pillai,Consumer,India,Panaji,Goa,West,OFF-BI-1004,Office Supplies,Binders,Plastic Folder Set,659.77,2,0.3,45.58
IN-2024-100005,2024-12-11,2024-12-15,Second Class,CU-1201,Karan Kulkarni,Consumer,India,Lucknow,Uttar Pradesh,North,OFF-BI-1003,Office Supplies,Binders,Binding Machine Combs,4022.36,5,0,1364.11
IN-2024-100005,2024-12-11,2024-12-15,Second Class,CU-1201,Karan Kulkarni,Consumer,India,Lucknow,Uttar Pradesh,North,OFF-AR-1003,Office Supplies,Art,Highlighter Pack,528.95,2,0,131.49
IN-2024-100279,2024-12-11,2024-12-11,Same Day,CU-1109,Kavya Pillai,Consumer,India,New Delhi,Delhi,North,TEC-PH-1003,Technology,Phones,IP Desk Phone,12702.31,2,0,2081.39
IN-2024-100279,2024-12-11,2024-12-11,Same Day,CU-1109,Kavya Pillai,Consumer,India,New Delhi,Delhi,North,OFF-PA-1004,Office Supplies,Paper,Thermal Roll Pack,2138.15,3,0,909.31
IN-2024-100279,2024-12-11,2024-12-11,Same Day,CU-1109,Kavya Pillai,Consumer,India,New Delhi,Delhi,North,TEC-AC-1002,Technology,Accessories,Mechanical Keyboard,3478.66,1,0,1263.37
IN-2024-100357,2024-12-11,2024-12-11,Same Day,CU-1035,Manish Shah,Corporate,India,Raipur,Chhattisgarh,Central,OFF-ST-1003,Office Supplies,Storage,Desk Organizer,2272.0,3,0.15,-39.61
IN-2024-100955,2024-12-11,2024-12-13,First Class,CU-1409,Aarav Sharma,Corporate,India,Jaipur,Rajasthan,North,TEC-MA-1002,Technology,Machines,Barcode Label Printer,31727.01,2,0,955.15
IN-2024-100955,2024-12-11,2024-12-13,First Class,CU-1409,Aarav Sharma,Corporate,India,Jaipur,Rajasthan,North,OFF-BI-1002,Office Supplies,Binders,Heavy Duty Lever Arch File,283.61,1,0.2,30.85
IN-2024-100955,2024-12-11,2024-12-13,First Class,CU-1409,Aarav Sharma,Corporate,India,Jaipur,Rajasthan,North,OFF-PA-1001,Office Supplies,Paper,A4 Copier Paper 500 Sheets,749.68,2,0,256.1
IN-2024-100295,2024-12-12,2024-12-18,Standard Class,CU-1363,Varun Reddy,Consumer,India,Ludhiana,Punjab,North,OFF-PA-1003,Office Supplies,Paper,Sticky Notes Bulk Pack,2162.56,4,0,832.42
IN-2024-100337,2024-12-12,2024-12-16,Standard Class,CU-1069,Arjun Kulkarni,Consumer,India,Hyderabad,Telangana,South,OFF-BI-1002,Office Supplies,Binders,Heavy Duty Lever Arch File,685.71,2,0,259.67
IN-2024-100337,2024-12-12,2024-12-16,Standard Class,CU-1069,Arjun Kulkarni,Consumer,India,Hyderabad,Telangana,South,OFF-PA-1002,Office Supplies,Paper,Premium Photo Paper,3171.93,3,0.15,666.44
IN-2024-100337,2024-12-12,2024-12-16,Standard Class,CU-1069,Arjun Kulkarni,Consumer,India,Hyderabad,Telangana,South,OFF-PA-1003,Office Supplies,Paper,Sticky Notes Bulk Pack,542.06,1,0,214.52
IN-2024-100362,2024-12-12,2024-12-17,Standard Class,CU-1242,Sanjana Chopra,Corporate,India,Mysuru,Karnataka,South,OFF-PA-1003,Office Supplies,Paper,Sticky Notes Bulk Pack,2311.59,4,0,1054.05
IN-2024-100456,2024-12-12,2024-12-16,Second Class,CU-1151,Pooja Menon,Consumer,India,Lucknow,Uttar Pradesh,North,TEC-PH-1003,Technology,Phones,IP Desk Phone,10985.15,2,0.15,274.46
IN-2024-100456,2024-12-12,2024-12-16,Second Class,CU-1151,Pooja Menon,Consumer,India,Lucknow,Uttar Pradesh,North,TEC-AC-1001,Technology,Accessories,Wireless Mouse,3101.73,4,0.15,501.12
IN-2024-101673,2024-12-12,2024-12-12,Same Day,CU-1020,Pooja Sharma,Corporate,India,Kochi,Kerala,South,FUR-BO-1001,Furniture,Bookcases,Wooden Bookcase 5-Shelf,22267.53,2,0,1880.74
IN-2024-101673,2024-12-12,2024-12-12,Same Day,CU-1020,Pooja Sharma,Corporate,India,Kochi,Kerala,South,OFF-AR-1003,Office Supplies,Art,Highlighter Pack,633.88,3,0.15,62.47
IN-2024-101673,2024-12-12,2024-12-12,Same Day,CU-1020,Pooja Sharma,Corporate,India,Kochi,Kerala,South,TEC-CO-1001,Technology,Copiers,Laser Copier Compact,38538.58,1,0.2,6157.66
IN-2024-100943,2024-12-13,2024-12-17,Standard Class,CU-1284,Kavya Rao,Consumer,India,Panaji,Goa,West,OFF-AR-1004,Office Supplies,Art,Artist Sketch Kit,13147.5,8,0.1,2089.4
IN-2024-100943,2024-12-13,2024-12-17,Standard Class,CU-1284,Kavya Rao,Consumer,India,Panaji,Goa,West,TEC-CO-1004,Technology,Copiers,Document Scanner,79668.48,4,0.1,16768.06
IN-2024-100943,2024-12-13,2024-12-17,Standard Class,CU-1284,Kavya Rao,Consumer,India,Panaji,Goa,West,OFF-PA-1002,Office Supplies,Paper,Premium Photo Paper,2542.74,2,0,1201.11
IN-2024-100486,2024-12-14,2024-12-19,Standard Class,CU-1315,Harsh Bose,Home Office,India,Noida,Uttar Pradesh,North,TEC-PH-1002,Technology,Phones,Smartphone Lite 64GB,33531.8,3,0.1,678.85
IN-2024-100486,2024-12-14,2024-12-19,Standard Class,CU-1315,Harsh Bose,Home Office,India,Noida,Uttar Pradesh,North,OFF-BI-1001,Office Supplies,Binders,Ring Binder A4 (Pack of 10),2029.15,4,0.15,306.66
IN-2024-100486,2024-12-14,2024-12-19,Standard Class,CU-1315,Harsh Bose,Home Office,India,Noida,Uttar Pradesh,North,OFF-AR-1001,Office Supplies,Art,Whiteboard Marker Set,585.66,2,0.3,1.55
IN-2024-100519,2024-12-14,2024-12-20,Standard Class,CU-1287,Karan Verma,Consumer,India,Surat,Gujarat,West,TEC-CO-1001,Technology,Copiers,Laser Copier Compact,144757.48,3,0,47681.77
IN-2024-100519,2024-12-14,2024-12-20,Standard Class,CU-1287,Karan Verma,Consumer,India,Surat,Gujarat,West,OFF-PA-1001,Office Supplies,Paper,A4 Copier Paper 500 Sheets,1188.53,3,0,454.95
IN-2024-101350,2024-12-14,2024-12-16,First Class,CU-1021,Divya Gupta,Consumer,India,Panaji,Goa,West,OFF-PA-1003,Office Supplies,Paper,Sticky Notes Bulk Pack,2324.44,4,0,888.78
IN-2024-101350,2024-12-14,2024-12-16,First Class,CU-1021,Divya Gupta,Consumer,India,Panaji,Goa,West,FUR-CH-1001,Furniture,Chairs,Ergonomic Office Chair,21478.14,3,0.15,-1362.77
IN-2024-101350,2024-12-14,2024-12-16,First Class,CU-1021,Divya Gupta,Consumer,India,Panaji,Goa,West,TEC-MA-1004,Technology,Machines,Paper Shredder 20-Sheet,44736.66,4,0,672.36
IN-2024-101440,2024-12-14,2024-12-18,Standard Class,CU-1309,Aman Chopra,Consumer,India,Panaji,Goa,West,FUR-FU-1004,Furniture,Furnishings,Anti-Fatigue Floor Mat,7712.98,4,0,925.7
IN-2024-101440,2024-12-14,2024-12-18,Standard Class,CU-1309,Aman Chopra,Consumer,India,Panaji,Goa,West,OFF-PA-1001,Office Supplies,Paper,A4 Copier Paper 500 Sheets,745.62,2,0,241.3
IN-2024-101440,2024-12-14,2024-12-18,Standard Class,CU-1309,Aman Chopra,Consumer,India,Panaji,Goa,West,FUR-CH-1003,Furniture,Chairs,Mesh Back Task Chair,7019.99,2,0.3,-784.78
IN-2024-101124,2024-12-15,2024-12-21,Standard Class,CU-1327,Divya Nair,Consumer,India,Bhubaneswar,Odisha,East,OFF-PA-1001,Office Supplies,Paper,A4 Copier Paper 500 Sheets,374.09,1,0,130.74
IN-2024-101124,2024-12-15,2024-12-21,Standard Class,CU-1327,Divya Nair,Consumer,India,Bhubaneswar,Odisha,East,OFF-PA-1002,Office Supplies,Paper,Premium Photo Paper,1207.43,1,0,527.56
IN-2024-101124,2024-12-15,2024-12-21,Standard Class,CU-1327,Divya Nair,Consumer,India,Bhubaneswar,Odisha,East,TEC-MA-1001,Technology,Machines,Currency Counting Machine,24383.03,3,0.1,-35.83
IN-2024-101124,2024-12-15,2024-12-21,Standard Class,CU-1327,Divya Nair,Consumer,India,Bhubaneswar,Odisha,East,FUR-BO-1001,Furniture,Bookcases,Wooden Bookcase 5-Shelf,23295.19,2,0,2434.54
IN-2024-101659,2024-12-15,2024-12-22,Standard Class,CU-1076,Varun Singh,Corporate,India,Panaji,Goa,West,OFF-BI-1004,Office Supplies,Binders,Plastic Folder Set,1102.07,3,0.15,190.06
IN-2024-101659,2024-12-15,2024-12-22,Standard Class,CU-1076,Varun Singh,Corporate,India,Panaji,Goa,West,FUR-FU-1001,Furniture,Furnishings,LED Desk Lamp,8455.33,6,0.05,1433.89
IN-2024-101659,2024-12-15,2024-12-22,Standard Class,CU-1076,Varun Singh,Corporate,India,Panaji,Goa,West,TEC-PH-1002,Technology,Phones,Smartphone Lite 64GB,34474.46,3,0.1,3209.5
IN-2024-101659,2024-12-15,2024-12-22,Standard Class,CU-1076,Varun Singh,Corporate,India,Panaji,Goa,West,FUR-FU-1004,Furniture,Furnishings,Anti-Fatigue Floor Mat,5283.3,4,0.3,-482.21
IN-2024-100429,2024-12-16,2024-12-22,Standard Class,CU-1228,Pooja Joshi,Consumer,India,Coimbatore,Tamil Nadu,South,OFF-AR-1002,Office Supplies,Art,Premium Pen Set,2581.2,2,0,681.82
IN-2024-100429,2024-12-16,2024-12-22,Standard Class,CU-1228,Pooja Joshi,Consumer,India,Coimbatore,Tamil Nadu,South,OFF-AR-1001,Office Supplies,Art,Whiteboard Marker Set,1260.42,3,0,422.82
IN-2024-100429,2024-12-16,2024-12-22,Standard Class,CU-1228,Pooja Joshi,Consumer,India,Coimbatore,Tamil Nadu,South,OFF-AR-1002,Office Supplies,Art,Premium Pen Set,4824.89,5,0.3,-23.35
IN-2024-101494,2024-12-16,2024-12-18,First Class,CU-1402,Diya Nair,Consumer,India,Panaji,Goa,West,OFF-AR-1004,Office Supplies,Art,Artist Sketch Kit,3386.23,2,0.05,710.74
IN-2024-101494,2024-12-16,2024-12-18,First Class,CU-1402,Diya Nair,Consumer,India,Panaji,Goa,West,OFF-AR-1001,Office Supplies,Art,Whiteboard Marker Set,1801.55,6,0.3,25.48
IN-2024-100479,2024-12-17,2024-12-23,Standard Class,CU-1170,Aditya Kapoor,Home Office,India,Kolkata,West Bengal,East,OFF-PA-1001,Office Supplies,Paper,A4 Copier Paper 500 Sheets,2798.64,8,0.05,784.68
IN-2024-100808,2024-12-17,2024-12-20,Second Class,CU-1321,Rahul Chopra,Consumer,India,Kochi,Kerala,South,TEC-MA-1002,Technology,Machines,Barcode Label Printer,34667.94,3,0.3,-8419.99
IN-2024-100808,2024-12-17,2024-12-20,Second Class,CU-1321,Rahul Chopra,Consumer,India,Kochi,Kerala,South,OFF-PA-1003,Office Supplies,Paper,Sticky Notes Bulk Pack,2279.99,6,0.3,239.12
IN-2024-100813,2024-12-17,2024-12-21,Standard Class,CU-1396,Sanjana Mehta,Home Office,India,Bengaluru,Karnataka,South,FUR-BO-1001,Furniture,Bookcases,Wooden Bookcase 5-Shelf,8065.09,1,0.3,-1407.02
IN-2024-100968,2024-12-17,2024-12-21,Standard Class,CU-1078,Priya Verma,Corporate,India,Noida,Uttar Pradesh,North,FUR-BO-1001,Furniture,Bookcases,Wooden Bookcase 5-Shelf,17884.7,2,0.2,-1745.54
IN-2024-100968,2024-12-17,2024-12-21,Standard Class,CU-1078,Priya Verma,Corporate,India,Noida,Uttar Pradesh,North,FUR-BO-1003,Furniture,Bookcases,Corner Display Unit,54518.64,6,0.05,-1095.93
IN-2024-100968,2024-12-17,2024-12-21,Standard Class,CU-1078,Priya Verma,Corporate,India,Noida,Uttar Pradesh,North,TEC-AC-1004,Technology,Accessories,Noise Cancelling Headset,11236.63,2,0.3,1054.31
IN-2024-101612,2024-12-17,2024-12-21,Standard Class,CU-1056,Sneha Shah,Consumer,India,Amritsar,Punjab,North,TEC-CO-1001,Technology,Copiers,Laser Copier Compact,168737.79,4,0.15,25053.55
IN-2024-100007,2024-12-18,2024-12-24,Standard Class,CU-1072,Vihaan Menon,Consumer,India,Kolkata,West Bengal,East,TEC-AC-1001,Technology,Accessories,Wireless Mouse,2680.9,3,0.1,412.23
IN-2024-100193,2024-12-18,2024-12-21,Second Class,CU-1233,Sneha Iyer,Consumer,India,Panaji,Goa,West,OFF-PA-1002,Office Supplies,Paper,Premium Photo Paper,4187.49,4,0.15,972.17
IN-2024-100193,2024-12-18,2024-12-21,Second Class,CU-1233,Sneha Iyer,Consumer,India,Panaji,Goa,West,TEC-MA-1003,Technology,Machines,Laminating Machine,12968.04,2,0,1412.03
IN-2024-100914,2024-12-18,2024-12-23,Standard Class,CU-1358,Manish Desai,Corporate,India,New Delhi,Delhi,North,OFF-BI-1004,Office Supplies,Binders,Plastic Folder Set,1059.65,3,0.2,60.99
IN-2024-100914,2024-12-18,2024-12-23,Standard Class,CU-1358,Manish Desai,Corporate,India,New Delhi,Delhi,North,OFF-PA-1003,Office Supplies,Paper,Sticky Notes Bulk Pack,1650.99,3,0,471.47
IN-2024-100914,2024-12-18,2024-12-23,Standard Class,CU-1358,Manish Desai,Corporate,India,New Delhi,Delhi,North,TEC-PH-1003,Technology,Phones,IP Desk Phone,6270.49,1,0,636.05
IN-2024-100914,2024-12-18,2024-12-23,Standard Class,CU-1358,Manish Desai,Corporate,India,New Delhi,Delhi,North,OFF-AR-1003,Office Supplies,Art,Highlighter Pack,806.9,3,0,230.04
IN-2024-100221,2024-12-19,2024-12-19,Same Day,CU-1214,Diya Kapoor,Consumer,India,Raipur,Chhattisgarh,Central,FUR-CH-1003,Furniture,Chairs,Mesh Back Task Chair,6940.48,2,0.3,-793.92
IN-2024-100221,2024-12-19,2024-12-19,Same Day,CU-1214,Diya Kapoor,Consumer,India,Raipur,Chhattisgarh,Central,OFF-PA-1004,Office Supplies,Paper,Thermal Roll Pack,1433.15,2,0,548.96
IN-2024-100221,2024-12-19,2024-12-19,Same Day,CU-1214,Diya Kapoor,Consumer,India,Raipur,Chhattisgarh,Central,FUR-CH-1001,Furniture,Chairs,Ergonomic Office Chair,32751.22,4,0,5602.34
IN-2024-100221,2024-12-19,2024-12-19,Same Day,CU-1214,Diya Kapoor,Consumer,India,Raipur,Chhattisgarh,Central,OFF-BI-1002,Office Supplies,Binders,Heavy Duty Lever Arch File,970.62,3,0,279.95
IN-2024-101140,2024-12-19,2024-12-22,Second Class,CU-1129,Siddharth Reddy,Corporate,India,Bhubaneswar,Odisha,East,OFF-AR-1004,Office Supplies,Art,Artist Sketch Kit,4132.32,3,0.2,619.62
IN-2024-101140,2024-12-19,2024-12-22,Second Class,CU-1129,Siddharth Reddy,Corporate,India,Bhubaneswar,Odisha,East,FUR-FU-1003,Furniture,Furnishings,Office Curtain Set,4788.4,2,0.15,636.45
IN-2024-101570,2024-12-19,2024-12-24,Standard Class,CU-1130,Priya Verma,Consumer,India,Coimbatore,Tamil Nadu,South,OFF-AR-1002,Office Supplies,Art,Premium Pen Set,1412.53,1,0,365.08
IN-2024-101570,2024-12-19,2024-12-24,Standard Class,CU-1130,Priya Verma,Consumer,India,Coimbatore,Tamil Nadu,South,OFF-AR-1004,Office Supplies,Art,Artist Sketch Kit,4587.42,3,0.1,1113.76
IN-2024-101570,2024-12-19,2024-12-24,Standard Class,CU-1130,Priya Verma,Consumer,India,Coimbatore,Tamil Nadu,South,OFF-PA-1001,Office Supplies,Paper,A4 Copier Paper 500 Sheets,1169.19,3,0,359.59
IN-2024-100104,2024-12-20,2024-12-22,Second Class,CU-1194,Meera Kulkarni,Consumer,India,Raipur,Chhattisgarh,Central,FUR-BO-1001,Furniture,Bookcases,Wooden Bookcase 5-Shelf,8198.42,1,0.3,-1571.18
IN-2024-100848,2024-12-20,2024-12-23,Second Class,CU-1260,Rohan Kulkarni,Consumer,India,Nagpur,Maharashtra,West,OFF-AR-1001,Office Supplies,Art,Whiteboard Marker Set,782.17,2,0.1,102.31
IN-2024-100848,2024-12-20,2024-12-23,Second Class,CU-1260,Rohan Kulkarni,Consumer,India,Nagpur,Maharashtra,West,FUR-TA-1001,Furniture,Tables,Conference Table 8-Seater,37618.04,1,0.1,-5353.57
IN-2024-100848,2024-12-20,2024-12-23,Second Class,CU-1260,Rohan Kulkarni,Consumer,India,Nagpur,Maharashtra,West,OFF-PA-1004,Office Supplies,Paper,Thermal Roll Pack,1468.12,2,0,506.4
IN-2024-100848,2024-12-20,2024-12-23,Second Class,CU-1260,Rohan Kulkarni,Consumer,India,Nagpur,Maharashtra,West,FUR-FU-1001,Furniture,Furnishings,LED Desk Lamp,6130.2,5,0.15,481.39
IN-2024-100990,2024-12-20,2024-12-22,First Class,CU-1261,Shruti Rao,Home Office,India,Hyderabad,Telangana,South,OFF-BI-1003,Office Supplies,Binders,Binding Machine Combs,3064.81,4,0,860.19
IN-2024-101079,2024-12-21,2024-12-23,First Class,CU-1175,Arjun Joshi,Consumer,India,Kochi,Kerala,South,OFF-ST-1003,Office Supplies,Storage,Desk Organizer,2720.59,3,0,414.49
IN-2024-101320,2024-12-21,2024-12-24,Second Class,CU-1357,Karan Verma,Corporate,India,Pune,Maharashtra,West,OFF-BI-1002,Office Supplies,Binders,Heavy Duty Lever Arch File,1664.01,5,0,544.58
IN-2024-100635,2024-12-23,2024-12-26,Second Class,CU-1388,Pooja Shah,Consumer,India,Amritsar,Punjab,North,FUR-FU-1001,Furniture,Furnishings,LED Desk Lamp,4218.9,3,0,917.4
IN-2024-100635,2024-12-23,2024-12-26,Second Class,CU-1388,Pooja Shah,Consumer,India,Amritsar,Punjab,North,FUR-TA-1003,Furniture,Tables,Folding Training Table,17158.79,3,0.15,-2278.39
IN-2024-100687,2024-12-23,2024-12-25,Second Class,CU-1417,Pranav Rao,Home Office,India,Lucknow,Uttar Pradesh,North,OFF-PA-1003,Office Supplies,Paper,Sticky Notes Bulk Pack,1099.11,2,0,401.16
IN-2024-100687,2024-12-23,2024-12-25,Second Class,CU-1417,Pranav Rao,Home Office,India,Lucknow,Uttar Pradesh,North,TEC-AC-1003,Technology,Accessories,USB-C Hub 7-in-1,4859.33,2,0,1509.05
IN-2024-100687,2024-12-23,2024-12-25,Second Class,CU-1417,Pranav Rao,Home Office,India,Lucknow,Uttar Pradesh,North,OFF-ST-1003,Office Supplies,Storage,Desk Organizer,4044.42,5,0.05,395.25
IN-2024-101083,2024-12-24,2024-12-28,Standard Class,CU-1092,Neha Gupta,Corporate,India,New Delhi,Delhi,North,OFF-PA-1001,Office Supplies,Paper,A4 Copier Paper 500 Sheets,806.71,3,0.3,59.8
IN-2024-100494,2024-12-25,2024-12-28,Second Class,CU-1067,Siddharth Sharma,Corporate,India,Hyderabad,Telangana,South,OFF-ST-1003,Office Supplies,Storage,Desk Organizer,2171.36,3,0.15,-10.08
IN-2024-100494,2024-12-25,2024-12-28,Second Class,CU-1067,Siddharth Sharma,Corporate,India,Hyderabad,Telangana,South,FUR-CH-1003,Furniture,Chairs,Mesh Back Task Chair,19960.8,4,0,3858.41
IN-2024-100770,2024-12-25,2024-12-29,Standard Class,CU-1084,Siddharth Singh,Corporate,India,Pune,Maharashtra,West,FUR-FU-1001,Furniture,Furnishings,LED Desk Lamp,3935.83,4,0.3,-617.58
IN-2024-100961,2024-12-25,2024-12-27,Second Class,CU-1354,Pranav Patel,Consumer,India,Panaji,Goa,West,FUR-BO-1002,Furniture,Bookcases,Steel Library Rack,15134.65,1,0,2160.42
IN-2024-100961,2024-12-25,2024-12-27,Second Class,CU-1354,Pranav Patel,Consumer,India,Panaji,Goa,West,TEC-AC-1003,Technology,Accessories,USB-C Hub 7-in-1,3397.49,2,0.3,109.46
IN-2024-100961,2024-12-25,2024-12-27,Second Class,CU-1354,Pranav Patel,Consumer,India,Panaji,Goa,West,FUR-TA-1002,Furniture,Tables,Computer Desk,20492.61,2,0,-525.91
IN-2024-101523,2024-12-25,2024-12-29,Standard Class,CU-1110,Yash Menon,Home Office,India,Hyderabad,Telangana,South,FUR-FU-1002,Furniture,Furnishings,Wall Clock Classic,934.7,1,0.05,78.63
IN-2024-101523,2024-12-25,2024-12-29,Standard Class,CU-1110,Yash Menon,Home Office,India,Hyderabad,Telangana,South,OFF-AR-1004,Office Supplies,Art,Artist Sketch Kit,4737.56,4,0.3,-92.06
IN-2024-100703,2024-12-26,2025-01-02,Standard Class,CU-1090,Ananya Gupta,Consumer,India,Ahmedabad,Gujarat,West,FUR-TA-1003,Furniture,Tables,Folding Training Table,4446.78,1,0.3,-1062.92
IN-2024-101076,2024-12-26,2024-12-27,First Class,CU-1181,Manish Pillai,Home Office,India,Chennai,Tamil Nadu,South,OFF-PA-1003,Office Supplies,Paper,Sticky Notes Bulk Pack,1095.95,2,0,390.15
IN-2024-101076,2024-12-26,2024-12-27,First Class,CU-1181,Manish Pillai,Home Office,India,Chennai,Tamil Nadu,South,OFF-AR-1002,Office Supplies,Art,Premium Pen Set,2685.2,2,0,675.01
IN-2024-101076,2024-12-26,2024-12-27,First Class,CU-1181,Manish Pillai,Home Office,India,Chennai,Tamil Nadu,South,OFF-BI-1002,Office Supplies,Binders,Heavy Duty Lever Arch File,709.01,2,0,208.41
IN-2024-101595,2024-12-26,2024-12-29,First Class,CU-1231,Arjun Das,Consumer,India,Jaipur,Rajasthan,North,TEC-CO-1002,Technology,Copiers,Multifunction Copier Pro,126147.41,2,0.2,23055.58
IN-2024-100210,2024-12-27,2024-12-29,First Class,CU-1313,Diya Verma,Consumer,India,Patna,Bihar,East,OFF-ST-1003,Office Supplies,Storage,Desk Organizer,3422.65,4,0,254.12
IN-2024-100871,2024-12-27,2024-12-29,First Class,CU-1094,Riya Sharma,Home Office,India,Panaji,Goa,West,OFF-ST-1002,Office Supplies,Storage,Plastic Storage Box Set,5069.29,3,0,980.26
IN-2024-101326,2024-12-27,2025-01-02,Standard Class,CU-1091,Siddharth Das,Corporate,India,Chennai,Tamil Nadu,South,TEC-AC-1001,Technology,Accessories,Wireless Mouse,1868.58,2,0,398.16
IN-2024-101326,2024-12-27,2025-01-02,Standard Class,CU-1091,Siddharth Das,Corporate,India,Chennai,Tamil Nadu,South,FUR-FU-1001,Furniture,Furnishings,LED Desk Lamp,2433.18,2,0.15,64.69
IN-2024-100725,2024-12-28,2025-01-02,Standard Class,CU-1161,Yash Reddy,Home Office,India,Panaji,Goa,West,OFF-BI-1002,Office Supplies,Binders,Heavy Duty Lever Arch File,334.85,1,0,97.23
IN-2024-100725,2024-12-28,2025-01-02,Standard Class,CU-1161,Yash Reddy,Home Office,India,Panaji,Goa,West,OFF-BI-1002,Office Supplies,Binders,Heavy Duty Lever Arch File,1210.96,5,0.3,24.68
IN-2024-100725,2024-12-28,2025-01-02,Standard Class,CU-1161,Yash Reddy,Home Office,India,Panaji,Goa,West,OFF-AR-1001,Office Supplies,Art,Whiteboard Marker Set,432.69,1,0,135.48
IN-2024-100725,2024-12-28,2025-01-02,Standard Class,CU-1161,Yash Reddy,Home Office,India,Panaji,Goa,West,OFF-AR-1002,Office Supplies,Art,Premium Pen Set,1240.83,1,0.1,179.21
IN-2025-100358,2025-01-01,2025-01-03,Second Class,CU-1159,Siddharth Menon,Consumer,India,Bhopal,Madhya Pradesh,Central,OFF-PA-1001,Office Supplies,Paper,A4 Copier Paper 500 Sheets,363.28,1,0,120.88
IN-2025-101561,2025-01-01,2025-01-08,Standard Class,CU-1150,Aarav Kapoor,Corporate,India,Kochi,Kerala,South,OFF-PA-1003,Office Supplies,Paper,Sticky Notes Bulk Pack,2350.07,4,0,934.25
IN-2025-101561,2025-01-01,2025-01-08,Standard Class,CU-1150,Aarav Kapoor,Corporate,India,Kochi,Kerala,South,OFF-AR-1001,Office Supplies,Art,Whiteboard Marker Set,879.59,2,0,231.85
IN-2025-100832,2025-01-03,2025-01-07,Standard Class,CU-1314,Riya Verma,Consumer,India,Surat,Gujarat,West,FUR-TA-1002,Furniture,Tables,Computer Desk,30452.04,3,0,-1189.43
IN-2025-100832,2025-01-03,2025-01-07,Standard Class,CU-1314,Riya Verma,Consumer,India,Surat,Gujarat,West,OFF-AR-1004,Office Supplies,Art,Artist Sketch Kit,5938.74,5,0.3,175.78
IN-2025-100213,2025-01-04,2025-01-07,First Class,CU-1314,Riya Verma,Consumer,India,Surat,Gujarat,West,FUR-BO-1004,Furniture,Bookcases,Modular Bookshelf,37074.76,5,0,2441.17
IN-2025-100342,2025-01-05,2025-01-10,Standard Class,CU-1157,Priya Pillai,Consumer,India,Jaipur,Rajasthan,North,FUR-CH-1001,Furniture,Chairs,Ergonomic Office Chair,30109.86,4,0.1,-697.86
IN-2025-100342,2025-01-05,2025-01-10,Standard Class,CU-1157,Priya Pillai,Consumer,India,Jaipur,Rajasthan,North,OFF-BI-1004,Office Supplies,Binders,Plastic Folder Set,1234.75,4,0.3,73.6
IN-2025-100342,2025-01-05,2025-01-10,Standard Class,CU-1157,Priya Pillai,Consumer,India,Jaipur,Rajasthan,North,OFF-ST-1003,Office Supplies,Storage,Desk Organizer,2782.71,3,0,490.31
IN-2025-100342,2025-01-05,2025-01-10,Standard Class,CU-1157,Priya Pillai,Consumer,India,Jaipur,Rajasthan,North,OFF-BI-1002,Office Supplies,Binders,Heavy Duty Lever Arch File,908.63,3,0.15,223.75
IN-2025-100482,2025-01-05,2025-01-11,Standard Class,CU-1403,Riya Pillai,Corporate,India,Panaji,Goa,West,OFF-AR-1001,Office Supplies,Art,Whiteboard Marker Set,1756.22,4,0,447.68
IN-2025-100482,2025-01-05,2025-01-11,Standard Class,CU-1403,Riya Pillai,Corporate,India,Panaji,Goa,West,OFF-AR-1003,Office Supplies,Art,Highlighter Pack,509.12,2,0,121.37
IN-2025-100482,2025-01-05,2025-01-11,Standard Class,CU-1403,Riya Pillai,Corporate,India,Panaji,Goa,West,FUR-CH-1003,Furniture,Chairs,Mesh Back Task Chair,32172.53,6,0,2981.88
IN-2025-101050,2025-01-06,2025-01-10,Second Class,CU-1112,Priya Menon,Home Office,India,Noida,Uttar Pradesh,North,FUR-BO-1001,Furniture,Bookcases,Wooden Bookcase 5-Shelf,33542.86,4,0.3,-8800.39
IN-2025-101050,2025-01-06,2025-01-10,Second Class,CU-1112,Priya Menon,Home Office,India,Noida,Uttar Pradesh,North,TEC-AC-1002,Technology,Accessories,Mechanical Keyboard,2780.19,1,0.2,158.08
IN-2025-101050,2025-01-06,2025-01-10,Second Class,CU-1112,Priya Menon,Home Office,India,Noida,Uttar Pradesh,North,OFF-AR-1004,Office Supplies,Art,Artist Sketch Kit,5025.09,3,0.05,792.61
IN-2025-100666,2025-01-07,2025-01-12,Standard Class,CU-1140,Nikhil Kulkarni,Consumer,India,Patna,Bihar,East,OFF-AR-1002,Office Supplies,Art,Premium Pen Set,4624.46,4,0.15,502.36
IN-2025-100666,2025-01-07,2025-01-12,Standard Class,CU-1140,Nikhil Kulkarni,Consumer,India,Patna,Bihar,East,TEC-PH-1003,Technology,Phones,IP Desk Phone,5562.47,1,0.1,468.87
IN-2025-100666,2025-01-07,2025-01-12,Standard Class,CU-1140,Nikhil Kulkarni,Consumer,India,Patna,Bihar,East,TEC-CO-1003,Technology,Copiers,Mono Laser Printer,25076.53,2,0.3,1364.11
IN-2025-100666,2025-01-07,2025-01-12,Standard Class,CU-1140,Nikhil Kulkarni,Consumer,India,Patna,Bihar,East,TEC-AC-1002,Technology,Accessories,Mechanical Keyboard,10352.61,3,0,3618.52
IN-2025-100876,2025-01-07,2025-01-11,Standard Class,CU-1136,Arjun Pillai,Consumer,India,Amritsar,Punjab,North,OFF-PA-1003,Office Supplies,Paper,Sticky Notes Bulk Pack,1795.34,4,0.2,446.47
IN-2025-100876,2025-01-07,2025-01-11,Standard Class,CU-1136,Arjun Pillai,Consumer,India,Amritsar,Punjab,North,OFF-PA-1003,Office Supplies,Paper,Sticky Notes Bulk Pack,1539.76,3,0.1,412.17
IN-2025-100876,2025-01-07,2025-01-11,Standard Class,CU-1136,Arjun Pillai,Consumer,India,Amritsar,Punjab,North,TEC-AC-1003,Technology,Accessories,USB-C Hub 7-in-1,6275.66,3,0.1,753.14
IN-2025-100938,2025-01-07,2025-01-09,Second Class,CU-1235,Kavya Nair,Consumer,India,Amritsar,Punjab,North,OFF-BI-1004,Office Supplies,Binders,Plastic Folder Set,417.85,1,0.1,85.05
IN-2025-100938,2025-01-07,2025-01-09,Second Class,CU-1235,Kavya Nair,Consumer,India,Amritsar,Punjab,North,OFF-AR-1003,Office Supplies,Art,Highlighter Pack,511.23,2,0,150.9
IN-2025-100938,2025-01-07,2025-01-09,Second Class,CU-1235,Kavya Nair,Consumer,India,Amritsar,Punjab,North,TEC-AC-1004,Technology,Accessories,Noise Cancelling Headset,6943.23,1,0.15,794.73
IN-2025-100910,2025-01-09,2025-01-13,Standard Class,CU-1206,Isha Kapoor,Consumer,India,Kolkata,West Bengal,East,TEC-AC-1001,Technology,Accessories,Wireless Mouse,936.73,1,0,313.0
IN-2025-101587,2025-01-09,2025-01-14,Standard Class,CU-1448,Arjun Joshi,Corporate,India,Patna,Bihar,East,OFF-AR-1001,Office Supplies,Art,Whiteboard Marker Set,413.93,1,0,86.87
IN-2025-101587,2025-01-09,2025-01-14,Standard Class,CU-1448,Arjun Joshi,Corporate,India,Patna,Bihar,East,OFF-PA-1001,Office Supplies,Paper,A4 Copier Paper 500 Sheets,369.73,1,0,152.97
IN-2025-100244,2025-01-10,2025-01-12,Second Class,CU-1401,Aman Joshi,Corporate,India,Kochi,Kerala,South,OFF-ST-1003,Office Supplies,Storage,Desk Organizer,2585.84,3,0,283.43
IN-2025-100363,2025-01-13,2025-01-17,Standard Class,CU-1389,Shruti Menon,Consumer,India,Kochi,Kerala,South,OFF-BI-1002,Office Supplies,Binders,Heavy Duty Lever Arch File,730.18,3,0.3,20.41
IN-2025-100363,2025-01-13,2025-01-17,Standard Class,CU-1389,Shruti Menon,Consumer,India,Kochi,Kerala,South,OFF-PA-1002,Office Supplies,Paper,Premium Photo Paper,1914.39,2,0.2,468.26
IN-2025-100363,2025-01-13,2025-01-17,Standard Class,CU-1389,Shruti Menon,Consumer,India,Kochi,Kerala,South,FUR-BO-1003,Furniture,Bookcases,Corner Display Unit,19165.68,2,0,3057.53
IN-2025-101045,2025-01-13,2025-01-19,Standard Class,CU-1320,Riya Sharma,Consumer,India,Kochi,Kerala,South,OFF-AR-1001,Office Supplies,Art,Whiteboard Marker Set,1221.51,3,0,311.92
IN-2025-101045,2025-01-13,2025-01-19,Standard Class,CU-1320,Riya Sharma,Consumer,India,Kochi,Kerala,South,OFF-PA-1004,Office Supplies,Paper,Thermal Roll Pack,3518.14,5,0,1238.26
IN-2025-101354,2025-01-14,2025-01-20,Standard Class,CU-1251,Sneha Bose,Consumer,India,New Delhi,Delhi,North,FUR-CH-1003,Furniture,Chairs,Mesh Back Task Chair,14181.82,4,0.3,-2721.99
IN-2025-101354,2025-01-14,2025-01-20,Standard Class,CU-1251,Sneha Bose,Consumer,India,New Delhi,Delhi,North,FUR-BO-1002,Furniture,Bookcases,Steel Library Rack,41428.22,3,0,2598.49
IN-2025-101178,2025-01-17,2025-01-24,Standard Class,CU-1065,Ananya Singh,Corporate,India,Kochi,Kerala,South,TEC-PH-1001,Technology,Phones,Smartphone Pro 128GB,71499.62,2,0,9813.92
IN-2025-101178,2025-01-17,2025-01-24,Standard Class,CU-1065,Ananya Singh,Corporate,India,Kochi,Kerala,South,OFF-BI-1004,Office Supplies,Binders,Plastic Folder Set,1479.32,4,0.15,204.62
IN-2025-100389,2025-01-18,2025-01-21,First Class,CU-1251,Sneha Bose,Consumer,India,New Delhi,Delhi,North,TEC-AC-1001,Technology,Accessories,Wireless Mouse,2922.25,3,0,834.26
IN-2025-100426,2025-01-18,2025-01-23,Standard Class,CU-1057,Tanvi Menon,Home Office,India,Kolkata,West Bengal,East,OFF-BI-1003,Office Supplies,Binders,Binding Machine Combs,3819.93,5,0,1157.51
IN-2025-101588,2025-01-18,2025-01-20,First Class,CU-1150,Aarav Kapoor,Corporate,India,Kochi,Kerala,South,TEC-CO-1003,Technology,Copiers,Mono Laser Printer,66593.78,4,0,25747.57
IN-2025-101588,2025-01-18,2025-01-20,First Class,CU-1150,Aarav Kapoor,Corporate,India,Kochi,Kerala,South,OFF-PA-1003,Office Supplies,Paper,Sticky Notes Bulk Pack,2285.24,6,0.3,229.37
IN-2025-100788,2025-01-19,2025-01-19,Same Day,CU-1124,Shruti Pillai,Consumer,India,Hyderabad,Telangana,South,FUR-FU-1004,Furniture,Furnishings,Anti-Fatigue Floor Mat,1341.08,1,0.3,-174.51
IN-2025-100788,2025-01-19,2025-01-19,Same Day,CU-1124,Shruti Pillai,Consumer,India,Hyderabad,Telangana,South,OFF-ST-1002,Office Supplies,Storage,Plastic Storage Box Set,10026.24,6,0,1235.78
IN-2025-100788,2025-01-19,2025-01-19,Same Day,CU-1124,Shruti Pillai,Consumer,India,Hyderabad,Telangana,South,TEC-MA-1001,Technology,Machines,Currency Counting Machine,13054.36,2,0.3,-2878.02
IN-2025-101399,2025-01-19,2025-01-20,First Class,CU-1370,Varun Mehta,Corporate,India,Kochi,Kerala,South,OFF-AR-1001,Office Supplies,Art,Whiteboard Marker Set,1689.34,4,0,404.89
IN-2025-101399,2025-01-19,2025-01-20,First Class,CU-1370,Varun Mehta,Corporate,India,Kochi,Kerala,South,OFF-AR-1003,Office Supplies,Art,Highlighter Pack,214.1,1,0.2,-1.75
IN-2025-101399,2025-01-19,2025-01-20,First Class,CU-1370,Varun Mehta,Corporate,India,Kochi,Kerala,South,TEC-MA-1001,Technology,Machines,Currency Counting Machine,6443.46,1,0.3,-1305.99
IN-2025-101607,2025-01-19,2025-01-24,Standard Class,CU-1366,Shruti Pillai,Home Office,India,Hyderabad,Telangana,South,FUR-BO-1004,Furniture,Bookcases,Modular Bookshelf,6700.47,1,0.1,302.5
IN-2025-101607,2025-01-19,2025-01-24,Standard Class,CU-1366,Shruti Pillai,Home Office,India,Hyderabad,Telangana,South,TEC-CO-1001,Technology,Copiers,Laser Copier Compact,94560.82,2,0,33296.75
IN-2025-101607,2025-01-19,2025-01-24,Standard Class,CU-1366,Shruti Pillai,Home Office,India,Hyderabad,Telangana,South,FUR-CH-1003,Furniture,Chairs,Mesh Back Task Chair,19557.18,4,0.1,845.8
IN-2025-101475,2025-01-23,2025-01-29,Standard Class,CU-1004,Priya Chopra,Consumer,India,Jaipur,Rajasthan,North,OFF-BI-1002,Office Supplies,Binders,Heavy Duty Lever Arch File,654.03,2,0,193.76
IN-2025-101475,2025-01-23,2025-01-29,Standard Class,CU-1004,Priya Chopra,Consumer,India,Jaipur,Rajasthan,North,FUR-TA-1001,Furniture,Tables,Conference Table 8-Seater,75874.35,2,0.05,-8116.07
IN-2025-100246,2025-01-24,2025-01-29,Standard Class,CU-1259,Sneha Rao,Consumer,India,Hyderabad,Telangana,South,OFF-PA-1002,Office Supplies,Paper,Premium Photo Paper,3727.37,3,0,1396.02
IN-2025-100246,2025-01-24,2025-01-29,Standard Class,CU-1259,Sneha Rao,Consumer,India,Hyderabad,Telangana,South,TEC-MA-1001,Technology,Machines,Currency Counting Machine,8867.18,1,0.1,-733.35
IN-2025-100246,2025-01-24,2025-01-29,Standard Class,CU-1259,Sneha Rao,Consumer,India,Hyderabad,Telangana,South,OFF-BI-1004,Office Supplies,Binders,Plastic Folder Set,1559.03,4,0.1,361.8
IN-2025-100265,2025-01-24,2025-01-26,Second Class,CU-1354,Pranav Patel,Consumer,India,Panaji,Goa,West,OFF-AR-1001,Office Supplies,Art,Whiteboard Marker Set,350.19,1,0.15,56.62
IN-2025-100265,2025-01-24,2025-01-26,Second Class,CU-1354,Pranav Patel,Consumer,India,Panaji,Goa,West,TEC-PH-1003,Technology,Phones,IP Desk Phone,6421.74,1,0,964.58
IN-2025-100265,2025-01-24,2025-01-26,Second Class,CU-1354,Pranav Patel,Consumer,India,Panaji,Goa,West,OFF-BI-1004,Office Supplies,Binders,Plastic Folder Set,2393.11,6,0.15,465.32
IN-2025-100734,2025-01-25,2025-02-01,Standard Class,CU-1224,Kavya Menon,Consumer,India,Panaji,Goa,West,OFF-PA-1004,Office Supplies,Paper,Thermal Roll Pack,1152.87,2,0.2,192.6
IN-2025-100734,2025-01-25,2025-02-01,Standard Class,CU-1224,Kavya Menon,Consumer,India,Panaji,Goa,West,FUR-FU-1002,Furniture,Furnishings,Wall Clock Classic,959.59,1,0,218.77
IN-2025-100734,2025-01-25,2025-02-01,Standard Class,CU-1224,Kavya Menon,Consumer,India,Panaji,Goa,West,OFF-AR-1002,Office Supplies,Art,Premium Pen Set,2227.79,2,0.15,242.82
IN-2025-100652,2025-01-27,2025-01-30,Second Class,CU-1379,Divya Sharma,Home Office,India,Ludhiana,Punjab,North,TEC-AC-1001,Technology,Accessories,Wireless Mouse,1978.03,2,0,691.69
IN-2025-100652,2025-01-27,2025-01-30,Second Class,CU-1379,Divya Sharma,Home Office,India,Ludhiana,Punjab,North,TEC-AC-1003,Technology,Accessories,USB-C Hub 7-in-1,9805.47,4,0,3205.11
IN-2025-101388,2025-01-28,2025-02-03,Standard Class,CU-1319,Divya Singh,Consumer,India,Raipur,Chhattisgarh,Central,TEC-AC-1002,Technology,Accessories,Mechanical Keyboard,21328.27,6,0,6778.47
IN-2025-100054,2025-02-01,2025-02-06,Standard Class,CU-1438,Priya Gupta,Consumer,India,Kochi,Kerala,South,TEC-MA-1002,Technology,Machines,Barcode Label Printer,80403.79,5,0,1899.83
IN-2025-100054,2025-02-01,2025-02-06,Standard Class,CU-1438,Priya Gupta,Consumer,India,Kochi,Kerala,South,OFF-BI-1001,Office Supplies,Binders,Ring Binder A4 (Pack of 10),1285.21,2,0,461.75
IN-2025-100113,2025-02-03,2025-02-09,Standard Class,CU-1178,Tanvi Mehta,Corporate,India,Ahmedabad,Gujarat,West,OFF-BI-1001,Office Supplies,Binders,Ring Binder A4 (Pack of 10),1851.59,3,0,549.59
IN-2025-100113,2025-02-03,2025-02-09,Standard Class,CU-1178,Tanvi Mehta,Corporate,India,Ahmedabad,Gujarat,West,FUR-FU-1001,Furniture,Furnishings,LED Desk Lamp,1943.19,2,0.3,-131.76
IN-2025-100113,2025-02-03,2025-02-09,Standard Class,CU-1178,Tanvi Mehta,Corporate,India,Ahmedabad,Gujarat,West,OFF-BI-1002,Office Supplies,Binders,Heavy Duty Lever Arch File,1493.22,6,0.3,122.69
IN-2025-100113,2025-02-03,2025-02-09,Standard Class,CU-1178,Tanvi Mehta,Corporate,India,Ahmedabad,Gujarat,West,OFF-ST-1002,Office Supplies,Storage,Plastic Storage Box Set,4234.08,3,0.15,-281.32
IN-2025-100881,2025-02-04,2025-02-08,Standard Class,CU-1067,Siddharth Sharma,Corporate,India,Hyderabad,Telangana,South,FUR-CH-1004,Furniture,Chairs,Visitor Chair Set,11339.0,3,0,1247.93
IN-2025-100881,2025-02-04,2025-02-08,Standard Class,CU-1067,Siddharth Sharma,Corporate,India,Hyderabad,Telangana,South,TEC-CO-1002,Technology,Copiers,Multifunction Copier Pro,306455.26,4,0,86405.79
IN-2025-100881,2025-02-04,2025-02-08,Standard Class,CU-1067,Siddharth Sharma,Corporate,India,Hyderabad,Telangana,South,OFF-ST-1004,Office Supplies,Storage,Wall Mount Shelf Box,8226.63,4,0,1101.09
IN-2025-101462,2025-02-04,2025-02-11,Standard Class,CU-1405,Rohan Pillai,Consumer,India,Lucknow,Uttar Pradesh,North,OFF-PA-1001,Office Supplies,Paper,A4 Copier Paper 500 Sheets,764.02,2,0,296.67
IN-2025-101271,2025-02-05,2025-02-12,Standard Class,CU-1206,Isha Kapoor,Consumer,India,Kolkata,West Bengal,East,FUR-TA-1004,Furniture,Tables,Reception Counter,57097.1,2,0.1,-5574.84
IN-2025-100418,2025-02-06,2025-02-11,Standard Class,CU-1097,Swati Verma,Home Office,India,Kochi,Kerala,South,TEC-CO-1004,Technology,Copiers,Document Scanner,20351.24,1,0.05,6268.57
IN-2025-100418,2025-02-06,2025-02-11,Standard Class,CU-1097,Swati Verma,Home Office,India,Kochi,Kerala,South,OFF-BI-1004,Office Supplies,Binders,Plastic Folder Set,1301.88,3,0,418.39
IN-2025-101021,2025-02-06,2025-02-10,Standard Class,CU-1390,Riya Joshi,Home Office,India,Nagpur,Maharashtra,West,FUR-BO-1002,Furniture,Bookcases,Steel Library Rack,45067.83,3,0,1999.75
IN-2025-101021,2025-02-06,2025-02-10,Standard Class,CU-1390,Riya Joshi,Home Office,India,Nagpur,Maharashtra,West,OFF-AR-1004,Office Supplies,Art,Artist Sketch Kit,3457.75,2,0.05,653.53
IN-2025-100483,2025-02-09,2025-02-12,First Class,CU-1160,Varun Nair,Consumer,India,Jaipur,Rajasthan,North,OFF-PA-1001,Office Supplies,Paper,A4 Copier Paper 500 Sheets,1934.83,5,0,673.71
IN-2025-100953,2025-02-09,2025-02-14,Standard Class,CU-1181,Manish Pillai,Home Office,India,Chennai,Tamil Nadu,South,OFF-AR-1001,Office Supplies,Art,Whiteboard Marker Set,803.77,2,0,243.34
IN-2025-100953,2025-02-09,2025-02-14,Standard Class,CU-1181,Manish Pillai,Home Office,India,Chennai,Tamil Nadu,South,TEC-AC-1003,Technology,Accessories,USB-C Hub 7-in-1,2146.58,1,0.1,211.13
IN-2025-100953,2025-02-09,2025-02-14,Standard Class,CU-1181,Manish Pillai,Home Office,India,Chennai,Tamil Nadu,South,FUR-FU-1004,Furniture,Furnishings,Anti-Fatigue Floor Mat,9176.63,5,0,1721.4
IN-2025-101224,2025-02-09,2025-02-16,Standard Class,CU-1065,Ananya Singh,Corporate,India,Kochi,Kerala,South,OFF-ST-1002,Office Supplies,Storage,Plastic Storage Box Set,8425.55,7,0.3,-1176.02
IN-2025-101224,2025-02-09,2025-02-16,Standard Class,CU-1065,Ananya Singh,Corporate,India,Kochi,Kerala,South,TEC-MA-1004,Technology,Machines,Paper Shredder 20-Sheet,15102.52,2,0.3,-3343.45
IN-2025-101224,2025-02-09,2025-02-16,Standard Class,CU-1065,Ananya Singh,Corporate,India,Kochi,Kerala,South,FUR-CH-1001,Furniture,Chairs,Ergonomic Office Chair,14911.39,2,0.1,1045.0
IN-2025-101442,2025-02-09,2025-02-15,Standard Class,CU-1393,Aditya Pillai,Corporate,India,Jaipur,Rajasthan,North,OFF-BI-1004,Office Supplies,Binders,Plastic Folder Set,432.46,1,0,138.22
IN-2025-100122,2025-02-11,2025-02-17,Standard Class,CU-1335,Rohan Joshi,Consumer,India,Panaji,Goa,West,OFF-BI-1001,Office Supplies,Binders,Ring Binder A4 (Pack of 10),1835.51,3,0.05,419.55
IN-2025-100164,2025-02-11,2025-02-15,Second Class,CU-1408,Priya Bose,Consumer,India,Nagpur,Maharashtra,West,OFF-AR-1003,Office Supplies,Art,Highlighter Pack,210.79,1,0.2,6.02
IN-2025-101086,2025-02-11,2025-02-15,Standard Class,CU-1378,Pooja Das,Corporate,India,Kolkata,West Bengal,East,OFF-AR-1001,Office Supplies,Art,Whiteboard Marker Set,2170.01,5,0,403.06
IN-2025-101086,2025-02-11,2025-02-15,Standard Class,CU-1378,Pooja Das,Corporate,India,Kolkata,West Bengal,East,OFF-PA-1001,Office Supplies,Paper,A4 Copier Paper 500 Sheets,1007.08,3,0.1,252.66
IN-2025-101086,2025-02-11,2025-02-15,Standard Class,CU-1378,Pooja Das,Corporate,India,Kolkata,West Bengal,East,OFF-PA-1001,Office Supplies,Paper,A4 Copier Paper 500 Sheets,327.96,1,0.1,90.0
IN-2025-101345,2025-02-11,2025-02-15,Standard Class,CU-1211,Rohan Shah,Consumer,India,Hyderabad,Telangana,South,OFF-PA-1001,Office Supplies,Paper,A4 Copier Paper 500 Sheets,926.99,3,0.15,238.47
IN-2025-101345,2025-02-11,2025-02-15,Standard Class,CU-1211,Rohan Shah,Consumer,India,Hyderabad,Telangana,South,OFF-ST-1001,Office Supplies,Storage,Steel Filing Cabinet,44546.55,4,0.1,5.12
IN-2025-101389,2025-02-11,2025-02-15,Standard Class,CU-1244,Sneha Singh,Consumer,India,Bhubaneswar,Odisha,East,TEC-AC-1004,Technology,Accessories,Noise Cancelling Headset,31327.59,4,0,5512.58
IN-2025-100016,2025-02-12,2025-02-13,First Class,CU-1196,Manish Gupta,Consumer,India,New Delhi,Delhi,North,OFF-AR-1004,Office Supplies,Art,Artist Sketch Kit,1674.47,1,0,464.08
IN-2025-100016,2025-02-12,2025-02-13,First Class,CU-1196,Manish Gupta,Consumer,India,New Delhi,Delhi,North,OFF-ST-1002,Office Supplies,Storage,Plastic Storage Box Set,4920.35,3,0,542.73
IN-2025-100016,2025-02-12,2025-02-13,First Class,CU-1196,Manish Gupta,Consumer,India,New Delhi,Delhi,North,FUR-BO-1004,Furniture,Bookcases,Modular Bookshelf,12929.23,2,0.2,-2009.42
IN-2025-100145,2025-02-13,2025-02-18,Standard Class,CU-1376,Pranav Das,Consumer,India,Raipur,Chhattisgarh,Central,OFF-BI-1002,Office Supplies,Binders,Heavy Duty Lever Arch File,561.72,2,0.2,56.5
IN-2025-100471,2025-02-14,2025-02-21,Standard Class,CU-1258,Kavya Chopra,Home Office,India,Ahmedabad,Gujarat,West,OFF-BI-1002,Office Supplies,Binders,Heavy Duty Lever Arch File,587.39,2,0.1,100.67
IN-2025-101605,2025-02-14,2025-02-20,Standard Class,CU-1416,Aditya Shah,Home Office,India,Bengaluru,Karnataka,South,TEC-CO-1004,Technology,Copiers,Document Scanner,22063.0,1,0,7523.92
IN-2025-101605,2025-02-14,2025-02-20,Standard Class,CU-1416,Aditya Shah,Home Office,India,Bengaluru,Karnataka,South,FUR-FU-1003,Furniture,Furnishings,Office Curtain Set,8212.83,3,0,1969.18
IN-2025-101605,2025-02-14,2025-02-20,Standard Class,CU-1416,Aditya Shah,Home Office,India,Bengaluru,Karnataka,South,OFF-AR-1001,Office Supplies,Art,Whiteboard Marker Set,1828.48,5,0.1,215.46
IN-2025-100073,2025-02-16,2025-02-22,Standard Class,CU-1143,Tanvi Shah,Home Office,India,Panaji,Goa,West,FUR-FU-1003,Furniture,Furnishings,Office Curtain Set,7366.41,3,0.15,759.79
IN-2025-100502,2025-02-16,2025-02-22,Standard Class,CU-1221,Divya Chopra,Corporate,India,Surat,Gujarat,West,TEC-PH-1001,Technology,Phones,Smartphone Pro 128GB,164244.9,5,0,26739.26
IN-2025-100502,2025-02-16,2025-02-22,Standard Class,CU-1221,Divya Chopra,Corporate,India,Surat,Gujarat,West,FUR-CH-1004,Furniture,Chairs,Visitor Chair Set,15251.96,4,0,2420.16
IN-2025-100721,2025-02-17,2025-02-17,Same Day,CU-1290,Rohan Iyer,Consumer,India,Jaipur,Rajasthan,North,OFF-ST-1004,Office Supplies,Storage,Wall Mount Shelf Box,3945.42,2,0.1,253.26
IN-2025-100184,2025-02-18,2025-02-21,Second Class,CU-1273,Sneha Bose,Consumer,India,Ludhiana,Punjab,North,OFF-ST-1003,Office Supplies,Storage,Desk Organizer,894.27,1,0,142.04
IN-2025-100184,2025-02-18,2025-02-21,Second Class,CU-1273,Sneha Bose,Consumer,India,Ludhiana,Punjab,North,OFF-BI-1003,Office Supplies,Binders,Binding Machine Combs,2727.4,4,0.15,432.49
IN-2025-100901,2025-02-18,2025-02-20,First Class,CU-1156,Diya Desai,Home Office,India,Lucknow,Uttar Pradesh,North,FUR-FU-1001,Furniture,Furnishings,LED Desk Lamp,1307.86,1,0.1,140.86
IN-2025-100901,2025-02-18,2025-02-20,First Class,CU-1156,Diya Desai,Home Office,India,Lucknow,Uttar Pradesh,North,TEC-MA-1003,Technology,Machines,Laminating Machine,42572.97,7,0.1,-2939.85
IN-2025-101474,2025-02-18,2025-02-24,Standard Class,CU-1149,Pooja Nair,Home Office,India,Amritsar,Punjab,North,OFF-BI-1002,Office Supplies,Binders,Heavy Duty Lever Arch File,2183.06,7,0.05,631.95
IN-2025-100539,2025-02-19,2025-02-20,First Class,CU-1426,Divya Kapoor,Consumer,India,Jaipur,Rajasthan,North,OFF-BI-1002,Office Supplies,Binders,Heavy Duty Lever Arch File,487.59,2,0.3,-9.71
IN-2025-100539,2025-02-19,2025-02-20,First Class,CU-1426,Divya Kapoor,Consumer,India,Jaipur,Rajasthan,North,OFF-BI-1002,Office Supplies,Binders,Heavy Duty Lever Arch File,663.97,2,0,182.5
IN-2025-100709,2025-02-21,2025-02-23,Second Class,CU-1428,Isha Bose,Consumer,India,Amritsar,Punjab,North,OFF-AR-1004,Office Supplies,Art,Artist Sketch Kit,5046.97,4,0.3,115.9
IN-2025-100709,2025-02-21,2025-02-23,Second Class,CU-1428,Isha Bose,Consumer,India,Amritsar,Punjab,North,OFF-PA-1003,Office Supplies,Paper,Sticky Notes Bulk Pack,3109.59,6,0.05,848.65
IN-2025-101342,2025-02-22,2025-02-26,Standard Class,CU-1070,Arjun Kapoor,Consumer,India,Raipur,Chhattisgarh,Central,OFF-PA-1002,Office Supplies,Paper,Premium Photo Paper,6544.16,5,0,2843.64
IN-2025-101554,2025-02-23,2025-02-27,Standard Class,CU-1101,Ananya Iyer,Consumer,India,Bhubaneswar,Odisha,East,TEC-AC-1001,Technology,Accessories,Wireless Mouse,4827.99,5,0,1551.51
IN-2025-101554,2025-02-23,2025-02-27,Standard Class,CU-1101,Ananya Iyer,Consumer,India,Bhubaneswar,Odisha,East,FUR-FU-1003,Furniture,Furnishings,Office Curtain Set,4923.5,2,0.15,168.71
IN-2025-101583,2025-02-23,2025-02-26,First Class,CU-1206,Isha Kapoor,Consumer,India,Kolkata,West Bengal,East,TEC-CO-1002,Technology,Copiers,Multifunction Copier Pro,555208.99,7,0,200333.37
IN-2025-101583,2025-02-23,2025-02-26,First Class,CU-1206,Isha Kapoor,Consumer,India,Kolkata,West Bengal,East,OFF-PA-1002,Office Supplies,Paper,Premium Photo Paper,2897.84,3,0.2,681.82
IN-2025-101583,2025-02-23,2025-02-26,First Class,CU-1206,Isha Kapoor,Consumer,India,Kolkata,West Bengal,East,TEC-PH-1004,Technology,Phones,Conference Speakerphone,28771.92,3,0.05,2419.94
IN-2025-101583,2025-02-23,2025-02-26,First Class,CU-1206,Isha Kapoor,Consumer,India,Kolkata,West Bengal,East,TEC-PH-1003,Technology,Phones,IP Desk Phone,15294.09,3,0.15,667.41
IN-2025-100857,2025-02-26,2025-03-04,Standard Class,CU-1024,Divya Rao,Home Office,India,Nagpur,Maharashtra,West,OFF-ST-1004,Office Supplies,Storage,Wall Mount Shelf Box,14989.78,7,0,1619.72
IN-2025-101416,2025-02-26,2025-03-05,Standard Class,CU-1354,Pranav Patel,Consumer,India,Panaji,Goa,West,OFF-PA-1003,Office Supplies,Paper,Sticky Notes Bulk Pack,1137.72,2,0,321.76
IN-2025-101416,2025-02-26,2025-03-05,Standard Class,CU-1354,Pranav Patel,Consumer,India,Panaji,Goa,West,OFF-PA-1001,Office Supplies,Paper,A4 Copier Paper 500 Sheets,266.69,1,0.3,22.21
IN-2025-101416,2025-02-26,2025-03-05,Standard Class,CU-1354,Pranav Patel,Consumer,India,Panaji,Goa,West,OFF-AR-1001,Office Supplies,Art,Whiteboard Marker Set,859.21,2,0,176.08
IN-2025-100010,2025-02-28,2025-02-28,Same Day,CU-1108,Shruti Desai,Home Office,India,Ludhiana,Punjab,North,OFF-ST-1003,Office Supplies,Storage,Desk Organizer,1462.46,2,0.15,3.58
IN-2025-100010,2025-02-28,2025-02-28,Same Day,CU-1108,Shruti Desai,Home Office,India,Ludhiana,Punjab,North,FUR-FU-1002,Furniture,Furnishings,Wall Clock Classic,857.76,1,0.1,112.27
IN-2025-100010,2025-02-28,2025-02-28,Same Day,CU-1108,Shruti Desai,Home Office,India,Ludhiana,Punjab,North,OFF-ST-1003,Office Supplies,Storage,Desk Organizer,827.69,1,0.05,54.96
IN-2025-100310,2025-03-01,2025-03-06,Standard Class,CU-1126,Aman Desai,Consumer,India,New Delhi,Delhi,North,TEC-AC-1001,Technology,Accessories,Wireless Mouse,2937.47,3,0,699.86
IN-2025-100310,2025-03-01,2025-03-06,Standard Class,CU-1126,Aman Desai,Consumer,India,New Delhi,Delhi,North,FUR-CH-1004,Furniture,Chairs,Visitor Chair Set,18695.92,5,0,1771.91
IN-2025-100310,2025-03-01,2025-03-06,Standard Class,CU-1126,Aman Desai,Consumer,India,New Delhi,Delhi,North,FUR-FU-1001,Furniture,Furnishings,LED Desk Lamp,996.46,1,0.3,-70.64
IN-2025-101166,2025-03-02,2025-03-06,Standard Class,CU-1191,Tanvi Reddy,Home Office,India,Amritsar,Punjab,North,TEC-CO-1004,Technology,Copiers,Document Scanner,113846.59,5,0,37658.96
IN-2025-101166,2025-03-02,2025-03-06,Standard Class,CU-1191,Tanvi Reddy,Home Office,India,Amritsar,Punjab,North,TEC-CO-1001,Technology,Copiers,Laser Copier Compact,151301.85,3,0,58878.69
IN-2025-101166,2025-03-02,2025-03-06,Standard Class,CU-1191,Tanvi Reddy,Home Office,India,Amritsar,Punjab,North,OFF-BI-1003,Office Supplies,Binders,Binding Machine Combs,754.52,1,0,248.16
IN-2025-101574,2025-03-02,2025-03-08,Standard Class,CU-1419,Karan Gupta,Consumer,India,Lucknow,Uttar Pradesh,North,TEC-AC-1003,Technology,Accessories,USB-C Hub 7-in-1,8430.88,4,0.15,1224.5
IN-2025-101574,2025-03-02,2025-03-08,Standard Class,CU-1419,Karan Gupta,Consumer,India,Lucknow,Uttar Pradesh,North,TEC-MA-1001,Technology,Machines,Currency Counting Machine,23506.6,3,0.15,-1810.89
IN-2025-100978,2025-03-03,2025-03-07,Standard Class,CU-1209,Priya Joshi,Consumer,India,Amritsar,Punjab,North,FUR-FU-1002,Furniture,Furnishings,Wall Clock Classic,2805.66,3,0,529.15
IN-2025-101119,2025-03-04,2025-03-08,Standard Class,CU-1012,Pooja Joshi,Consumer,India,New Delhi,Delhi,North,TEC-AC-1001,Technology,Accessories,Wireless Mouse,980.44,1,0,235.07
IN-2025-101119,2025-03-04,2025-03-08,Standard Class,CU-1012,Pooja Joshi,Consumer,India,New Delhi,Delhi,North,FUR-BO-1003,Furniture,Bookcases,Corner Display Unit,15076.47,2,0.2,-2154.33
IN-2025-100453,2025-03-05,2025-03-10,Standard Class,CU-1048,Nikhil Iyer,Consumer,India,Indore,Madhya Pradesh,Central,TEC-AC-1001,Technology,Accessories,Wireless Mouse,5637.76,6,0,1474.75
IN-2025-100648,2025-03-05,2025-03-07,First Class,CU-1016,Ananya Nair,Consumer,India,Raipur,Chhattisgarh,Central,TEC-CO-1003,Technology,Copiers,Mono Laser Printer,90188.04,5,0,27103.42
IN-2025-100648,2025-03-05,2025-03-07,First Class,CU-1016,Ananya Nair,Consumer,India,Raipur,Chhattisgarh,Central,OFF-BI-1002,Office Supplies,Binders,Heavy Duty Lever Arch File,623.2,2,0.1,118.14
IN-2025-101198,2025-03-05,2025-03-10,Standard Class,CU-1216,Arjun Kulkarni,Corporate,India,Panaji,Goa,West,TEC-AC-1002,Technology,Accessories,Mechanical Keyboard,21086.56,6,0.05,3653.84
IN-2025-101118,2025-03-06,2025-03-13,Standard Class,CU-1352,Pooja Patel,Home Office,India,Panaji,Goa,West,FUR-BO-1004,Furniture,Bookcases,Modular Bookshelf,6670.05,1,0.1,-3.86
IN-2025-101118,2025-03-06,2025-03-13,Standard Class,CU-1352,Pooja Patel,Home Office,India,Panaji,Goa,West,FUR-FU-1002,Furniture,Furnishings,Wall Clock Classic,904.46,1,0,147.33
IN-2025-101118,2025-03-06,2025-03-13,Standard Class,CU-1352,Pooja Patel,Home Office,India,Panaji,Goa,West,TEC-PH-1002,Technology,Phones,Smartphone Lite 64GB,43655.77,4,0.15,581.32
IN-2025-101118,2025-03-06,2025-03-13,Standard Class,CU-1352,Pooja Patel,Home Office,India,Panaji,Goa,West,OFF-ST-1003,Office Supplies,Storage,Desk Organizer,2674.31,3,0,153.82
IN-2025-100061,2025-03-07,2025-03-14,Standard Class,CU-1074,Harsh Desai,Consumer,India,Raipur,Chhattisgarh,Central,OFF-AR-1003,Office Supplies,Art,Highlighter Pack,818.07,4,0.2,93.72
IN-2025-100110,2025-03-07,2025-03-13,Standard Class,CU-1411,Manish Singh,Consumer,India,Patna,Bihar,East,OFF-AR-1002,Office Supplies,Art,Premium Pen Set,5340.12,4,0,1134.86
IN-2025-100110,2025-03-07,2025-03-13,Standard Class,CU-1411,Manish Singh,Consumer,India,Patna,Bihar,East,TEC-PH-1004,Technology,Phones,Conference Speakerphone,15973.84,2,0.15,-470.62
IN-2025-101307,2025-03-07,2025-03-14,Standard Class,CU-1236,Nikhil Nair,Corporate,India,Mumbai,Maharashtra,West,OFF-AR-1003,Office Supplies,Art,Highlighter Pack,1756.6,8,0.15,164.66
IN-2025-100347,2025-03-08,2025-03-15,Standard Class,CU-1235,Kavya Nair,Consumer,India,Amritsar,Punjab,North,OFF-AR-1001,Office Supplies,Art,Whiteboard Marker Set,1246.59,3,0,358.9
IN-2025-100720,2025-03-08,2025-03-09,First Class,CU-1097,Swati Verma,Home Office,India,Kochi,Kerala,South,OFF-PA-1003,Office Supplies,Paper,Sticky Notes Bulk Pack,553.72,1,0,208.9
IN-2025-100720,2025-03-08,2025-03-09,First Class,CU-1097,Swati Verma,Home Office,India,Kochi,Kerala,South,OFF-ST-1004,Office Supplies,Storage,Wall Mount Shelf Box,6077.05,3,0,931.98
IN-2025-101664,2025-03-08,2025-03-13,Standard Class,CU-1382,Rahul Iyer,Consumer,India,New Delhi,Delhi,North,FUR-FU-1003,Furniture,Furnishings,Office Curtain Set,11390.03,4,0,1895.68
IN-2025-101664,2025-03-08,2025-03-13,Standard Class,CU-1382,Rahul Iyer,Consumer,India,New Delhi,Delhi,North,OFF-AR-1001,Office Supplies,Art,Whiteboard Marker Set,330.32,1,0.2,1.74
IN-2025-101162,2025-03-09,2025-03-14,Standard Class,CU-1437,Diya Sharma,Home Office,India,Mumbai,Maharashtra,West,TEC-PH-1003,Technology,Phones,IP Desk Phone,6056.4,1,0.05,531.92
IN-2025-100236,2025-03-10,2025-03-10,Same Day,CU-1064,Aarav Singh,Corporate,India,Bhopal,Madhya Pradesh,Central,TEC-AC-1003,Technology,Accessories,USB-C Hub 7-in-1,3996.21,2,0.2,336.08
IN-2025-100236,2025-03-10,2025-03-10,Same Day,CU-1064,Aarav Singh,Corporate,India,Bhopal,Madhya Pradesh,Central,OFF-AR-1004,Office Supplies,Art,Artist Sketch Kit,3534.61,2,0,892.19
IN-2025-101371,2025-03-10,2025-03-10,Same Day,CU-1101,Ananya Iyer,Consumer,India,Bhubaneswar,Odisha,East,OFF-AR-1002,Office Supplies,Art,Premium Pen Set,1372.96,1,0,414.24
IN-2025-101371,2025-03-10,2025-03-10,Same Day,CU-1101,Ananya Iyer,Consumer,India,Bhubaneswar,Odisha,East,OFF-PA-1001,Office Supplies,Paper,A4 Copier Paper 500 Sheets,748.19,2,0,279.18
IN-2025-101401,2025-03-10,2025-03-13,Second Class,CU-1111,Shruti Nair,Consumer,India,Surat,Gujarat,West,TEC-MA-1002,Technology,Machines,Barcode Label Printer,26161.68,2,0.2,-3229.1
IN-2025-101401,2025-03-10,2025-03-13,Second Class,CU-1111,Shruti Nair,Consumer,India,Surat,Gujarat,West,OFF-AR-1002,Office Supplies,Art,Premium Pen Set,2072.29,2,0.2,26.42
IN-2025-101401,2025-03-10,2025-03-13,Second Class,CU-1111,Shruti Nair,Consumer,India,Surat,Gujarat,West,OFF-AR-1003,Office Supplies,Art,Highlighter Pack,529.25,2,0,104.58
IN-2025-101658,2025-03-11,2025-03-18,Standard Class,CU-1240,Vihaan Patel,Consumer,India,Surat,Gujarat,West,OFF-AR-1003,Office Supplies,Art,Highlighter Pack,1838.5,7,0,424.11
IN-2025-101658,2025-03-11,2025-03-18,Standard Class,CU-1240,Vihaan Patel,Consumer,India,Surat,Gujarat,West,OFF-ST-1002,Office Supplies,Storage,Plastic Storage Box Set,6642.45,4,0,1035.5
IN-2025-101658,2025-03-11,2025-03-18,Standard Class,CU-1240,Vihaan Patel,Consumer,India,Surat,Gujarat,West,OFF-AR-1001,Office Supplies,Art,Whiteboard Marker Set,328.25,1,0.2,30.38
IN-2025-100319,2025-03-12,2025-03-14,First Class,CU-1005,Isha Kulkarni,Consumer,India,Kolkata,West Bengal,East,FUR-CH-1002,Furniture,Chairs,Executive Leather Chair,32272.73,2,0.1,-1030.9
IN-2025-100410,2025-03-12,2025-03-15,Second Class,CU-1381,Sanjana Reddy,Consumer,India,Hyderabad,Telangana,South,OFF-PA-1004,Office Supplies,Paper,Thermal Roll Pack,1328.33,2,0.05,362.17
IN-2025-100410,2025-03-12,2025-03-15,Second Class,CU-1381,Sanjana Reddy,Consumer,India,Hyderabad,Telangana,South,FUR-BO-1003,Furniture,Bookcases,Corner Display Unit,35111.02,4,0,4762.25
IN-2025-100410,2025-03-12,2025-03-15,Second Class,CU-1381,Sanjana Reddy,Consumer,India,Hyderabad,Telangana,South,TEC-MA-1002,Technology,Machines,Barcode Label Printer,76574.13,5,0,2513.06
IN-2025-100970,2025-03-12,2025-03-17,Standard Class,CU-1040,Vihaan Pillai,Home Office,India,Panaji,Goa,West,TEC-MA-1003,Technology,Machines,Laminating Machine,32303.73,5,0,1084.71
IN-2025-101004,2025-03-12,2025-03-19,Standard Class,CU-1094,Riya Sharma,Home Office,India,Panaji,Goa,West,OFF-ST-1004,Office Supplies,Storage,Wall Mount Shelf Box,16584.27,8,0,1121.81
IN-2025-101004,2025-03-12,2025-03-19,Standard Class,CU-1094,Riya Sharma,Home Office,India,Panaji,Goa,West,FUR-CH-1004,Furniture,Chairs,Visitor Chair Set,6301.61,2,0.2,-361.42
IN-2025-101004,2025-03-12,2025-03-19,Standard Class,CU-1094,Riya Sharma,Home Office,India,Panaji,Goa,West,FUR-BO-1001,Furniture,Bookcases,Wooden Bookcase 5-Shelf,9954.54,1,0.15,234.68
IN-2025-101114,2025-03-14,2025-03-21,Standard Class,CU-1388,Pooja Shah,Consumer,India,Amritsar,Punjab,North,OFF-AR-1003,Office Supplies,Art,Highlighter Pack,862.37,4,0.15,50.49
IN-2025-101114,2025-03-14,2025-03-21,Standard Class,CU-1388,Pooja Shah,Consumer,India,Amritsar,Punjab,North,TEC-AC-1004,Technology,Accessories,Noise Cancelling Headset,12765.27,2,0.15,1411.84
IN-2025-101116,2025-03-14,2025-03-18,Standard Class,CU-1207,Meera Kapoor,Corporate,India,Panaji,Goa,West,OFF-AR-1003,Office Supplies,Art,Highlighter Pack,771.66,3,0,242.65
IN-2025-101116,2025-03-14,2025-03-18,Standard Class,CU-1207,Meera Kapoor,Corporate,India,Panaji,Goa,West,TEC-AC-1001,Technology,Accessories,Wireless Mouse,3715.87,4,0,953.96
IN-2025-101250,2025-03-14,2025-03-16,First Class,CU-1009,Shruti Iyer,Consumer,India,Lucknow,Uttar Pradesh,North,OFF-BI-1003,Office Supplies,Binders,Binding Machine Combs,5618.23,8,0.1,1394.35
IN-2025-101284,2025-03-14,2025-03-16,First Class,CU-1265,Sanjana Reddy,Home Office,India,Mysuru,Karnataka,South,TEC-AC-1001,Technology,Accessories,Wireless Mouse,1877.95,2,0,548.75
IN-2025-100014,2025-03-15,2025-03-22,Standard Class,CU-1104,Aman Mehta,Consumer,India,Ahmedabad,Gujarat,West,TEC-AC-1004,Technology,Accessories,Noise Cancelling Headset,35786.51,5,0.05,9096.72
IN-2025-100014,2025-03-15,2025-03-22,Standard Class,CU-1104,Aman Mehta,Consumer,India,Ahmedabad,Gujarat,West,OFF-AR-1001,Office Supplies,Art,Whiteboard Marker Set,384.22,1,0.1,60.27
IN-2025-100014,2025-03-15,2025-03-22,Standard Class,CU-1104,Aman Mehta,Consumer,India,Ahmedabad,Gujarat,West,OFF-AR-1001,Office Supplies,Art,Whiteboard Marker Set,408.02,1,0.05,88.29
IN-2025-100014,2025-03-15,2025-03-22,Standard Class,CU-1104,Aman Mehta,Consumer,India,Ahmedabad,Gujarat,West,FUR-TA-1003,Furniture,Tables,Folding Training Table,6484.92,1,0,-404.26
IN-2025-100031,2025-03-15,2025-03-22,Standard Class,CU-1421,Aman Das,Corporate,India,Panaji,Goa,West,OFF-PA-1003,Office Supplies,Paper,Sticky Notes Bulk Pack,920.85,2,0.15,264.62
IN-2025-100031,2025-03-15,2025-03-22,Standard Class,CU-1421,Aman Das,Corporate,India,Panaji,Goa,West,FUR-FU-1003,Furniture,Furnishings,Office Curtain Set,2645.64,1,0.05,496.93
IN-2025-100169,2025-03-15,2025-03-18,Second Class,CU-1019,Manish Menon,Corporate,India,Kolkata,West Bengal,East,OFF-BI-1002,Office Supplies,Binders,Heavy Duty Lever Arch File,596.51,2,0.15,68.49
IN-2025-100916,2025-03-17,2025-03-23,Standard Class,CU-1191,Tanvi Reddy,Home Office,India,Amritsar,Punjab,North,OFF-BI-1004,Office Supplies,Binders,Plastic Folder Set,454.24,1,0,153.45
IN-2025-100916,2025-03-17,2025-03-23,Standard Class,CU-1191,Tanvi Reddy,Home Office,India,Amritsar,Punjab,North,OFF-AR-1001,Office Supplies,Art,Whiteboard Marker Set,823.09,2,0,238.58
IN-2025-100081,2025-03-18,2025-03-21,Second Class,CU-1364,Shruti Reddy,Corporate,India,Panaji,Goa,West,OFF-BI-1003,Office Supplies,Binders,Binding Machine Combs,1349.1,2,0.15,285.5
IN-2025-100723,2025-03-20,2025-03-20,Same Day,CU-1331,Sneha Rao,Corporate,India,Noida,Uttar Pradesh,North,OFF-ST-1004,Office Supplies,Storage,Wall Mount Shelf Box,1438.78,1,0.3,-287.48
IN-2025-100723,2025-03-20,2025-03-20,Same Day,CU-1331,Sneha Rao,Corporate,India,Noida,Uttar Pradesh,North,OFF-AR-1004,Office Supplies,Art,Artist Sketch Kit,3471.06,2,0,701.77
IN-2025-100723,2025-03-20,2025-03-20,Same Day,CU-1331,Sneha Rao,Corporate,India,Noida,Uttar Pradesh,North,OFF-AR-1004,Office Supplies,Art,Artist Sketch Kit,6908.66,4,0,1633.17
IN-2025-100814,2025-03-20,2025-03-21,First Class,CU-1345,Kavya Verma,Corporate,India,Panaji,Goa,West,FUR-CH-1003,Furniture,Chairs,Mesh Back Task Chair,16369.28,3,0,1504.39
IN-2025-100814,2025-03-20,2025-03-21,First Class,CU-1345,Kavya Verma,Corporate,India,Panaji,Goa,West,OFF-BI-1001,Office Supplies,Binders,Ring Binder A4 (Pack of 10),601.95,1,0,182.71
IN-2025-101529,2025-03-20,2025-03-23,Second Class,CU-1132,Tanvi Mehta,Consumer,India,Indore,Madhya Pradesh,Central,OFF-BI-1001,Office Supplies,Binders,Ring Binder A4 (Pack of 10),1068.23,2,0.1,243.71
IN-2025-100606,2025-03-21,2025-03-28,Standard Class,CU-1413,Aditya Bose,Home Office,India,Bhubaneswar,Odisha,East,FUR-CH-1004,Furniture,Chairs,Visitor Chair Set,7879.03,3,0.3,-2133.92
IN-2025-100606,2025-03-21,2025-03-28,Standard Class,CU-1413,Aditya Bose,Home Office,India,Bhubaneswar,Odisha,East,TEC-MA-1001,Technology,Machines,Currency Counting Machine,43527.28,5,0.1,-4045.24
IN-2025-100351,2025-03-22,2025-03-26,Second Class,CU-1140,Nikhil Kulkarni,Consumer,India,Patna,Bihar,East,OFF-BI-1003,Office Supplies,Binders,Binding Machine Combs,810.63,1,0,258.17
IN-2025-100089,2025-03-25,2025-03-29,Standard Class,CU-1321,Rahul Chopra,Consumer,India,Kochi,Kerala,South,OFF-AR-1001,Office Supplies,Art,Whiteboard Marker Set,1475.93,4,0.15,250.83
IN-2025-100480,2025-03-26,2025-04-01,Standard Class,CU-1148,Nikhil Shah,Corporate,India,Panaji,Goa,West,FUR-CH-1001,Furniture,Chairs,Ergonomic Office Chair,50828.22,6,0,4584.04
IN-2025-100774,2025-03-26,2025-04-01,Standard Class,CU-1126,Aman Desai,Consumer,India,New Delhi,Delhi,North,TEC-PH-1004,Technology,Phones,Conference Speakerphone,18727.63,2,0,2682.98
IN-2025-100053,2025-04-02,2025-04-09,Standard Class,CU-1026,Vihaan Joshi,Home Office,India,Bhubaneswar,Odisha,East,OFF-AR-1002,Office Supplies,Art,Premium Pen Set,1080.55,1,0.2,71.79
IN-2025-100053,2025-04-02,2025-04-09,Standard Class,CU-1026,Vihaan Joshi,Home Office,India,Bhubaneswar,Odisha,East,FUR-CH-1003,Furniture,Chairs,Mesh Back Task Chair,8051.75,2,0.2,-607.63
IN-2025-100053,2025-04-02,2025-04-09,Standard Class,CU-1026,Vihaan Joshi,Home Office,India,Bhubaneswar,Odisha,East,TEC-AC-1002,Technology,Accessories,Mechanical Keyboard,9568.61,3,0.1,1877.32
IN-2025-100133,2025-04-02,2025-04-06,Standard Class,CU-1267,Priya Kapoor,Consumer,India,Coimbatore,Tamil Nadu,South,FUR-FU-1002,Furniture,Furnishings,Wall Clock Classic,1883.74,2,0.05,358.05
IN-2025-100133,2025-04-02,2025-04-06,Standard Class,CU-1267,Priya Kapoor,Consumer,India,Coimbatore,Tamil Nadu,South,OFF-AR-1003,Office Supplies,Art,Highlighter Pack,760.76,3,0,239.04
IN-2025-100585,2025-04-05,2025-04-09,Standard Class,CU-1106,Arjun Chopra,Consumer,India,Amritsar,Punjab,North,OFF-PA-1002,Office Supplies,Paper,Premium Photo Paper,3146.91,3,0.2,771.36
IN-2025-100585,2025-04-05,2025-04-09,Standard Class,CU-1106,Arjun Chopra,Consumer,India,Amritsar,Punjab,North,TEC-PH-1002,Technology,Phones,Smartphone Lite 64GB,64103.66,7,0.3,-5432.57
IN-2025-100977,2025-04-05,2025-04-12,Standard Class,CU-1255,Swati Kapoor,Corporate,India,Chennai,Tamil Nadu,South,TEC-CO-1003,Technology,Copiers,Mono Laser Printer,51154.42,3,0,17273.09
IN-2025-100755,2025-04-06,2025-04-08,First Class,CU-1056,Sneha Shah,Consumer,India,Amritsar,Punjab,North,OFF-BI-1001,Office Supplies,Binders,Ring Binder A4 (Pack of 10),3202.86,5,0,950.78
IN-2025-101168,2025-04-06,2025-04-11,Standard Class,CU-1202,Riya Verma,Corporate,India,New Delhi,Delhi,North,OFF-ST-1003,Office Supplies,Storage,Desk Organizer,593.51,1,0.3,-124.87
IN-2025-101168,2025-04-06,2025-04-11,Standard Class,CU-1202,Riya Verma,Corporate,India,New Delhi,Delhi,North,TEC-MA-1004,Technology,Machines,Paper Shredder 20-Sheet,11571.45,1,0,279.6
IN-2025-101168,2025-04-06,2025-04-11,Standard Class,CU-1202,Riya Verma,Corporate,India,New Delhi,Delhi,North,TEC-PH-1002,Technology,Phones,Smartphone Lite 64GB,49854.33,4,0,6080.92
IN-2025-100658,2025-04-07,2025-04-09,Second Class,CU-1292,Priya Iyer,Corporate,India,Noida,Uttar Pradesh,North,FUR-BO-1004,Furniture,Bookcases,Modular Bookshelf,38612.92,5,0.05,2269.07
IN-2025-101213,2025-04-09,2025-04-14,Standard Class,CU-1167,Priya Singh,Corporate,India,Panaji,Goa,West,OFF-BI-1004,Office Supplies,Binders,Plastic Folder Set,1261.21,3,0.05,290.33
IN-2025-101213,2025-04-09,2025-04-14,Standard Class,CU-1167,Priya Singh,Corporate,India,Panaji,Goa,West,OFF-PA-1004,Office Supplies,Paper,Thermal Roll Pack,2995.2,5,0.2,614.55
IN-2025-101213,2025-04-09,2025-04-14,Standard Class,CU-1167,Priya Singh,Corporate,India,Panaji,Goa,West,OFF-AR-1003,Office Supplies,Art,Highlighter Pack,1019.02,4,0,267.9
IN-2025-100028,2025-04-10,2025-04-14,Standard Class,CU-1047,Yash Joshi,Consumer,India,Nagpur,Maharashtra,West,OFF-AR-1002,Office Supplies,Art,Premium Pen Set,6557.64,5,0,1797.24
IN-2025-100605,2025-04-11,2025-04-18,Standard Class,CU-1186,Varun Joshi,Consumer,India,Bhubaneswar,Odisha,East,OFF-AR-1001,Office Supplies,Art,Whiteboard Marker Set,1612.54,4,0.05,431.7
IN-2025-101144,2025-04-12,2025-04-18,Standard Class,CU-1401,Aman Joshi,Corporate,India,Kochi,Kerala,South,TEC-AC-1001,Technology,Accessories,Wireless Mouse,3845.6,4,0,1047.64
IN-2025-100997,2025-04-14,2025-04-20,Standard Class,CU-1117,Neha Shah,Corporate,India,Nagpur,Maharashtra,West,OFF-AR-1002,Office Supplies,Art,Premium Pen Set,1385.51,1,0,417.16
IN-2025-100997,2025-04-14,2025-04-20,Standard Class,CU-1117,Neha Shah,Corporate,India,Nagpur,Maharashtra,West,OFF-PA-1004,Office Supplies,Paper,Thermal Roll Pack,2158.79,3,0,832.15
IN-2025-100997,2025-04-14,2025-04-20,Standard Class,CU-1117,Neha Shah,Corporate,India,Nagpur,Maharashtra,West,FUR-BO-1002,Furniture,Bookcases,Steel Library Rack,25711.28,2,0.1,-20.99
IN-2025-100997,2025-04-14,2025-04-20,Standard Class,CU-1117,Neha Shah,Corporate,India,Nagpur,Maharashtra,West,FUR-BO-1004,Furniture,Bookcases,Modular Bookshelf,32468.23,4,0,4439.85
IN-2025-100192,2025-04-17,2025-04-23,Standard Class,CU-1018,Riya Iyer,Corporate,India,Nagpur,Maharashtra,West,OFF-ST-1002,Office Supplies,Storage,Plastic Storage Box Set,6652.98,4,0,584.86
IN-2025-100192,2025-04-17,2025-04-23,Standard Class,CU-1018,Riya Iyer,Corporate,India,Nagpur,Maharashtra,West,TEC-MA-1002,Technology,Machines,Barcode Label Printer,11594.84,1,0.3,-1749.38
IN-2025-100192,2025-04-17,2025-04-23,Standard Class,CU-1018,Riya Iyer,Corporate,India,Nagpur,Maharashtra,West,OFF-PA-1002,Office Supplies,Paper,Premium Photo Paper,1218.15,1,0,454.23
IN-2025-100192,2025-04-17,2025-04-23,Standard Class,CU-1018,Riya Iyer,Corporate,India,Nagpur,Maharashtra,West,OFF-ST-1004,Office Supplies,Storage,Wall Mount Shelf Box,6415.97,3,0,442.24
IN-2025-101486,2025-04-17,2025-04-24,Standard Class,CU-1053,Nikhil Rao,Consumer,India,Panaji,Goa,West,OFF-PA-1003,Office Supplies,Paper,Sticky Notes Bulk Pack,973.7,2,0.15,273.98
IN-2025-100152,2025-04-18,2025-04-24,Standard Class,CU-1281,Vihaan Mehta,Consumer,India,Raipur,Chhattisgarh,Central,OFF-AR-1003,Office Supplies,Art,Highlighter Pack,256.79,1,0,68.43
IN-2025-100152,2025-04-18,2025-04-24,Standard Class,CU-1281,Vihaan Mehta,Consumer,India,Raipur,Chhattisgarh,Central,TEC-AC-1004,Technology,Accessories,Noise Cancelling Headset,21497.12,3,0.05,4515.05
IN-2025-100639,2025-04-18,2025-04-23,Standard Class,CU-1165,Nikhil Iyer,Consumer,India,Kochi,Kerala,South,TEC-MA-1003,Technology,Machines,Laminating Machine,4797.58,1,0.3,-703.41
IN-2025-100639,2025-04-18,2025-04-23,Standard Class,CU-1165,Nikhil Iyer,Consumer,India,Kochi,Kerala,South,TEC-MA-1003,Technology,Machines,Laminating Machine,18684.88,4,0.3,-3158.28
IN-2025-100639,2025-04-18,2025-04-23,Standard Class,CU-1165,Nikhil Iyer,Consumer,India,Kochi,Kerala,South,TEC-PH-1003,Technology,Phones,IP Desk Phone,17104.2,3,0.1,664.22
IN-2025-100829,2025-04-18,2025-04-25,Standard Class,CU-1051,Pooja Mehta,Consumer,India,New Delhi,Delhi,North,OFF-AR-1002,Office Supplies,Art,Premium Pen Set,1391.48,1,0,426.81
IN-2025-100829,2025-04-18,2025-04-25,Standard Class,CU-1051,Pooja Mehta,Consumer,India,New Delhi,Delhi,North,OFF-BI-1002,Office Supplies,Binders,Heavy Duty Lever Arch File,663.13,2,0,206.39
IN-2025-100452,2025-04-21,2025-04-23,First Class,CU-1100,Priya Gupta,Consumer,India,Ahmedabad,Gujarat,West,FUR-FU-1004,Furniture,Furnishings,Anti-Fatigue Floor Mat,6460.08,4,0.15,308.06
IN-2025-100452,2025-04-21,2025-04-23,First Class,CU-1100,Priya Gupta,Consumer,India,Ahmedabad,Gujarat,West,TEC-CO-1003,Technology,Copiers,Mono Laser Printer,50457.39,3,0,15793.02
IN-2025-101418,2025-04-21,2025-04-28,Standard Class,CU-1419,Karan Gupta,Consumer,India,Lucknow,Uttar Pradesh,North,FUR-FU-1002,Furniture,Furnishings,Wall Clock Classic,4176.51,6,0.3,-153.68
IN-2025-100066,2025-04-22,2025-04-25,Second Class,CU-1216,Arjun Kulkarni,Corporate,India,Panaji,Goa,West,OFF-AR-1001,Office Supplies,Art,Whiteboard Marker Set,416.59,1,0,124.35
IN-2025-100066,2025-04-22,2025-04-25,Second Class,CU-1216,Arjun Kulkarni,Corporate,India,Panaji,Goa,West,OFF-ST-1004,Office Supplies,Storage,Wall Mount Shelf Box,4199.05,2,0,384.29
IN-2025-101277,2025-04-22,2025-04-29,Standard Class,CU-1327,Divya Nair,Consumer,India,Bhubaneswar,Odisha,East,OFF-ST-1003,Office Supplies,Storage,Desk Organizer,2058.02,3,0.2,-228.97
IN-2025-101293,2025-04-23,2025-04-30,Standard Class,CU-1339,Isha Singh,Consumer,India,Raipur,Chhattisgarh,Central,TEC-AC-1004,Technology,Accessories,Noise Cancelling Headset,47800.81,6,0,14814.6
IN-2025-100657,2025-04-25,2025-04-27,Second Class,CU-1124,Shruti Pillai,Consumer,India,Hyderabad,Telangana,South,OFF-BI-1004,Office Supplies,Binders,Plastic Folder Set,1453.97,4,0.2,305.45
IN-2025-101072,2025-04-25,2025-04-29,Second Class,CU-1238,Rohan Verma,Consumer,India,Hyderabad,Telangana,South,OFF-PA-1001,Office Supplies,Paper,A4 Copier Paper 500 Sheets,272.16,1,0.3,19.68
IN-2025-101072,2025-04-25,2025-04-29,Second Class,CU-1238,Rohan Verma,Consumer,India,Hyderabad,Telangana,South,OFF-AR-1003,Office Supplies,Art,Highlighter Pack,452.6,2,0.1,61.42
IN-2025-101616,2025-04-25,2025-05-02,Standard Class,CU-1267,Priya Kapoor,Consumer,India,Coimbatore,Tamil Nadu,South,OFF-ST-1002,Office Supplies,Storage,Plastic Storage Box Set,11408.65,8,0.1,-442.9
IN-2025-101616,2025-04-25,2025-05-02,Standard Class,CU-1267,Priya Kapoor,Consumer,India,Coimbatore,Tamil Nadu,South,FUR-FU-1004,Furniture,Furnishings,Anti-Fatigue Floor Mat,8797.06,7,0.3,-754.78
IN-2025-101616,2025-04-25,2025-05-02,Standard Class,CU-1267,Priya Kapoor,Consumer,India,Coimbatore,Tamil Nadu,South,OFF-BI-1004,Office Supplies,Binders,Plastic Folder Set,469.97,1,0,142.83
IN-2025-100979,2025-04-27,2025-05-04,Standard Class,CU-1183,Priya Iyer,Consumer,India,Ahmedabad,Gujarat,West,OFF-ST-1003,Office Supplies,Storage,Desk Organizer,2571.75,3,0,328.59
IN-2025-101023,2025-04-28,2025-05-05,Standard Class,CU-1443,Harsh Verma,Home Office,India,Indore,Madhya Pradesh,Central,OFF-AR-1003,Office Supplies,Art,Highlighter Pack,471.85,2,0.1,55.17
IN-2025-101387,2025-04-28,2025-05-05,Standard Class,CU-1012,Pooja Joshi,Consumer,India,New Delhi,Delhi,North,OFF-PA-1003,Office Supplies,Paper,Sticky Notes Bulk Pack,2376.76,6,0.3,105.39
IN-2025-101387,2025-04-28,2025-05-05,Standard Class,CU-1012,Pooja Joshi,Consumer,India,New Delhi,Delhi,North,FUR-TA-1003,Furniture,Tables,Folding Training Table,6728.68,1,0,-131.15
IN-2025-101387,2025-04-28,2025-05-05,Standard Class,CU-1012,Pooja Joshi,Consumer,India,New Delhi,Delhi,North,OFF-AR-1001,Office Supplies,Art,Whiteboard Marker Set,414.59,1,0.05,105.17
IN-2025-101387,2025-04-28,2025-05-05,Standard Class,CU-1012,Pooja Joshi,Consumer,India,New Delhi,Delhi,North,FUR-CH-1002,Furniture,Chairs,Executive Leather Chair,123031.54,8,0.15,-6501.58
IN-2025-101465,2025-04-28,2025-05-02,Second Class,CU-1332,Swati Sharma,Consumer,India,Noida,Uttar Pradesh,North,OFF-ST-1003,Office Supplies,Storage,Desk Organizer,1815.19,2,0,216.42
IN-2025-101465,2025-04-28,2025-05-02,Second Class,CU-1332,Swati Sharma,Consumer,India,Noida,Uttar Pradesh,North,FUR-BO-1001,Furniture,Bookcases,Wooden Bookcase 5-Shelf,11499.53,1,0,440.2
IN-2025-100733,2025-05-01,2025-05-07,Standard Class,CU-1223,Riya Kapoor,Consumer,India,Surat,Gujarat,West,OFF-ST-1003,Office Supplies,Storage,Desk Organizer,1732.33,2,0,248.63
IN-2025-100733,2025-05-01,2025-05-07,Standard Class,CU-1223,Riya Kapoor,Consumer,India,Surat,Gujarat,West,OFF-PA-1001,Office Supplies,Paper,A4 Copier Paper 500 Sheets,334.32,1,0.15,70.68
IN-2025-100202,2025-05-02,2025-05-08,Standard Class,CU-1031,Siddharth Iyer,Consumer,India,Bengaluru,Karnataka,South,TEC-PH-1003,Technology,Phones,IP Desk Phone,6194.87,1,0,1297.69
IN-2025-101296,2025-05-02,2025-05-07,Standard Class,CU-1054,Pranav Nair,Consumer,India,Bhubaneswar,Odisha,East,OFF-BI-1002,Office Supplies,Binders,Heavy Duty Lever Arch File,568.53,2,0.2,47.69
IN-2025-101296,2025-05-02,2025-05-07,Standard Class,CU-1054,Pranav Nair,Consumer,India,Bhubaneswar,Odisha,East,OFF-AR-1003,Office Supplies,Art,Highlighter Pack,1453.26,6,0.1,173.45
IN-2025-101296,2025-05-02,2025-05-07,Standard Class,CU-1054,Pranav Nair,Consumer,India,Bhubaneswar,Odisha,East,FUR-FU-1002,Furniture,Furnishings,Wall Clock Classic,2191.95,3,0.2,-17.07
IN-2025-101296,2025-05-02,2025-05-07,Standard Class,CU-1054,Pranav Nair,Consumer,India,Bhubaneswar,Odisha,East,TEC-CO-1003,Technology,Copiers,Mono Laser Printer,53779.19,3,0,16737.24
IN-2025-100550,2025-05-03,2025-05-04,First Class,CU-1086,Varun Rao,Home Office,India,Pune,Maharashtra,West,TEC-AC-1001,Technology,Accessories,Wireless Mouse,3249.54,4,0.15,209.85
IN-2025-100550,2025-05-03,2025-05-04,First Class,CU-1086,Varun Rao,Home Office,India,Pune,Maharashtra,West,OFF-AR-1002,Office Supplies,Art,Premium Pen Set,3494.86,3,0.15,452.2
IN-2025-100550,2025-05-03,2025-05-04,First Class,CU-1086,Varun Rao,Home Office,India,Pune,Maharashtra,West,FUR-FU-1001,Furniture,Furnishings,LED Desk Lamp,5957.03,5,0.2,-22.85
IN-2025-100550,2025-05-03,2025-05-04,First Class,CU-1086,Varun Rao,Home Office,India,Pune,Maharashtra,West,OFF-ST-1004,Office Supplies,Storage,Wall Mount Shelf Box,10376.58,5,0,1604.29
IN-2025-101435,2025-05-03,2025-05-06,First Class,CU-1052,Pranav Joshi,Consumer,India,Ahmedabad,Gujarat,West,FUR-FU-1004,Furniture,Furnishings,Anti-Fatigue Floor Mat,3616.67,2,0,521.97
IN-2025-101524,2025-05-03,2025-05-05,Second Class,CU-1133,Pooja Iyer,Consumer,India,Mumbai,Maharashtra,West,OFF-ST-1002,Office Supplies,Storage,Plastic Storage Box Set,1445.4,1,0.1,-25.68
IN-2025-101524,2025-05-03,2025-05-05,Second Class,CU-1133,Pooja Iyer,Consumer,India,Mumbai,Maharashtra,West,OFF-ST-1003,Office Supplies,Storage,Desk Organizer,3772.75,5,0.15,14.11
IN-2025-100312,2025-05-04,2025-05-11,Standard Class,CU-1166,Harsh Iyer,Consumer,India,Lucknow,Uttar Pradesh,North,TEC-CO-1004,Technology,Copiers,Document Scanner,109153.79,5,0,37190.03
IN-2025-100561,2025-05-04,2025-05-06,Second Class,CU-1082,Pranav Chopra,Consumer,India,Jaipur,Rajasthan,North,OFF-BI-1002,Office Supplies,Binders,Heavy Duty Lever Arch File,988.09,3,0,281.64
IN-2025-101122,2025-05-05,2025-05-08,Second Class,CU-1077,Diya Mehta,Consumer,India,Mysuru,Karnataka,South,FUR-FU-1002,Furniture,Furnishings,Wall Clock Classic,909.0,1,0,199.58
IN-2025-101122,2025-05-05,2025-05-08,Second Class,CU-1077,Diya Mehta,Consumer,India,Mysuru,Karnataka,South,OFF-BI-1001,Office Supplies,Binders,Ring Binder A4 (Pack of 10),974.31,2,0.2,180.21
IN-2025-101122,2025-05-05,2025-05-08,Second Class,CU-1077,Diya Mehta,Consumer,India,Mysuru,Karnataka,South,TEC-CO-1004,Technology,Copiers,Document Scanner,62735.95,3,0.05,20056.82
IN-2025-101122,2025-05-05,2025-05-08,Second Class,CU-1077,Diya Mehta,Consumer,India,Mysuru,Karnataka,South,OFF-BI-1004,Office Supplies,Binders,Plastic Folder Set,863.59,2,0,241.56
IN-2025-100368,2025-05-07,2025-05-09,First Class,CU-1358,Manish Desai,Corporate,India,New Delhi,Delhi,North,TEC-MA-1003,Technology,Machines,Laminating Machine,26103.49,4,0,483.0
IN-2025-101187,2025-05-07,2025-05-10,Second Class,CU-1179,Pranav Patel,Consumer,India,Ludhiana,Punjab,North,TEC-PH-1004,Technology,Phones,Conference Speakerphone,9760.57,1,0,1004.02
IN-2025-100887,2025-05-08,2025-05-12,Standard Class,CU-1316,Isha Joshi,Consumer,India,Ahmedabad,Gujarat,West,TEC-AC-1004,Technology,Accessories,Noise Cancelling Headset,43105.9,7,0.2,5037.97
IN-2025-101146,2025-05-08,2025-05-12,Standard Class,CU-1189,Arjun Joshi,Home Office,India,Ahmedabad,Gujarat,West,OFF-BI-1004,Office Supplies,Binders,Plastic Folder Set,1321.63,4,0.3,-17.27
IN-2025-101146,2025-05-08,2025-05-12,Standard Class,CU-1189,Arjun Joshi,Home Office,India,Ahmedabad,Gujarat,West,OFF-AR-1002,Office Supplies,Art,Premium Pen Set,2627.39,2,0,780.94
IN-2025-101146,2025-05-08,2025-05-12,Standard Class,CU-1189,Arjun Joshi,Home Office,India,Ahmedabad,Gujarat,West,OFF-BI-1002,Office Supplies,Binders,Heavy Duty Lever Arch File,652.36,2,0,169.1
IN-2025-100275,2025-05-09,2025-05-12,Second Class,CU-1265,Sanjana Reddy,Home Office,India,Mysuru,Karnataka,South,TEC-AC-1003,Technology,Accessories,USB-C Hub 7-in-1,3941.25,2,0.2,129.31
IN-2025-100855,2025-05-09,2025-05-14,Standard Class,CU-1157,Priya Pillai,Consumer,India,Jaipur,Rajasthan,North,FUR-BO-1002,Furniture,Bookcases,Steel Library Rack,31437.58,3,0.3,-7318.26
IN-2025-100855,2025-05-09,2025-05-14,Standard Class,CU-1157,Priya Pillai,Consumer,India,Jaipur,Rajasthan,North,FUR-TA-1002,Furniture,Tables,Computer Desk,39588.08,5,0.2,-7379.35
IN-2025-100600,2025-05-10,2025-05-17,Standard Class,CU-1391,Sanjana Patel,Corporate,India,Coimbatore,Tamil Nadu,South,OFF-AR-1004,Office Supplies,Art,Artist Sketch Kit,2931.45,2,0.15,543.64
IN-2025-101476,2025-05-10,2025-05-15,Standard Class,CU-1318,Yash Singh,Corporate,India,Kochi,Kerala,South,OFF-AR-1003,Office Supplies,Art,Highlighter Pack,992.05,5,0.2,58.24
IN-2025-101476,2025-05-10,2025-05-15,Standard Class,CU-1318,Yash Singh,Corporate,India,Kochi,Kerala,South,OFF-BI-1002,Office Supplies,Binders,Heavy Duty Lever Arch File,692.54,2,0,244.3
IN-2025-101513,2025-05-10,2025-05-15,Standard Class,CU-1306,Karan Gupta,Home Office,India,Hyderabad,Telangana,South,FUR-BO-1003,Furniture,Bookcases,Corner Display Unit,51607.48,6,0.05,3468.66
IN-2025-101513,2025-05-10,2025-05-15,Standard Class,CU-1306,Karan Gupta,Home Office,India,Hyderabad,Telangana,South,FUR-TA-1003,Furniture,Tables,Folding Training Table,18569.67,3,0,-155.71
IN-2025-100121,2025-05-11,2025-05-14,Second Class,CU-1397,Shruti Kapoor,Corporate,India,Ahmedabad,Gujarat,West,TEC-AC-1003,Technology,Accessories,USB-C Hub 7-in-1,4543.47,2,0.05,839.56
IN-2025-100121,2025-05-11,2025-05-14,Second Class,CU-1397,Shruti Kapoor,Corporate,India,Ahmedabad,Gujarat,West,TEC-MA-1001,Technology,Machines,Currency Counting Machine,41969.28,5,0.1,-2980.44
IN-2025-100815,2025-05-11,2025-05-12,First Class,CU-1203,Sneha Joshi,Home Office,India,Mysuru,Karnataka,South,TEC-PH-1003,Technology,Phones,IP Desk Phone,23794.55,4,0,2919.68
IN-2025-100815,2025-05-11,2025-05-12,First Class,CU-1203,Sneha Joshi,Home Office,India,Mysuru,Karnataka,South,OFF-ST-1003,Office Supplies,Storage,Desk Organizer,2681.85,3,0,265.82
IN-2025-100701,2025-05-13,2025-05-15,Second Class,CU-1050,Isha Iyer,Consumer,India,Hyderabad,Telangana,South,FUR-FU-1003,Furniture,Furnishings,Office Curtain Set,2437.56,1,0.15,103.33
IN-2025-100992,2025-05-13,2025-05-19,Standard Class,CU-1027,Swati Iyer,Home Office,India,Bhopal,Madhya Pradesh,Central,TEC-MA-1001,Technology,Machines,Currency Counting Machine,27488.83,3,0,2664.09
IN-2025-100992,2025-05-13,2025-05-19,Standard Class,CU-1027,Swati Iyer,Home Office,India,Bhopal,Madhya Pradesh,Central,TEC-AC-1003,Technology,Accessories,USB-C Hub 7-in-1,14113.44,6,0,3613.04
IN-2025-100992,2025-05-13,2025-05-19,Standard Class,CU-1027,Swati Iyer,Home Office,India,Bhopal,Madhya Pradesh,Central,OFF-AR-1003,Office Supplies,Art,Highlighter Pack,214.81,1,0.15,33.6
IN-2025-100992,2025-05-13,2025-05-19,Standard Class,CU-1027,Swati Iyer,Home Office,India,Bhopal,Madhya Pradesh,Central,OFF-AR-1004,Office Supplies,Art,Artist Sketch Kit,1667.75,1,0,367.7
IN-2025-100535,2025-05-14,2025-05-19,Standard Class,CU-1275,Harsh Sharma,Consumer,India,Hyderabad,Telangana,South,OFF-ST-1004,Office Supplies,Storage,Wall Mount Shelf Box,10919.53,6,0.1,-709.31
IN-2025-101270,2025-05-14,2025-05-18,Second Class,CU-1138,Arjun Verma,Corporate,India,Hyderabad,Telangana,South,TEC-PH-1002,Technology,Phones,Smartphone Lite 64GB,8796.52,1,0.3,-1036.49
IN-2025-101270,2025-05-14,2025-05-18,Second Class,CU-1138,Arjun Verma,Corporate,India,Hyderabad,Telangana,South,FUR-CH-1001,Furniture,Chairs,Ergonomic Office Chair,19694.5,3,0.2,-1495.43
IN-2025-100155,2025-05-16,2025-05-21,Standard Class,CU-1010,Yash Joshi,Home Office,India,Ahmedabad,Gujarat,West,OFF-BI-1003,Office Supplies,Binders,Binding Machine Combs,2456.06,3,0,815.04
IN-2025-100862,2025-05-17,2025-05-21,Standard Class,CU-1043,Neha Pillai,Corporate,India,Surat,Gujarat,West,OFF-PA-1001,Office Supplies,Paper,A4 Copier Paper 500 Sheets,792.88,2,0,310.28
IN-2025-100862,2025-05-17,2025-05-21,Standard Class,CU-1043,Neha Pillai,Corporate,India,Surat,Gujarat,West,FUR-BO-1004,Furniture,Bookcases,Modular Bookshelf,15734.68,2,0,1265.79
IN-2025-100862,2025-05-17,2025-05-21,Standard Class,CU-1043,Neha Pillai,Corporate,India,Surat,Gujarat,West,TEC-AC-1003,Technology,Accessories,USB-C Hub 7-in-1,2311.47,1,0,761.55
IN-2025-101087,2025-05-17,2025-05-21,Standard Class,CU-1387,Ananya Patel,Corporate,India,Kochi,Kerala,South,TEC-MA-1002,Technology,Machines,Barcode Label Printer,13786.52,1,0.1,-602.78
IN-2025-101087,2025-05-17,2025-05-21,Standard Class,CU-1387,Ananya Patel,Corporate,India,Kochi,Kerala,South,OFF-AR-1003,Office Supplies,Art,Highlighter Pack,267.47,1,0,67.64
IN-2025-100024,2025-05-18,2025-05-24,Standard Class,CU-1103,Rahul Sharma,Corporate,India,New Delhi,Delhi,North,TEC-PH-1001,Technology,Phones,Smartphone Pro 128GB,137502.19,4,0,22975.02
IN-2025-100510,2025-05-18,2025-05-24,Standard Class,CU-1084,Siddharth Singh,Corporate,India,Pune,Maharashtra,West,OFF-PA-1002,Office Supplies,Paper,Premium Photo Paper,9631.87,8,0,3347.58
IN-2025-100510,2025-05-18,2025-05-24,Standard Class,CU-1084,Siddharth Singh,Corporate,India,Pune,Maharashtra,West,FUR-CH-1002,Furniture,Chairs,Executive Leather Chair,67386.32,4,0.05,5055.4
IN-2025-100510,2025-05-18,2025-05-24,Standard Class,CU-1084,Siddharth Singh,Corporate,India,Pune,Maharashtra,West,OFF-BI-1003,Office Supplies,Binders,Binding Machine Combs,1461.5,2,0.05,445.82
IN-2025-100510,2025-05-18,2025-05-24,Standard Class,CU-1084,Siddharth Singh,Corporate,India,Pune,Maharashtra,West,OFF-AR-1001,Office Supplies,Art,Whiteboard Marker Set,1616.88,4,0,368.66
IN-2025-101541,2025-05-20,2025-05-21,First Class,CU-1250,Tanvi Gupta,Corporate,India,Panaji,Goa,West,TEC-MA-1001,Technology,Machines,Currency Counting Machine,9255.03,1,0,199.4
IN-2025-100348,2025-05-21,2025-05-25,Standard Class,CU-1358,Manish Desai,Corporate,India,New Delhi,Delhi,North,TEC-AC-1004,Technology,Accessories,Noise Cancelling Headset,41738.73,6,0.15,5221.08
IN-2025-100348,2025-05-21,2025-05-25,Standard Class,CU-1358,Manish Desai,Corporate,India,New Delhi,Delhi,North,OFF-ST-1001,Office Supplies,Storage,Steel Filing Cabinet,105015.26,8,0,5300.13
IN-2025-100420,2025-05-21,2025-05-23,Second Class,CU-1406,Swati Iyer,Home Office,India,Indore,Madhya Pradesh,Central,OFF-AR-1003,Office Supplies,Art,Highlighter Pack,504.52,2,0,105.41
IN-2025-101204,2025-05-21,2025-05-23,Second Class,CU-1058,Tanvi Kulkarni,Consumer,India,Ahmedabad,Gujarat,West,OFF-AR-1004,Office Supplies,Art,Artist Sketch Kit,4440.03,3,0.15,713.7
IN-2025-100322,2025-05-22,2025-05-29,Standard Class,CU-1186,Varun Joshi,Consumer,India,Bhubaneswar,Odisha,East,FUR-CH-1004,Furniture,Chairs,Visitor Chair Set,14862.46,4,0,1214.7
IN-2025-100322,2025-05-22,2025-05-29,Standard Class,CU-1186,Varun Joshi,Consumer,India,Bhubaneswar,Odisha,East,FUR-CH-1001,Furniture,Chairs,Ergonomic Office Chair,8823.08,1,0,1244.23
IN-2025-101110,2025-05-23,2025-05-27,Second Class,CU-1209,Priya Joshi,Consumer,India,Amritsar,Punjab,North,TEC-MA-1004,Technology,Machines,Paper Shredder 20-Sheet,11252.82,1,0,655.67
IN-2025-101110,2025-05-23,2025-05-27,Second Class,CU-1209,Priya Joshi,Consumer,India,Amritsar,Punjab,North,TEC-MA-1004,Technology,Machines,Paper Shredder 20-Sheet,11149.36,1,0,399.26
IN-2025-101110,2025-05-23,2025-05-27,Second Class,CU-1209,Priya Joshi,Consumer,India,Amritsar,Punjab,North,TEC-MA-1003,Technology,Machines,Laminating Machine,6976.51,1,0,616.42
IN-2025-100280,2025-05-25,2025-05-25,Same Day,CU-1062,Rahul Joshi,Corporate,India,Kolkata,West Bengal,East,TEC-PH-1003,Technology,Phones,IP Desk Phone,24511.2,4,0.05,2082.84
IN-2025-100321,2025-05-28,2025-06-01,Second Class,CU-1348,Pranav Rao,Consumer,India,Nagpur,Maharashtra,West,FUR-FU-1004,Furniture,Furnishings,Anti-Fatigue Floor Mat,4218.87,3,0.2,-141.97
IN-2025-100321,2025-05-28,2025-06-01,Second Class,CU-1348,Pranav Rao,Consumer,India,Nagpur,Maharashtra,West,OFF-AR-1001,Office Supplies,Art,Whiteboard Marker Set,1877.25,5,0.1,368.78
IN-2025-101229,2025-05-28,2025-06-01,Standard Class,CU-1400,Divya Gupta,Home Office,India,Mysuru,Karnataka,South,OFF-PA-1001,Office Supplies,Paper,A4 Copier Paper 500 Sheets,527.53,2,0.3,68.45
IN-2025-100927,2025-06-01,2025-06-03,Second Class,CU-1411,Manish Singh,Consumer,India,Patna,Bihar,East,OFF-ST-1003,Office Supplies,Storage,Desk Organizer,1838.15,2,0,95.66
IN-2025-100927,2025-06-01,2025-06-03,Second Class,CU-1411,Manish Singh,Consumer,India,Patna,Bihar,East,FUR-FU-1004,Furniture,Furnishings,Anti-Fatigue Floor Mat,7054.57,4,0,1022.89
IN-2025-100927,2025-06-01,2025-06-03,Second Class,CU-1411,Manish Singh,Consumer,India,Patna,Bihar,East,FUR-FU-1003,Furniture,Furnishings,Office Curtain Set,8098.52,4,0.3,-930.16
IN-2025-101436,2025-06-06,2025-06-08,First Class,CU-1077,Diya Mehta,Consumer,India,Mysuru,Karnataka,South,TEC-AC-1001,Technology,Accessories,Wireless Mouse,1958.16,2,0,461.81
IN-2025-101436,2025-06-06,2025-06-08,First Class,CU-1077,Diya Mehta,Consumer,India,Mysuru,Karnataka,South,OFF-PA-1004,Office Supplies,Paper,Thermal Roll Pack,977.0,2,0.3,157.29
IN-2025-101640,2025-06-06,2025-06-10,Standard Class,CU-1246,Manish Gupta,Consumer,India,Hyderabad,Telangana,South,FUR-CH-1003,Furniture,Chairs,Mesh Back Task Chair,5127.3,1,0,532.42
IN-2025-101640,2025-06-06,2025-06-10,Standard Class,CU-1246,Manish Gupta,Consumer,India,Hyderabad,Telangana,South,TEC-AC-1004,Technology,Accessories,Noise Cancelling Headset,38263.36,5,0,9639.66
IN-2025-101640,2025-06-06,2025-06-10,Standard Class,CU-1246,Manish Gupta,Consumer,India,Hyderabad,Telangana,South,FUR-FU-1001,Furniture,Furnishings,LED Desk Lamp,3803.2,3,0.1,228.46
IN-2025-100219,2025-06-08,2025-06-15,Standard Class,CU-1028,Varun Shah,Home Office,India,Chennai,Tamil Nadu,South,FUR-BO-1004,Furniture,Bookcases,Modular Bookshelf,36234.66,6,0.2,-2253.05
IN-2025-100219,2025-06-08,2025-06-15,Standard Class,CU-1028,Varun Shah,Home Office,India,Chennai,Tamil Nadu,South,OFF-BI-1004,Office Supplies,Binders,Plastic Folder Set,911.88,2,0,297.79
IN-2025-100219,2025-06-08,2025-06-15,Standard Class,CU-1028,Varun Shah,Home Office,India,Chennai,Tamil Nadu,South,FUR-BO-1002,Furniture,Bookcases,Steel Library Rack,42545.63,3,0,3228.65
IN-2025-100854,2025-06-08,2025-06-11,First Class,CU-1055,Ananya Desai,Corporate,India,Patna,Bihar,East,OFF-BI-1004,Office Supplies,Binders,Plastic Folder Set,721.36,2,0.2,121.47
IN-2025-100854,2025-06-08,2025-06-11,First Class,CU-1055,Ananya Desai,Corporate,India,Patna,Bihar,East,TEC-MA-1001,Technology,Machines,Currency Counting Machine,38786.64,6,0.3,-10542.11
IN-2025-100856,2025-06-08,2025-06-12,Standard Class,CU-1045,Vihaan Chopra,Consumer,India,Hyderabad,Telangana,South,FUR-FU-1002,Furniture,Furnishings,Wall Clock Classic,1674.71,2,0.1,222.62
IN-2025-100856,2025-06-08,2025-06-12,Standard Class,CU-1045,Vihaan Chopra,Consumer,India,Hyderabad,Telangana,South,FUR-BO-1001,Furniture,Bookcases,Wooden Bookcase 5-Shelf,55241.53,5,0,4140.84
IN-2025-100856,2025-06-08,2025-06-12,Standard Class,CU-1045,Vihaan Chopra,Consumer,India,Hyderabad,Telangana,South,TEC-AC-1003,Technology,Accessories,USB-C Hub 7-in-1,7854.98,4,0.2,409.56
IN-2025-101059,2025-06-08,2025-06-12,Second Class,CU-1223,Riya Kapoor,Consumer,India,Surat,Gujarat,West,FUR-CH-1001,Furniture,Chairs,Ergonomic Office Chair,16774.35,2,0.05,1218.73
IN-2025-101059,2025-06-08,2025-06-12,Second Class,CU-1223,Riya Kapoor,Consumer,India,Surat,Gujarat,West,OFF-ST-1002,Office Supplies,Storage,Plastic Storage Box Set,3868.17,3,0.2,-492.15
IN-2025-101685,2025-06-09,2025-06-11,First Class,CU-1057,Tanvi Menon,Home Office,India,Kolkata,West Bengal,East,FUR-BO-1001,Furniture,Bookcases,Wooden Bookcase 5-Shelf,36075.1,3,0,2704.29
IN-2025-101685,2025-06-09,2025-06-11,First Class,CU-1057,Tanvi Menon,Home Office,India,Kolkata,West Bengal,East,FUR-BO-1004,Furniture,Bookcases,Modular Bookshelf,24202.01,3,0,1465.05
IN-2025-101685,2025-06-09,2025-06-11,First Class,CU-1057,Tanvi Menon,Home Office,India,Kolkata,West Bengal,East,OFF-BI-1004,Office Supplies,Binders,Plastic Folder Set,2799.71,6,0,946.99
IN-2025-100527,2025-06-10,2025-06-10,Same Day,CU-1375,Karan Nair,Corporate,India,Hyderabad,Telangana,South,FUR-BO-1002,Furniture,Bookcases,Steel Library Rack,29627.13,2,0,2893.65
IN-2025-101427,2025-06-10,2025-06-16,Standard Class,CU-1113,Swati Iyer,Consumer,India,Lucknow,Uttar Pradesh,North,OFF-AR-1003,Office Supplies,Art,Highlighter Pack,459.52,2,0.15,84.55
IN-2025-101437,2025-06-10,2025-06-14,Standard Class,CU-1133,Pooja Iyer,Consumer,India,Mumbai,Maharashtra,West,OFF-PA-1001,Office Supplies,Paper,A4 Copier Paper 500 Sheets,383.21,1,0,142.84
IN-2025-101437,2025-06-10,2025-06-14,Standard Class,CU-1133,Pooja Iyer,Consumer,India,Mumbai,Maharashtra,West,OFF-AR-1001,Office Supplies,Art,Whiteboard Marker Set,2342.57,6,0.1,432.06
IN-2025-100002,2025-06-11,2025-06-16,Standard Class,CU-1267,Priya Kapoor,Consumer,India,Coimbatore,Tamil Nadu,South,OFF-PA-1002,Office Supplies,Paper,Premium Photo Paper,1963.78,2,0.2,348.28
IN-2025-100002,2025-06-11,2025-06-16,Standard Class,CU-1267,Priya Kapoor,Consumer,India,Coimbatore,Tamil Nadu,South,FUR-BO-1001,Furniture,Bookcases,Wooden Bookcase 5-Shelf,58518.55,5,0,8737.67
IN-2025-100364,2025-06-13,2025-06-15,First Class,CU-1381,Sanjana Reddy,Consumer,India,Hyderabad,Telangana,South,OFF-PA-1003,Office Supplies,Paper,Sticky Notes Bulk Pack,1664.68,3,0,636.06
IN-2025-101688,2025-06-13,2025-06-15,Second Class,CU-1218,Kavya Sharma,Consumer,India,Surat,Gujarat,West,OFF-ST-1002,Office Supplies,Storage,Plastic Storage Box Set,1592.2,1,0,179.05
IN-2025-101688,2025-06-13,2025-06-15,Second Class,CU-1218,Kavya Sharma,Consumer,India,Surat,Gujarat,West,OFF-ST-1002,Office Supplies,Storage,Plastic Storage Box Set,3022.43,2,0.1,-17.77
IN-2025-101688,2025-06-13,2025-06-15,Second Class,CU-1218,Kavya Sharma,Consumer,India,Surat,Gujarat,West,OFF-ST-1003,Office Supplies,Storage,Desk Organizer,1356.18,2,0.2,-46.21
IN-2025-100935,2025-06-14,2025-06-18,Standard Class,CU-1016,Ananya Nair,Consumer,India,Raipur,Chhattisgarh,Central,OFF-ST-1004,Office Supplies,Storage,Wall Mount Shelf Box,4595.02,3,0.3,-818.61
IN-2025-100935,2025-06-14,2025-06-18,Standard Class,CU-1016,Ananya Nair,Consumer,India,Raipur,Chhattisgarh,Central,FUR-BO-1002,Furniture,Bookcases,Steel Library Rack,40041.24,3,0.05,-871.72
IN-2025-100046,2025-06-15,2025-06-22,Standard Class,CU-1239,Aman Patel,Consumer,India,Hyderabad,Telangana,South,TEC-AC-1001,Technology,Accessories,Wireless Mouse,2921.89,3,0,768.46
IN-2025-100960,2025-06-15,2025-06-22,Standard Class,CU-1052,Pranav Joshi,Consumer,India,Ahmedabad,Gujarat,West,OFF-AR-1002,Office Supplies,Art,Premium Pen Set,5451.28,5,0.2,630.11
IN-2025-100960,2025-06-15,2025-06-22,Standard Class,CU-1052,Pranav Joshi,Consumer,India,Ahmedabad,Gujarat,West,OFF-AR-1003,Office Supplies,Art,Highlighter Pack,812.25,3,0,220.48
IN-2025-100960,2025-06-15,2025-06-22,Standard Class,CU-1052,Pranav Joshi,Consumer,India,Ahmedabad,Gujarat,West,OFF-AR-1001,Office Supplies,Art,Whiteboard Marker Set,1997.04,5,0,362.48
IN-2025-100396,2025-06-19,2025-06-23,Standard Class,CU-1352,Pooja Patel,Home Office,India,Panaji,Goa,West,FUR-BO-1004,Furniture,Bookcases,Modular Bookshelf,6674.79,1,0.15,-432.22
IN-2025-100396,2025-06-19,2025-06-23,Standard Class,CU-1352,Pooja Patel,Home Office,India,Panaji,Goa,West,OFF-AR-1001,Office Supplies,Art,Whiteboard Marker Set,854.97,2,0,298.41
IN-2025-100373,2025-06-20,2025-06-23,Second Class,CU-1264,Siddharth Das,Home Office,India,Kochi,Kerala,South,FUR-FU-1002,Furniture,Furnishings,Wall Clock Classic,6509.38,8,0.1,1112.76
IN-2025-100394,2025-06-20,2025-06-26,Standard Class,CU-1064,Aarav Singh,Corporate,India,Bhopal,Madhya Pradesh,Central,OFF-AR-1002,Office Supplies,Art,Premium Pen Set,2464.06,2,0.1,361.09
IN-2025-100394,2025-06-20,2025-06-26,Standard Class,CU-1064,Aarav Singh,Corporate,India,Bhopal,Madhya Pradesh,Central,OFF-BI-1001,Office Supplies,Binders,Ring Binder A4 (Pack of 10),3029.83,5,0,991.82
IN-2025-100962,2025-06-20,2025-06-22,Second Class,CU-1280,Sanjana Desai,Consumer,India,Kolkata,West Bengal,East,OFF-AR-1004,Office Supplies,Art,Artist Sketch Kit,1604.3,1,0.1,262.16
IN-2025-101170,2025-06-20,2025-06-23,Second Class,CU-1329,Rohan Kapoor,Home Office,India,Patna,Bihar,East,FUR-FU-1002,Furniture,Furnishings,Wall Clock Classic,1916.33,2,0,415.94
IN-2025-100698,2025-06-21,2025-06-25,Standard Class,CU-1229,Meera Patel,Consumer,India,Bhubaneswar,Odisha,East,OFF-AR-1001,Office Supplies,Art,Whiteboard Marker Set,692.91,2,0.15,104.9
IN-2025-100698,2025-06-21,2025-06-25,Standard Class,CU-1229,Meera Patel,Consumer,India,Bhubaneswar,Odisha,East,FUR-BO-1001,Furniture,Bookcases,Wooden Bookcase 5-Shelf,23558.47,2,0,2327.85
IN-2025-100161,2025-06-24,2025-06-28,Standard Class,CU-1267,Priya Kapoor,Consumer,India,Coimbatore,Tamil Nadu,South,OFF-PA-1002,Office Supplies,Paper,Premium Photo Paper,6261.69,5,0,2086.39
IN-2025-101690,2025-06-24,2025-06-29,Standard Class,CU-1352,Pooja Patel,Home Office,India,Panaji,Goa,West,OFF-AR-1002,Office Supplies,Art,Premium Pen Set,1382.49,1,0,291.09
IN-2025-100722,2025-06-25,2025-07-01,Standard Class,CU-1400,Divya Gupta,Home Office,India,Mysuru,Karnataka,South,FUR-FU-1002,Furniture,Furnishings,Wall Clock Classic,3382.65,4,0.1,158.88
IN-2025-100925,2025-06-25,2025-06-25,Same Day,CU-1025,Arjun Bose,Home Office,India,Jaipur,Rajasthan,North,TEC-CO-1004,Technology,Copiers,Document Scanner,19815.04,1,0.1,3680.71
IN-2025-101191,2025-06-25,2025-06-29,Standard Class,CU-1144,Isha Reddy,Home Office,India,Kochi,Kerala,South,FUR-FU-1001,Furniture,Furnishings,LED Desk Lamp,2634.67,2,0.05,534.16
IN-2025-101191,2025-06-25,2025-06-29,Standard Class,CU-1144,Isha Reddy,Home Office,India,Kochi,Kerala,South,FUR-CH-1001,Furniture,Chairs,Ergonomic Office Chair,52088.82,7,0.1,3620.61
IN-2025-100106,2025-06-26,2025-06-30,Second Class,CU-1295,Shruti Verma,Consumer,India,Hyderabad,Telangana,South,FUR-BO-1003,Furniture,Bookcases,Corner Display Unit,19154.56,2,0,1200.71
IN-2025-100757,2025-06-26,2025-06-28,First Class,CU-1342,Riya Bose,Corporate,India,Jaipur,Rajasthan,North,FUR-FU-1004,Furniture,Furnishings,Anti-Fatigue Floor Mat,1764.31,1,0,349.58
IN-2025-101378,2025-06-26,2025-07-01,Standard Class,CU-1144,Isha Reddy,Home Office,India,Kochi,Kerala,South,OFF-BI-1003,Office Supplies,Binders,Binding Machine Combs,5454.0,7,0,1302.78
IN-2025-100035,2025-06-27,2025-06-27,Same Day,CU-1091,Siddharth Das,Corporate,India,Chennai,Tamil Nadu,South,OFF-BI-1002,Office Supplies,Binders,Heavy Duty Lever Arch File,1274.67,4,0.1,246.17
IN-2025-100555,2025-06-27,2025-06-29,Second Class,CU-1034,Rahul Pillai,Consumer,India,Panaji,Goa,West,OFF-AR-1004,Office Supplies,Art,Artist Sketch Kit,1593.33,1,0.05,294.6
IN-2025-100630,2025-07-02,2025-07-05,Second Class,CU-1432,Diya Menon,Consumer,India,Jaipur,Rajasthan,North,OFF-BI-1001,Office Supplies,Binders,Ring Binder A4 (Pack of 10),426.57,1,0.3,-3.33
IN-2025-100630,2025-07-02,2025-07-05,Second Class,CU-1432,Diya Menon,Consumer,India,Jaipur,Rajasthan,North,OFF-AR-1001,Office Supplies,Art,Whiteboard Marker Set,362.24,1,0.1,82.7
IN-2025-100424,2025-07-03,2025-07-10,Standard Class,CU-1373,Aman Iyer,Consumer,India,Bengaluru,Karnataka,South,FUR-TA-1003,Furniture,Tables,Folding Training Table,53391.18,8,0,1098.46
IN-2025-100117,2025-07-04,2025-07-07,Second Class,CU-1162,Harsh Nair,Consumer,India,Kochi,Kerala,South,FUR-CH-1001,Furniture,Chairs,Ergonomic Office Chair,8351.62,1,0,1545.07
IN-2025-100117,2025-07-04,2025-07-07,Second Class,CU-1162,Harsh Nair,Consumer,India,Kochi,Kerala,South,OFF-ST-1003,Office Supplies,Storage,Desk Organizer,608.23,1,0.3,-98.7
IN-2025-100694,2025-07-04,2025-07-07,Second Class,CU-1117,Neha Shah,Corporate,India,Nagpur,Maharashtra,West,OFF-AR-1001,Office Supplies,Art,Whiteboard Marker Set,1278.01,3,0,313.31
IN-2025-101165,2025-07-06,2025-07-12,Standard Class,CU-1183,Priya Iyer,Consumer,India,Ahmedabad,Gujarat,West,OFF-ST-1003,Office Supplies,Storage,Desk Organizer,762.82,1,0.1,16.72
IN-2025-101165,2025-07-06,2025-07-12,Standard Class,CU-1183,Priya Iyer,Consumer,India,Ahmedabad,Gujarat,West,OFF-PA-1004,Office Supplies,Paper,Thermal Roll Pack,1428.29,2,0,475.92
IN-2025-101165,2025-07-06,2025-07-12,Standard Class,CU-1183,Priya Iyer,Consumer,India,Ahmedabad,Gujarat,West,OFF-PA-1003,Office Supplies,Paper,Sticky Notes Bulk Pack,984.99,2,0.15,253.11
IN-2025-101165,2025-07-06,2025-07-12,Standard Class,CU-1183,Priya Iyer,Consumer,India,Ahmedabad,Gujarat,West,FUR-CH-1001,Furniture,Chairs,Ergonomic Office Chair,34221.15,4,0,4162.74
IN-2025-101219,2025-07-06,2025-07-13,Standard Class,CU-1007,Manish Patel,Corporate,India,Patna,Bihar,East,FUR-FU-1004,Furniture,Furnishings,Anti-Fatigue Floor Mat,5562.91,3,0,1226.12
IN-2025-100129,2025-07-08,2025-07-15,Standard Class,CU-1425,Pooja Das,Consumer,India,Coimbatore,Tamil Nadu,South,OFF-BI-1001,Office Supplies,Binders,Ring Binder A4 (Pack of 10),1242.06,2,0,363.04
IN-2025-100890,2025-07-08,2025-07-15,Standard Class,CU-1142,Sneha Verma,Home Office,India,Amritsar,Punjab,North,FUR-TA-1003,Furniture,Tables,Folding Training Table,4341.89,1,0.3,-955.87
IN-2025-100890,2025-07-08,2025-07-15,Standard Class,CU-1142,Sneha Verma,Home Office,India,Amritsar,Punjab,North,FUR-CH-1001,Furniture,Chairs,Ergonomic Office Chair,7610.04,1,0.1,273.54
IN-2025-100890,2025-07-08,2025-07-15,Standard Class,CU-1142,Sneha Verma,Home Office,India,Amritsar,Punjab,North,OFF-AR-1003,Office Supplies,Art,Highlighter Pack,1813.35,7,0,485.95
IN-2025-101322,2025-07-08,2025-07-13,Standard Class,CU-1066,Siddharth Mehta,Corporate,India,Pune,Maharashtra,West,FUR-BO-1003,Furniture,Bookcases,Corner Display Unit,8058.18,1,0.1,88.14
IN-2025-101441,2025-07-08,2025-07-10,Second Class,CU-1089,Tanvi Joshi,Consumer,India,Panaji,Goa,West,FUR-FU-1003,Furniture,Furnishings,Office Curtain Set,8169.09,4,0.3,-1225.63
IN-2025-101441,2025-07-08,2025-07-10,Second Class,CU-1089,Tanvi Joshi,Consumer,India,Panaji,Goa,West,OFF-PA-1004,Office Supplies,Paper,Thermal Roll Pack,496.15,1,0.3,81.3
IN-2025-101441,2025-07-08,2025-07-10,Second Class,CU-1089,Tanvi Joshi,Consumer,India,Panaji,Goa,West,OFF-AR-1001,Office Supplies,Art,Whiteboard Marker Set,382.08,1,0.1,56.17
IN-2025-101441,2025-07-08,2025-07-10,Second Class,CU-1089,Tanvi Joshi,Consumer,India,Panaji,Goa,West,FUR-FU-1004,Furniture,Furnishings,Anti-Fatigue Floor Mat,3832.84,2,0,825.1
IN-2025-101546,2025-07-08,2025-07-14,Standard Class,CU-1228,Pooja Joshi,Consumer,India,Coimbatore,Tamil Nadu,South,FUR-CH-1002,Furniture,Chairs,Executive Leather Chair,16207.54,1,0.15,681.09
IN-2025-100785,2025-07-09,2025-07-16,Standard Class,CU-1082,Pranav Chopra,Consumer,India,Jaipur,Rajasthan,North,TEC-AC-1003,Technology,Accessories,USB-C Hub 7-in-1,1924.66,1,0.2,183.87
IN-2025-101633,2025-07-09,2025-07-14,Standard Class,CU-1440,Karan Das,Home Office,India,Jaipur,Rajasthan,North,OFF-PA-1001,Office Supplies,Paper,A4 Copier Paper 500 Sheets,264.66,1,0.3,27.02
IN-2025-101633,2025-07-09,2025-07-14,Standard Class,CU-1440,Karan Das,Home Office,India,Jaipur,Rajasthan,North,OFF-ST-1003,Office Supplies,Storage,Desk Organizer,908.51,1,0,33.77
IN-2025-101633,2025-07-09,2025-07-14,Standard Class,CU-1440,Karan Das,Home Office,India,Jaipur,Rajasthan,North,OFF-ST-1003,Office Supplies,Storage,Desk Organizer,791.56,1,0.15,40.19
IN-2025-101633,2025-07-09,2025-07-14,Standard Class,CU-1440,Karan Das,Home Office,India,Jaipur,Rajasthan,North,FUR-TA-1002,Furniture,Tables,Computer Desk,47648.32,5,0,-4059.27
IN-2025-101013,2025-07-10,2025-07-17,Standard Class,CU-1255,Swati Kapoor,Corporate,India,Chennai,Tamil Nadu,South,OFF-ST-1002,Office Supplies,Storage,Plastic Storage Box Set,4883.46,3,0.05,671.01
IN-2025-101075,2025-07-12,2025-07-16,Second Class,CU-1413,Aditya Bose,Home Office,India,Bhubaneswar,Odisha,East,OFF-PA-1002,Office Supplies,Paper,Premium Photo Paper,1192.08,1,0,459.65
IN-2025-101075,2025-07-12,2025-07-16,Second Class,CU-1413,Aditya Bose,Home Office,India,Bhubaneswar,Odisha,East,FUR-CH-1003,Furniture,Chairs,Mesh Back Task Chair,3537.27,1,0.3,-362.61
IN-2025-101075,2025-07-12,2025-07-16,Second Class,CU-1413,Aditya Bose,Home Office,India,Bhubaneswar,Odisha,East,FUR-TA-1003,Furniture,Tables,Folding Training Table,25323.08,4,0,-1904.23
IN-2025-101075,2025-07-12,2025-07-16,Second Class,CU-1413,Aditya Bose,Home Office,India,Bhubaneswar,Odisha,East,TEC-MA-1003,Technology,Machines,Laminating Machine,13617.65,2,0,-279.52
IN-2025-100690,2025-07-13,2025-07-20,Standard Class,CU-1389,Shruti Menon,Consumer,India,Kochi,Kerala,South,TEC-CO-1003,Technology,Copiers,Mono Laser Printer,35722.04,2,0,11329.76
IN-2025-101078,2025-07-13,2025-07-16,First Class,CU-1415,Meera Das,Consumer,India,Kolkata,West Bengal,East,TEC-CO-1003,Technology,Copiers,Mono Laser Printer,135938.6,8,0,40470.82
IN-2025-100369,2025-07-14,2025-07-18,Second Class,CU-1221,Divya Chopra,Corporate,India,Surat,Gujarat,West,OFF-BI-1004,Office Supplies,Binders,Plastic Folder Set,1797.56,4,0,504.52
IN-2025-100174,2025-07-16,2025-07-19,First Class,CU-1070,Arjun Kapoor,Consumer,India,Raipur,Chhattisgarh,Central,OFF-ST-1004,Office Supplies,Storage,Wall Mount Shelf Box,7641.01,5,0.3,-602.55
IN-2025-100174,2025-07-16,2025-07-19,First Class,CU-1070,Arjun Kapoor,Consumer,India,Raipur,Chhattisgarh,Central,OFF-PA-1002,Office Supplies,Paper,Premium Photo Paper,5167.55,4,0,1862.34
IN-2025-100640,2025-07-19,2025-07-21,First Class,CU-1317,Arjun Patel,Consumer,India,Mumbai,Maharashtra,West,OFF-ST-1003,Office Supplies,Storage,Desk Organizer,847.47,1,0,67.66
IN-2025-100406,2025-07-20,2025-07-23,Second Class,CU-1246,Manish Gupta,Consumer,India,Hyderabad,Telangana,South,OFF-PA-1003,Office Supplies,Paper,Sticky Notes Bulk Pack,2266.35,4,0,853.63
IN-2025-100038,2025-07-21,2025-07-21,Same Day,CU-1090,Ananya Gupta,Consumer,India,Ahmedabad,Gujarat,West,OFF-ST-1002,Office Supplies,Storage,Plastic Storage Box Set,7219.5,5,0.1,924.1
IN-2025-100038,2025-07-21,2025-07-21,Same Day,CU-1090,Ananya Gupta,Consumer,India,Ahmedabad,Gujarat,West,OFF-ST-1003,Office Supplies,Storage,Desk Organizer,865.28,1,0.05,58.92
IN-2025-100159,2025-07-21,2025-07-28,Standard Class,CU-1252,Divya Shah,Consumer,India,Coimbatore,Tamil Nadu,South,FUR-FU-1001,Furniture,Furnishings,LED Desk Lamp,1265.1,1,0.15,122.19
IN-2025-100159,2025-07-21,2025-07-28,Standard Class,CU-1252,Divya Shah,Consumer,India,Coimbatore,Tamil Nadu,South,OFF-PA-1001,Office Supplies,Paper,A4 Copier Paper 500 Sheets,1559.18,4,0,597.15
IN-2025-101151,2025-07-21,2025-07-24,Second Class,CU-1341,Siddharth Desai,Corporate,India,Panaji,Goa,West,FUR-FU-1003,Furniture,Furnishings,Office Curtain Set,5574.67,2,0.05,485.04
IN-2025-101151,2025-07-21,2025-07-24,Second Class,CU-1341,Siddharth Desai,Corporate,India,Panaji,Goa,West,TEC-AC-1003,Technology,Accessories,USB-C Hub 7-in-1,4963.46,2,0,1275.59
IN-2025-100717,2025-07-23,2025-07-29,Standard Class,CU-1326,Rohan Reddy,Consumer,India,Panaji,Goa,West,OFF-PA-1001,Office Supplies,Paper,A4 Copier Paper 500 Sheets,324.85,1,0.15,75.38
IN-2025-100717,2025-07-23,2025-07-29,Standard Class,CU-1326,Rohan Reddy,Consumer,India,Panaji,Goa,West,OFF-BI-1001,Office Supplies,Binders,Ring Binder A4 (Pack of 10),3339.5,6,0.1,724.31
IN-2025-101547,2025-07-23,2025-07-30,Standard Class,CU-1343,Arjun Chopra,Corporate,India,Raipur,Chhattisgarh,Central,OFF-AR-1003,Office Supplies,Art,Highlighter Pack,1089.32,4,0,311.88
IN-2025-101547,2025-07-23,2025-07-30,Standard Class,CU-1343,Arjun Chopra,Corporate,India,Raipur,Chhattisgarh,Central,OFF-BI-1002,Office Supplies,Binders,Heavy Duty Lever Arch File,681.24,2,0,222.18
IN-2025-101161,2025-07-25,2025-07-31,Standard Class,CU-1351,Diya Patel,Home Office,India,Surat,Gujarat,West,FUR-CH-1003,Furniture,Chairs,Mesh Back Task Chair,15108.21,3,0,1580.86
IN-2025-101567,2025-07-26,2025-07-30,Standard Class,CU-1073,Neha Iyer,Home Office,India,Bhopal,Madhya Pradesh,Central,TEC-CO-1003,Technology,Copiers,Mono Laser Printer,15821.25,1,0.1,3893.95
IN-2025-101567,2025-07-26,2025-07-30,Standard Class,CU-1073,Neha Iyer,Home Office,India,Bhopal,Madhya Pradesh,Central,OFF-AR-1004,Office Supplies,Art,Artist Sketch Kit,8909.64,5,0,2209.57
IN-2025-101567,2025-07-26,2025-07-30,Standard Class,CU-1073,Neha Iyer,Home Office,India,Bhopal,Madhya Pradesh,Central,OFF-BI-1004,Office Supplies,Binders,Plastic Folder Set,838.45,2,0.1,166.44
IN-2025-100248,2025-07-28,2025-08-04,Standard Class,CU-1348,Pranav Rao,Consumer,India,Nagpur,Maharashtra,West,FUR-CH-1001,Furniture,Chairs,Ergonomic Office Chair,25235.74,3,0,1527.06
IN-2025-100434,2025-07-28,2025-07-30,First Class,CU-1083,Siddharth Nair,Corporate,India,Jaipur,Rajasthan,North,OFF-PA-1002,Office Supplies,Paper,Premium Photo Paper,6533.01,5,0,2503.59
IN-2025-100464,2025-07-28,2025-07-30,Second Class,CU-1432,Diya Menon,Consumer,India,Jaipur,Rajasthan,North,OFF-ST-1004,Office Supplies,Storage,Wall Mount Shelf Box,2168.35,1,0,437.45
IN-2025-100033,2025-08-01,2025-08-01,Same Day,CU-1246,Manish Gupta,Consumer,India,Hyderabad,Telangana,South,OFF-PA-1003,Office Supplies,Paper,Sticky Notes Bulk Pack,2310.04,6,0.3,251.39
IN-2025-100033,2025-08-01,2025-08-01,Same Day,CU-1246,Manish Gupta,Consumer,India,Hyderabad,Telangana,South,OFF-ST-1003,Office Supplies,Storage,Desk Organizer,808.18,1,0.05,67.98
IN-2025-100063,2025-08-01,2025-08-05,Second Class,CU-1376,Pranav Das,Consumer,India,Raipur,Chhattisgarh,Central,OFF-AR-1002,Office Supplies,Art,Premium Pen Set,2592.73,2,0,585.47
IN-2025-100262,2025-08-01,2025-08-05,Standard Class,CU-1161,Yash Reddy,Home Office,India,Panaji,Goa,West,TEC-AC-1002,Technology,Accessories,Mechanical Keyboard,19088.48,6,0.15,3912.2
IN-2025-100262,2025-08-01,2025-08-05,Standard Class,CU-1161,Yash Reddy,Home Office,India,Panaji,Goa,West,OFF-AR-1001,Office Supplies,Art,Whiteboard Marker Set,1864.1,5,0.15,226.4
IN-2025-101483,2025-08-01,2025-08-07,Standard Class,CU-1141,Divya Kulkarni,Corporate,India,Panaji,Goa,West,OFF-PA-1003,Office Supplies,Paper,Sticky Notes Bulk Pack,1115.71,2,0.05,387.48
IN-2025-100503,2025-08-02,2025-08-09,Standard Class,CU-1357,Karan Verma,Corporate,India,Pune,Maharashtra,West,OFF-AR-1002,Office Supplies,Art,Premium Pen Set,4024.87,3,0,858.99
IN-2025-100528,2025-08-03,2025-08-05,First Class,CU-1375,Karan Nair,Corporate,India,Hyderabad,Telangana,South,TEC-MA-1002,Technology,Machines,Barcode Label Printer,64636.93,4,0,2596.35
IN-2025-100528,2025-08-03,2025-08-05,First Class,CU-1375,Karan Nair,Corporate,India,Hyderabad,Telangana,South,OFF-BI-1002,Office Supplies,Binders,Heavy Duty Lever Arch File,642.99,2,0.05,160.47
IN-2025-100972,2025-08-04,2025-08-11,Standard Class,CU-1371,Priya Nair,Consumer,India,Kochi,Kerala,South,OFF-BI-1003,Office Supplies,Binders,Binding Machine Combs,801.28,1,0,218.3
IN-2025-101077,2025-08-04,2025-08-08,Standard Class,CU-1183,Priya Iyer,Consumer,India,Ahmedabad,Gujarat,West,OFF-PA-1003,Office Supplies,Paper,Sticky Notes Bulk Pack,951.67,2,0.15,189.84
IN-2025-101132,2025-08-04,2025-08-10,Standard Class,CU-1405,Rohan Pillai,Consumer,India,Lucknow,Uttar Pradesh,North,TEC-AC-1001,Technology,Accessories,Wireless Mouse,2478.72,3,0.1,438.76
IN-2025-101132,2025-08-04,2025-08-10,Standard Class,CU-1405,Rohan Pillai,Consumer,India,Lucknow,Uttar Pradesh,North,FUR-CH-1002,Furniture,Chairs,Executive Leather Chair,36208.12,2,0.05,5255.24
IN-2025-101432,2025-08-05,2025-08-08,First Class,CU-1162,Harsh Nair,Consumer,India,Kochi,Kerala,South,TEC-PH-1002,Technology,Phones,Smartphone Lite 64GB,25133.56,2,0,4346.06
IN-2025-101234,2025-08-06,2025-08-10,Standard Class,CU-1349,Isha Shah,Consumer,India,Pune,Maharashtra,West,OFF-BI-1004,Office Supplies,Binders,Plastic Folder Set,1752.94,4,0,435.85
IN-2025-101332,2025-08-07,2025-08-09,Second Class,CU-1015,Tanvi Shah,Consumer,India,Raipur,Chhattisgarh,Central,OFF-PA-1003,Office Supplies,Paper,Sticky Notes Bulk Pack,553.25,1,0,210.23
IN-2025-101644,2025-08-07,2025-08-09,First Class,CU-1385,Aman Kapoor,Corporate,India,Panaji,Goa,West,OFF-BI-1002,Office Supplies,Binders,Heavy Duty Lever Arch File,242.62,1,0.3,15.5
IN-2025-101619,2025-08-08,2025-08-13,Standard Class,CU-1051,Pooja Mehta,Consumer,India,New Delhi,Delhi,North,OFF-AR-1002,Office Supplies,Art,Premium Pen Set,2791.71,2,0,796.87
IN-2025-101686,2025-08-08,2025-08-12,Second Class,CU-1014,Ananya Iyer,Consumer,India,Surat,Gujarat,West,OFF-BI-1002,Office Supplies,Binders,Heavy Duty Lever Arch File,596.6,2,0.1,143.66
IN-2025-100462,2025-08-09,2025-08-13,Standard Class,CU-1232,Aditya Menon,Home Office,India,Kochi,Kerala,South,OFF-BI-1002,Office Supplies,Binders,Heavy Duty Lever Arch File,665.38,2,0,167.15
IN-2025-100861,2025-08-09,2025-08-14,Standard Class,CU-1071,Nikhil Rao,Consumer,India,Noida,Uttar Pradesh,North,OFF-BI-1003,Office Supplies,Binders,Binding Machine Combs,1488.13,2,0.05,337.17
IN-2025-100861,2025-08-09,2025-08-14,Standard Class,CU-1071,Nikhil Rao,Consumer,India,Noida,Uttar Pradesh,North,TEC-MA-1002,Technology,Machines,Barcode Label Printer,58515.91,4,0.1,297.2
IN-2025-101194,2025-08-09,2025-08-13,Standard Class,CU-1203,Sneha Joshi,Home Office,India,Mysuru,Karnataka,South,FUR-TA-1003,Furniture,Tables,Folding Training Table,24285.62,4,0.1,-1640.07
IN-2025-101194,2025-08-09,2025-08-13,Standard Class,CU-1203,Sneha Joshi,Home Office,India,Mysuru,Karnataka,South,FUR-FU-1004,Furniture,Furnishings,Anti-Fatigue Floor Mat,2850.89,2,0.2,193.82
IN-2025-101392,2025-08-11,2025-08-18,Standard Class,CU-1057,Tanvi Menon,Home Office,India,Kolkata,West Bengal,East,TEC-PH-1004,Technology,Phones,Conference Speakerphone,28198.16,3,0,4388.08
IN-2025-101392,2025-08-11,2025-08-18,Standard Class,CU-1057,Tanvi Menon,Home Office,India,Kolkata,West Bengal,East,TEC-CO-1003,Technology,Copiers,Mono Laser Printer,14406.43,1,0.2,1981.38
IN-2025-100225,2025-08-14,2025-08-18,Standard Class,CU-1191,Tanvi Reddy,Home Office,India,Amritsar,Punjab,North,OFF-PA-1003,Office Supplies,Paper,Sticky Notes Bulk Pack,1674.99,3,0,577.74
IN-2025-100867,2025-08-14,2025-08-19,Standard Class,CU-1105,Nikhil Kapoor,Home Office,India,Ahmedabad,Gujarat,West,OFF-PA-1002,Office Supplies,Paper,Premium Photo Paper,1283.37,1,0,518.12
IN-2025-100867,2025-08-14,2025-08-19,Standard Class,CU-1105,Nikhil Kapoor,Home Office,India,Ahmedabad,Gujarat,West,OFF-BI-1004,Office Supplies,Binders,Plastic Folder Set,1393.48,4,0.2,189.05
IN-2025-101024,2025-08-14,2025-08-14,Same Day,CU-1294,Riya Rao,Consumer,India,Panaji,Goa,West,TEC-CO-1004,Technology,Copiers,Document Scanner,20356.41,1,0.1,3967.01
IN-2025-101024,2025-08-14,2025-08-14,Same Day,CU-1294,Riya Rao,Consumer,India,Panaji,Goa,West,FUR-FU-1002,Furniture,Furnishings,Wall Clock Classic,2395.34,3,0.15,214.33
IN-2025-100216,2025-08-15,2025-08-19,Second Class,CU-1107,Shruti Mehta,Consumer,India,Kochi,Kerala,South,FUR-FU-1002,Furniture,Furnishings,Wall Clock Classic,3039.24,4,0.2,-103.86
IN-2025-101000,2025-08-15,2025-08-20,Standard Class,CU-1200,Rohan Sharma,Consumer,India,Panaji,Goa,West,TEC-PH-1002,Technology,Phones,Smartphone Lite 64GB,9307.15,1,0.3,-942.64
IN-2025-101000,2025-08-15,2025-08-20,Standard Class,CU-1200,Rohan Sharma,Consumer,India,Panaji,Goa,West,TEC-AC-1001,Technology,Accessories,Wireless Mouse,911.87,1,0,224.99
IN-2025-100490,2025-08-16,2025-08-22,Standard Class,CU-1342,Riya Bose,Corporate,India,Jaipur,Rajasthan,North,OFF-ST-1003,Office Supplies,Storage,Desk Organizer,1672.6,2,0.05,115.15
IN-2025-101237,2025-08-17,2025-08-19,First Class,CU-1250,Tanvi Gupta,Corporate,India,Panaji,Goa,West,OFF-AR-1003,Office Supplies,Art,Highlighter Pack,654.73,3,0.2,67.71
IN-2025-100778,2025-08-18,2025-08-20,Second Class,CU-1207,Meera Kapoor,Corporate,India,Panaji,Goa,West,FUR-CH-1003,Furniture,Chairs,Mesh Back Task Chair,25440.55,6,0.15,-1217.46
IN-2025-100778,2025-08-18,2025-08-20,Second Class,CU-1207,Meera Kapoor,Corporate,India,Panaji,Goa,West,FUR-BO-1003,Furniture,Bookcases,Corner Display Unit,8838.28,1,0,1210.51
IN-2025-100778,2025-08-18,2025-08-20,Second Class,CU-1207,Meera Kapoor,Corporate,India,Panaji,Goa,West,OFF-PA-1002,Office Supplies,Paper,Premium Photo Paper,2228.85,2,0.1,687.41
IN-2025-101047,2025-08-18,2025-08-25,Standard Class,CU-1153,Swati Shah,Home Office,India,Noida,Uttar Pradesh,North,FUR-TA-1004,Furniture,Tables,Reception Counter,63971.93,3,0.3,-19385.3
IN-2025-101047,2025-08-18,2025-08-25,Standard Class,CU-1153,Swati Shah,Home Office,India,Noida,Uttar Pradesh,North,OFF-BI-1002,Office Supplies,Binders,Heavy Duty Lever Arch File,702.93,2,0,207.5
IN-2025-101047,2025-08-18,2025-08-25,Standard Class,CU-1153,Swati Shah,Home Office,India,Noida,Uttar Pradesh,North,OFF-AR-1001,Office Supplies,Art,Whiteboard Marker Set,345.49,1,0.15,70.83
IN-2025-101357,2025-08-18,2025-08-20,Second Class,CU-1345,Kavya Verma,Corporate,India,Panaji,Goa,West,OFF-PA-1002,Office Supplies,Paper,Premium Photo Paper,3812.86,3,0,1681.6
IN-2025-101357,2025-08-18,2025-08-20,Second Class,CU-1345,Kavya Verma,Corporate,India,Panaji,Goa,West,OFF-ST-1004,Office Supplies,Storage,Wall Mount Shelf Box,9828.59,6,0.2,-168.98
IN-2025-101357,2025-08-18,2025-08-20,Second Class,CU-1345,Kavya Verma,Corporate,India,Panaji,Goa,West,TEC-CO-1001,Technology,Copiers,Laser Copier Compact,41621.84,1,0.15,11576.25
IN-2025-101357,2025-08-18,2025-08-20,Second Class,CU-1345,Kavya Verma,Corporate,India,Panaji,Goa,West,OFF-ST-1001,Office Supplies,Storage,Steel Filing Cabinet,73717.49,7,0.2,-3956.46
IN-2025-101174,2025-08-19,2025-08-24,Standard Class,CU-1134,Vihaan Joshi,Consumer,India,Kochi,Kerala,South,TEC-MA-1003,Technology,Machines,Laminating Machine,13385.08,2,0.05,-80.37
IN-2025-101174,2025-08-19,2025-08-24,Standard Class,CU-1134,Vihaan Joshi,Consumer,India,Kochi,Kerala,South,FUR-BO-1004,Furniture,Bookcases,Modular Bookshelf,5316.0,1,0.3,-884.99
IN-2025-101189,2025-08-20,2025-08-25,Standard Class,CU-1154,Meera Mehta,Home Office,India,Panaji,Goa,West,FUR-CH-1003,Furniture,Chairs,Mesh Back Task Chair,3537.79,1,0.3,-616.83
IN-2025-101189,2025-08-20,2025-08-25,Standard Class,CU-1154,Meera Mehta,Home Office,India,Panaji,Goa,West,FUR-TA-1002,Furniture,Tables,Computer Desk,19146.59,2,0,847.62
IN-2025-100696,2025-08-22,2025-08-25,Second Class,CU-1282,Ananya Reddy,Corporate,India,Kolkata,West Bengal,East,FUR-FU-1002,Furniture,Furnishings,Wall Clock Classic,957.86,1,0,251.12
IN-2025-101509,2025-08-23,2025-08-24,First Class,CU-1088,Ananya Joshi,Home Office,India,Surat,Gujarat,West,OFF-ST-1001,Office Supplies,Storage,Steel Filing Cabinet,23748.83,2,0.1,-207.72
IN-2025-101509,2025-08-23,2025-08-24,First Class,CU-1088,Ananya Joshi,Home Office,India,Surat,Gujarat,West,TEC-AC-1001,Technology,Accessories,Wireless Mouse,6568.07,7,0,1567.41
IN-2025-101509,2025-08-23,2025-08-24,First Class,CU-1088,Ananya Joshi,Home Office,India,Surat,Gujarat,West,FUR-FU-1003,Furniture,Furnishings,Office Curtain Set,2824.53,1,0,694.95
IN-2025-101509,2025-08-23,2025-08-24,First Class,CU-1088,Ananya Joshi,Home Office,India,Surat,Gujarat,West,OFF-BI-1002,Office Supplies,Binders,Heavy Duty Lever Arch File,1366.49,4,0,406.64
IN-2025-100034,2025-08-25,2025-08-27,Second Class,CU-1082,Pranav Chopra,Consumer,India,Jaipur,Rajasthan,North,OFF-AR-1001,Office Supplies,Art,Whiteboard Marker Set,431.09,1,0,133.46
IN-2025-100516,2025-08-25,2025-08-29,Second Class,CU-1365,Siddharth Nair,Consumer,India,Raipur,Chhattisgarh,Central,FUR-FU-1003,Furniture,Furnishings,Office Curtain Set,14219.88,5,0,2968.51
IN-2025-100318,2025-08-26,2025-08-29,First Class,CU-1040,Vihaan Pillai,Home Office,India,Panaji,Goa,West,TEC-AC-1003,Technology,Accessories,USB-C Hub 7-in-1,7812.28,4,0.2,405.19
IN-2025-100318,2025-08-26,2025-08-29,First Class,CU-1040,Vihaan Pillai,Home Office,India,Panaji,Goa,West,OFF-BI-1003,Office Supplies,Binders,Binding Machine Combs,2776.2,4,0.1,690.85
IN-2025-100082,2025-08-28,2025-09-01,Standard Class,CU-1268,Swati Nair,Corporate,India,Ahmedabad,Gujarat,West,OFF-BI-1004,Office Supplies,Binders,Plastic Folder Set,436.5,1,0,130.96
IN-2025-101558,2025-08-28,2025-09-01,Second Class,CU-1176,Aarav Das,Consumer,India,Hyderabad,Telangana,South,OFF-BI-1004,Office Supplies,Binders,Plastic Folder Set,659.38,2,0.3,27.36
IN-2025-100730,2025-09-01,2025-09-07,Standard Class,CU-1146,Isha Kulkarni,Consumer,India,Kochi,Kerala,South,FUR-FU-1003,Furniture,Furnishings,Office Curtain Set,8321.43,3,0.05,1082.0
IN-2025-100194,2025-09-02,2025-09-06,Second Class,CU-1087,Swati Pillai,Consumer,India,Jaipur,Rajasthan,North,OFF-AR-1001,Office Supplies,Art,Whiteboard Marker Set,822.09,2,0,188.25
IN-2025-100194,2025-09-02,2025-09-06,Second Class,CU-1087,Swati Pillai,Consumer,India,Jaipur,Rajasthan,North,FUR-TA-1003,Furniture,Tables,Folding Training Table,12043.78,2,0.05,-1071.5
IN-2025-100824,2025-09-02,2025-09-06,Standard Class,CU-1412,Rahul Kapoor,Corporate,India,Mumbai,Maharashtra,West,OFF-ST-1002,Office Supplies,Storage,Plastic Storage Box Set,8309.58,6,0.2,-814.48
IN-2025-101623,2025-09-02,2025-09-07,Standard Class,CU-1128,Aman Patel,Consumer,India,Ahmedabad,Gujarat,West,FUR-FU-1003,Furniture,Furnishings,Office Curtain Set,19349.67,7,0,3835.6
IN-2025-100215,2025-09-03,2025-09-06,Second Class,CU-1179,Pranav Patel,Consumer,India,Ludhiana,Punjab,North,OFF-ST-1001,Office Supplies,Storage,Steel Filing Cabinet,9387.21,1,0.3,-1957.04
IN-2025-101205,2025-09-03,2025-09-07,Second Class,CU-1225,Vihaan Joshi,Consumer,India,Jaipur,Rajasthan,North,OFF-BI-1003,Office Supplies,Binders,Binding Machine Combs,4220.54,8,0.3,249.28
IN-2025-101228,2025-09-03,2025-09-07,Second Class,CU-1248,Aditya Chopra,Corporate,India,Amritsar,Punjab,North,OFF-PA-1002,Office Supplies,Paper,Premium Photo Paper,1288.8,1,0,551.98
IN-2025-100488,2025-09-05,2025-09-11,Standard Class,CU-1369,Aman Pillai,Consumer,India,Patna,Bihar,East,FUR-CH-1001,Furniture,Chairs,Ergonomic Office Chair,16345.01,2,0,1889.12
IN-2025-100488,2025-09-05,2025-09-11,Standard Class,CU-1369,Aman Pillai,Consumer,India,Patna,Bihar,East,FUR-CH-1001,Furniture,Chairs,Ergonomic Office Chair,25550.55,3,0,3074.46
IN-2025-100488,2025-09-05,2025-09-11,Standard Class,CU-1369,Aman Pillai,Consumer,India,Patna,Bihar,East,FUR-CH-1002,Furniture,Chairs,Executive Leather Chair,30052.53,2,0.15,111.36
IN-2025-100488,2025-09-05,2025-09-11,Standard Class,CU-1369,Aman Pillai,Consumer,India,Patna,Bihar,East,FUR-BO-1002,Furniture,Bookcases,Steel Library Rack,29928.79,2,0,3214.95
IN-2025-101534,2025-09-05,2025-09-09,Standard Class,CU-1323,Harsh Bose,Corporate,India,Pune,Maharashtra,West,FUR-FU-1002,Furniture,Furnishings,Wall Clock Classic,5482.17,6,0.05,1211.53
IN-2025-100105,2025-09-06,2025-09-10,Standard Class,CU-1450,Ananya Joshi,Consumer,India,Bengaluru,Karnataka,South,OFF-PA-1003,Office Supplies,Paper,Sticky Notes Bulk Pack,455.14,1,0.2,109.53
IN-2025-100105,2025-09-06,2025-09-10,Standard Class,CU-1450,Ananya Joshi,Consumer,India,Bengaluru,Karnataka,South,FUR-CH-1001,Furniture,Chairs,Ergonomic Office Chair,43445.56,6,0.15,-1901.45
IN-2025-100105,2025-09-06,2025-09-10,Standard Class,CU-1450,Ananya Joshi,Consumer,India,Bengaluru,Karnataka,South,OFF-BI-1004,Office Supplies,Binders,Plastic Folder Set,312.76,1,0.3,22.67
IN-2025-100457,2025-09-06,2025-09-09,First Class,CU-1250,Tanvi Gupta,Corporate,India,Panaji,Goa,West,OFF-PA-1001,Office Supplies,Paper,A4 Copier Paper 500 Sheets,1117.21,3,0.05,330.5
IN-2025-100599,2025-09-06,2025-09-13,Standard Class,CU-1335,Rohan Joshi,Consumer,India,Panaji,Goa,West,OFF-PA-1001,Office Supplies,Paper,A4 Copier Paper 500 Sheets,1585.79,4,0,491.84
IN-2025-100599,2025-09-06,2025-09-13,Standard Class,CU-1335,Rohan Joshi,Consumer,India,Panaji,Goa,West,OFF-PA-1002,Office Supplies,Paper,Premium Photo Paper,5860.78,5,0.05,1832.71
IN-2025-101203,2025-09-06,2025-09-12,Standard Class,CU-1081,Siddharth Shah,Corporate,India,Mumbai,Maharashtra,West,OFF-AR-1003,Office Supplies,Art,Highlighter Pack,816.85,3,0,260.29
IN-2025-101290,2025-09-06,2025-09-11,Standard Class,CU-1259,Sneha Rao,Consumer,India,Hyderabad,Telangana,South,OFF-PA-1003,Office Supplies,Paper,Sticky Notes Bulk Pack,746.59,2,0.3,146.77
IN-2025-101594,2025-09-06,2025-09-12,Standard Class,CU-1308,Tanvi Desai,Corporate,India,Lucknow,Uttar Pradesh,North,TEC-CO-1002,Technology,Copiers,Multifunction Copier Pro,76454.76,1,0,31311.7
IN-2025-100608,2025-09-07,2025-09-11,Second Class,CU-1221,Divya Chopra,Corporate,India,Surat,Gujarat,West,OFF-PA-1002,Office Supplies,Paper,Premium Photo Paper,6344.03,5,0,2321.29
IN-2025-100608,2025-09-07,2025-09-11,Second Class,CU-1221,Divya Chopra,Corporate,India,Surat,Gujarat,West,FUR-TA-1002,Furniture,Tables,Computer Desk,26338.41,3,0.1,-2561.58
IN-2025-100608,2025-09-07,2025-09-11,Second Class,CU-1221,Divya Chopra,Corporate,India,Surat,Gujarat,West,TEC-MA-1001,Technology,Machines,Currency Counting Machine,40248.58,5,0.15,-6011.33
IN-2025-101222,2025-09-07,2025-09-11,Standard Class,CU-1105,Nikhil Kapoor,Home Office,India,Ahmedabad,Gujarat,West,OFF-ST-1002,Office Supplies,Storage,Plastic Storage Box Set,2303.09,2,0.3,-221.29
IN-2025-101222,2025-09-07,2025-09-11,Standard Class,CU-1105,Nikhil Kapoor,Home Office,India,Ahmedabad,Gujarat,West,OFF-PA-1001,Office Supplies,Paper,A4 Copier Paper 500 Sheets,632.89,2,0.15,162.28
IN-2025-101341,2025-09-07,2025-09-09,First Class,CU-1031,Siddharth Iyer,Consumer,India,Bengaluru,Karnataka,South,TEC-PH-1002,Technology,Phones,Smartphone Lite 64GB,13275.02,1,0,2934.72
IN-2025-100874,2025-09-09,2025-09-12,First Class,CU-1416,Aditya Shah,Home Office,India,Bengaluru,Karnataka,South,OFF-PA-1003,Office Supplies,Paper,Sticky Notes Bulk Pack,2168.42,4,0,671.04
IN-2025-100874,2025-09-09,2025-09-12,First Class,CU-1416,Aditya Shah,Home Office,India,Bengaluru,Karnataka,South,TEC-AC-1002,Technology,Accessories,Mechanical Keyboard,7251.15,2,0,2135.35
IN-2025-100874,2025-09-09,2025-09-12,First Class,CU-1416,Aditya Shah,Home Office,India,Bengaluru,Karnataka,South,OFF-PA-1001,Office Supplies,Paper,A4 Copier Paper 500 Sheets,333.33,1,0.1,108.85
IN-2025-100874,2025-09-09,2025-09-12,First Class,CU-1416,Aditya Shah,Home Office,India,Bengaluru,Karnataka,South,OFF-PA-1004,Office Supplies,Paper,Thermal Roll Pack,1398.85,2,0,494.93
IN-2025-101028,2025-09-09,2025-09-15,Standard Class,CU-1093,Meera Chopra,Home Office,India,Coimbatore,Tamil Nadu,South,OFF-BI-1002,Office Supplies,Binders,Heavy Duty Lever Arch File,1648.82,5,0,635.71
IN-2025-100146,2025-09-10,2025-09-17,Standard Class,CU-1041,Neha Shah,Consumer,India,Indore,Madhya Pradesh,Central,TEC-CO-1002,Technology,Copiers,Multifunction Copier Pro,133178.89,2,0.15,20817.75
IN-2025-100146,2025-09-10,2025-09-17,Standard Class,CU-1041,Neha Shah,Consumer,India,Indore,Madhya Pradesh,Central,TEC-AC-1002,Technology,Accessories,Mechanical Keyboard,18445.82,5,0,5972.44
IN-2025-100146,2025-09-10,2025-09-17,Standard Class,CU-1041,Neha Shah,Consumer,India,Indore,Madhya Pradesh,Central,OFF-ST-1004,Office Supplies,Storage,Wall Mount Shelf Box,6177.01,3,0,280.81
IN-2025-100411,2025-09-10,2025-09-12,Second Class,CU-1274,Yash Shah,Consumer,India,Mysuru,Karnataka,South,FUR-CH-1004,Furniture,Chairs,Visitor Chair Set,2716.29,1,0.3,-390.9
IN-2025-100411,2025-09-10,2025-09-12,Second Class,CU-1274,Yash Shah,Consumer,India,Mysuru,Karnataka,South,TEC-AC-1003,Technology,Accessories,USB-C Hub 7-in-1,7039.28,4,0.3,242.62
IN-2025-100576,2025-09-10,2025-09-14,Second Class,CU-1438,Priya Gupta,Consumer,India,Kochi,Kerala,South,OFF-AR-1002,Office Supplies,Art,Premium Pen Set,1049.24,1,0.2,114.86
IN-2025-100576,2025-09-10,2025-09-14,Second Class,CU-1438,Priya Gupta,Consumer,India,Kochi,Kerala,South,OFF-AR-1002,Office Supplies,Art,Premium Pen Set,961.2,1,0.3,-21.77
IN-2025-100576,2025-09-10,2025-09-14,Second Class,CU-1438,Priya Gupta,Consumer,India,Kochi,Kerala,South,OFF-ST-1003,Office Supplies,Storage,Desk Organizer,4957.68,6,0.05,339.65
IN-2025-101145,2025-09-10,2025-09-16,Standard Class,CU-1258,Kavya Chopra,Home Office,India,Ahmedabad,Gujarat,West,FUR-CH-1002,Furniture,Chairs,Executive Leather Chair,37882.78,2,0,2320.55
IN-2025-101630,2025-09-10,2025-09-16,Standard Class,CU-1044,Rahul Patel,Corporate,India,Coimbatore,Tamil Nadu,South,FUR-FU-1003,Furniture,Furnishings,Office Curtain Set,5569.16,2,0,1396.16
IN-2025-101630,2025-09-10,2025-09-16,Standard Class,CU-1044,Rahul Patel,Corporate,India,Coimbatore,Tamil Nadu,South,OFF-ST-1003,Office Supplies,Storage,Desk Organizer,841.31,1,0.05,28.31
IN-2025-100647,2025-09-12,2025-09-13,First Class,CU-1097,Swati Verma,Home Office,India,Kochi,Kerala,South,OFF-PA-1003,Office Supplies,Paper,Sticky Notes Bulk Pack,1451.06,3,0.1,464.77
IN-2025-100647,2025-09-12,2025-09-13,First Class,CU-1097,Swati Verma,Home Office,India,Kochi,Kerala,South,OFF-AR-1002,Office Supplies,Art,Premium Pen Set,1223.99,1,0.1,267.57
IN-2025-100367,2025-09-13,2025-09-17,Standard Class,CU-1266,Vihaan Desai,Home Office,India,Ludhiana,Punjab,North,TEC-AC-1002,Technology,Accessories,Mechanical Keyboard,2984.38,1,0.15,302.1
IN-2025-100367,2025-09-13,2025-09-17,Standard Class,CU-1266,Vihaan Desai,Home Office,India,Ludhiana,Punjab,North,OFF-AR-1001,Office Supplies,Art,Whiteboard Marker Set,816.67,2,0.05,256.61
IN-2025-100367,2025-09-13,2025-09-17,Standard Class,CU-1266,Vihaan Desai,Home Office,India,Ludhiana,Punjab,North,OFF-AR-1003,Office Supplies,Art,Highlighter Pack,1499.05,6,0,293.55
IN-2025-100991,2025-09-13,2025-09-20,Standard Class,CU-1094,Riya Sharma,Home Office,India,Panaji,Goa,West,TEC-CO-1002,Technology,Copiers,Multifunction Copier Pro,72323.5,1,0.05,18230.66
IN-2025-101019,2025-09-13,2025-09-18,Standard Class,CU-1386,Pranav Nair,Home Office,India,Kolkata,West Bengal,East,TEC-AC-1001,Technology,Accessories,Wireless Mouse,5293.59,6,0.05,1273.41
IN-2025-101019,2025-09-13,2025-09-18,Standard Class,CU-1386,Pranav Nair,Home Office,India,Kolkata,West Bengal,East,OFF-PA-1002,Office Supplies,Paper,Premium Photo Paper,1232.28,1,0.05,407.6
IN-2025-101335,2025-09-13,2025-09-15,First Class,CU-1177,Swati Desai,Corporate,India,Mysuru,Karnataka,South,FUR-FU-1002,Furniture,Furnishings,Wall Clock Classic,3784.8,4,0,543.12
IN-2025-101335,2025-09-13,2025-09-15,First Class,CU-1177,Swati Desai,Corporate,India,Mysuru,Karnataka,South,OFF-AR-1003,Office Supplies,Art,Highlighter Pack,704.79,3,0.05,122.42
IN-2025-101335,2025-09-13,2025-09-15,First Class,CU-1177,Swati Desai,Corporate,India,Mysuru,Karnataka,South,OFF-PA-1003,Office Supplies,Paper,Sticky Notes Bulk Pack,1626.5,3,0,669.89
IN-2025-101484,2025-09-13,2025-09-17,Second Class,CU-1223,Riya Kapoor,Consumer,India,Surat,Gujarat,West,OFF-ST-1003,Office Supplies,Storage,Desk Organizer,2525.59,3,0.05,149.17
IN-2025-100578,2025-09-15,2025-09-19,Second Class,CU-1305,Sneha Patel,Home Office,India,Pune,Maharashtra,West,OFF-BI-1004,Office Supplies,Binders,Plastic Folder Set,2657.6,6,0,713.5
IN-2025-101452,2025-09-15,2025-09-19,Second Class,CU-1362,Aman Chopra,Consumer,India,Surat,Gujarat,West,OFF-PA-1003,Office Supplies,Paper,Sticky Notes Bulk Pack,1068.79,2,0,281.91
IN-2025-100459,2025-09-17,2025-09-21,Standard Class,CU-1059,Arjun Iyer,Home Office,India,Kochi,Kerala,South,OFF-BI-1002,Office Supplies,Binders,Heavy Duty Lever Arch File,1192.83,4,0.1,260.48
IN-2025-101411,2025-09-17,2025-09-20,First Class,CU-1121,Ananya Joshi,Consumer,India,Noida,Uttar Pradesh,North,OFF-PA-1001,Office Supplies,Paper,A4 Copier Paper 500 Sheets,391.76,1,0,151.76
IN-2025-100587,2025-09-18,2025-09-21,Second Class,CU-1247,Diya Kulkarni,Corporate,India,Panaji,Goa,West,FUR-CH-1004,Furniture,Chairs,Visitor Chair Set,14992.33,4,0,1300.95
IN-2025-100587,2025-09-18,2025-09-21,Second Class,CU-1247,Diya Kulkarni,Corporate,India,Panaji,Goa,West,OFF-AR-1003,Office Supplies,Art,Highlighter Pack,413.03,2,0.2,39.64
IN-2025-100587,2025-09-18,2025-09-21,Second Class,CU-1247,Diya Kulkarni,Corporate,India,Panaji,Goa,West,OFF-BI-1001,Office Supplies,Binders,Ring Binder A4 (Pack of 10),3168.82,5,0,1000.7
IN-2025-101431,2025-09-18,2025-09-25,Standard Class,CU-1085,Pooja Joshi,Home Office,India,Jaipur,Rajasthan,North,FUR-CH-1001,Furniture,Chairs,Ergonomic Office Chair,15620.63,2,0.05,2018.07
IN-2025-101431,2025-09-18,2025-09-25,Standard Class,CU-1085,Pooja Joshi,Home Office,India,Jaipur,Rajasthan,North,FUR-FU-1002,Furniture,Furnishings,Wall Clock Classic,755.96,1,0.2,11.46
IN-2025-100257,2025-09-19,2025-09-23,Standard Class,CU-1291,Aman Patel,Corporate,India,Noida,Uttar Pradesh,North,OFF-PA-1002,Office Supplies,Paper,Premium Photo Paper,1268.94,1,0,392.09
IN-2025-100257,2025-09-19,2025-09-23,Standard Class,CU-1291,Aman Patel,Corporate,India,Noida,Uttar Pradesh,North,OFF-BI-1002,Office Supplies,Binders,Heavy Duty Lever Arch File,1174.9,4,0.15,175.02
IN-2025-100257,2025-09-19,2025-09-23,Standard Class,CU-1291,Aman Patel,Corporate,India,Noida,Uttar Pradesh,North,FUR-FU-1004,Furniture,Furnishings,Anti-Fatigue Floor Mat,2507.28,2,0.3,-79.88
IN-2025-101382,2025-09-19,2025-09-22,Second Class,CU-1351,Diya Patel,Home Office,India,Surat,Gujarat,West,TEC-AC-1002,Technology,Accessories,Mechanical Keyboard,3528.42,1,0,1092.7
IN-2025-101382,2025-09-19,2025-09-22,Second Class,CU-1351,Diya Patel,Home Office,India,Surat,Gujarat,West,TEC-AC-1004,Technology,Accessories,Noise Cancelling Headset,7638.31,1,0,1734.11
IN-2025-101382,2025-09-19,2025-09-22,Second Class,CU-1351,Diya Patel,Home Office,India,Surat,Gujarat,West,OFF-PA-1003,Office Supplies,Paper,Sticky Notes Bulk Pack,1644.19,3,0,581.77
IN-2025-100088,2025-09-20,2025-09-24,Standard Class,CU-1350,Neha Shah,Consumer,India,New Delhi,Delhi,North,OFF-BI-1004,Office Supplies,Binders,Plastic Folder Set,1779.46,4,0,477.64
IN-2025-100088,2025-09-20,2025-09-24,Standard Class,CU-1350,Neha Shah,Consumer,India,New Delhi,Delhi,North,TEC-AC-1004,Technology,Accessories,Noise Cancelling Headset,35150.22,5,0.1,6040.27
IN-2025-100088,2025-09-20,2025-09-24,Standard Class,CU-1350,Neha Shah,Consumer,India,New Delhi,Delhi,North,OFF-PA-1003,Office Supplies,Paper,Sticky Notes Bulk Pack,1106.38,2,0.05,389.42
IN-2025-101126,2025-09-21,2025-09-27,Standard Class,CU-1046,Sneha Iyer,Home Office,India,Indore,Madhya Pradesh,Central,OFF-AR-1001,Office Supplies,Art,Whiteboard Marker Set,300.33,1,0.3,16.54
IN-2025-101280,2025-09-21,2025-09-23,Second Class,CU-1072,Vihaan Menon,Consumer,India,Kolkata,West Bengal,East,OFF-PA-1001,Office Supplies,Paper,A4 Copier Paper 500 Sheets,352.71,1,0.05,103.16
IN-2025-101280,2025-09-21,2025-09-23,Second Class,CU-1072,Vihaan Menon,Consumer,India,Kolkata,West Bengal,East,FUR-CH-1004,Furniture,Chairs,Visitor Chair Set,3744.43,1,0,228.26
IN-2025-100142,2025-09-22,2025-09-29,Standard Class,CU-1054,Pranav Nair,Consumer,India,Bhubaneswar,Odisha,East,FUR-FU-1001,Furniture,Furnishings,LED Desk Lamp,2651.12,2,0.1,228.9
IN-2025-100130,2025-09-23,2025-09-26,Second Class,CU-1333,Manish Sharma,Corporate,India,Jaipur,Rajasthan,North,TEC-PH-1003,Technology,Phones,IP Desk Phone,12006.18,2,0,1752.67
IN-2025-100130,2025-09-23,2025-09-26,Second Class,CU-1333,Manish Sharma,Corporate,India,Jaipur,Rajasthan,North,OFF-ST-1004,Office Supplies,Storage,Wall Mount Shelf Box,1627.55,1,0.2,-7.84
IN-2025-100135,2025-09-23,2025-09-28,Standard Class,CU-1191,Tanvi Reddy,Home Office,India,Amritsar,Punjab,North,FUR-FU-1004,Furniture,Furnishings,Anti-Fatigue Floor Mat,3473.47,2,0.1,445.22
IN-2025-100135,2025-09-23,2025-09-28,Standard Class,CU-1191,Tanvi Reddy,Home Office,India,Amritsar,Punjab,North,TEC-MA-1004,Technology,Machines,Paper Shredder 20-Sheet,33114.54,3,0,2588.05
IN-2025-100135,2025-09-23,2025-09-28,Standard Class,CU-1191,Tanvi Reddy,Home Office,India,Amritsar,Punjab,North,FUR-BO-1001,Furniture,Bookcases,Wooden Bookcase 5-Shelf,21697.07,2,0.1,668.88
IN-2025-100650,2025-09-23,2025-09-30,Standard Class,CU-1388,Pooja Shah,Consumer,India,Amritsar,Punjab,North,FUR-FU-1002,Furniture,Furnishings,Wall Clock Classic,1560.06,2,0.2,80.43
IN-2025-100650,2025-09-23,2025-09-30,Standard Class,CU-1388,Pooja Shah,Consumer,India,Amritsar,Punjab,North,OFF-BI-1001,Office Supplies,Binders,Ring Binder A4 (Pack of 10),1570.75,3,0.15,271.17
IN-2025-101684,2025-09-23,2025-09-29,Standard Class,CU-1177,Swati Desai,Corporate,India,Mysuru,Karnataka,South,TEC-MA-1003,Technology,Machines,Laminating Machine,6484.99,1,0,488.62
IN-2025-101684,2025-09-23,2025-09-29,Standard Class,CU-1177,Swati Desai,Corporate,India,Mysuru,Karnataka,South,OFF-PA-1001,Office Supplies,Paper,A4 Copier Paper 500 Sheets,736.79,2,0,302.83
IN-2025-100780,2025-09-24,2025-09-26,Second Class,CU-1253,Diya Reddy,Consumer,India,Indore,Madhya Pradesh,Central,FUR-CH-1004,Furniture,Chairs,Visitor Chair Set,3130.67,1,0.15,56.62
IN-2025-100780,2025-09-24,2025-09-26,Second Class,CU-1253,Diya Reddy,Consumer,India,Indore,Madhya Pradesh,Central,OFF-PA-1004,Office Supplies,Paper,Thermal Roll Pack,1281.98,2,0.15,256.84
IN-2025-101032,2025-09-24,2025-09-25,First Class,CU-1047,Yash Joshi,Consumer,India,Nagpur,Maharashtra,West,FUR-FU-1001,Furniture,Furnishings,LED Desk Lamp,1419.94,1,0,304.44
IN-2025-101032,2025-09-24,2025-09-25,First Class,CU-1047,Yash Joshi,Consumer,India,Nagpur,Maharashtra,West,TEC-AC-1003,Technology,Accessories,USB-C Hub 7-in-1,2124.92,1,0.15,276.97
IN-2025-100242,2025-09-25,2025-09-25,Same Day,CU-1364,Shruti Reddy,Corporate,India,Panaji,Goa,West,OFF-AR-1003,Office Supplies,Art,Highlighter Pack,269.28,1,0,85.1
IN-2025-101478,2025-09-25,2025-10-01,Standard Class,CU-1120,Harsh Pillai,Consumer,India,Hyderabad,Telangana,South,OFF-BI-1004,Office Supplies,Binders,Plastic Folder Set,1395.19,3,0,452.34
IN-2025-100070,2025-09-26,2025-10-01,Standard Class,CU-1357,Karan Verma,Corporate,India,Pune,Maharashtra,West,TEC-MA-1003,Technology,Machines,Laminating Machine,33714.49,5,0,3416.07
IN-2025-100070,2025-09-26,2025-10-01,Standard Class,CU-1357,Karan Verma,Corporate,India,Pune,Maharashtra,West,OFF-ST-1003,Office Supplies,Storage,Desk Organizer,2757.22,4,0.2,-241.09
IN-2025-100320,2025-09-26,2025-09-28,Second Class,CU-1253,Diya Reddy,Consumer,India,Indore,Madhya Pradesh,Central,FUR-CH-1003,Furniture,Chairs,Mesh Back Task Chair,9887.42,2,0,1747.87
IN-2025-100320,2025-09-26,2025-09-28,Second Class,CU-1253,Diya Reddy,Consumer,India,Indore,Madhya Pradesh,Central,FUR-BO-1001,Furniture,Bookcases,Wooden Bookcase 5-Shelf,8045.18,1,0.3,-1573.9
IN-2025-100320,2025-09-26,2025-09-28,Second Class,CU-1253,Diya Reddy,Consumer,India,Indore,Madhya Pradesh,Central,OFF-ST-1001,Office Supplies,Storage,Steel Filing Cabinet,36730.98,3,0,4780.91
IN-2025-100320,2025-09-26,2025-09-28,Second Class,CU-1253,Diya Reddy,Consumer,India,Indore,Madhya Pradesh,Central,OFF-BI-1001,Office Supplies,Binders,Ring Binder A4 (Pack of 10),1930.87,3,0,599.7
IN-2025-101454,2025-09-26,2025-09-29,Second Class,CU-1133,Pooja Iyer,Consumer,India,Mumbai,Maharashtra,West,OFF-PA-1001,Office Supplies,Paper,A4 Copier Paper 500 Sheets,635.93,2,0.15,184.09
IN-2025-101454,2025-09-26,2025-09-29,Second Class,CU-1133,Pooja Iyer,Consumer,India,Mumbai,Maharashtra,West,OFF-BI-1004,Office Supplies,Binders,Plastic Folder Set,447.91,1,0,121.22
IN-2025-101454,2025-09-26,2025-09-29,Second Class,CU-1133,Pooja Iyer,Consumer,India,Mumbai,Maharashtra,West,OFF-PA-1001,Office Supplies,Paper,A4 Copier Paper 500 Sheets,1161.44,3,0,441.67
IN-2025-101454,2025-09-26,2025-09-29,Second Class,CU-1133,Pooja Iyer,Consumer,India,Mumbai,Maharashtra,West,OFF-AR-1001,Office Supplies,Art,Whiteboard Marker Set,869.1,2,0,227.9
IN-2025-100097,2025-09-28,2025-10-05,Standard Class,CU-1257,Divya Verma,Consumer,India,Surat,Gujarat,West,OFF-BI-1004,Office Supplies,Binders,Plastic Folder Set,931.32,2,0,309.3
IN-2025-100097,2025-09-28,2025-10-05,Standard Class,CU-1257,Divya Verma,Consumer,India,Surat,Gujarat,West,TEC-PH-1003,Technology,Phones,IP Desk Phone,19078.4,3,0,3338.22
IN-2025-100198,2025-09-28,2025-10-04,Standard Class,CU-1172,Ananya Sharma,Home Office,India,Hyderabad,Telangana,South,TEC-PH-1003,Technology,Phones,IP Desk Phone,5249.5,1,0.15,75.79
IN-2025-100444,2025-10-01,2025-10-08,Standard Class,CU-1076,Varun Singh,Corporate,India,Panaji,Goa,West,OFF-BI-1002,Office Supplies,Binders,Heavy Duty Lever Arch File,1128.58,4,0.15,120.41
IN-2025-100444,2025-10-01,2025-10-08,Standard Class,CU-1076,Varun Singh,Corporate,India,Panaji,Goa,West,OFF-AR-1003,Office Supplies,Art,Highlighter Pack,2107.93,8,0,476.85
IN-2025-100376,2025-10-02,2025-10-06,Standard Class,CU-1155,Ananya Menon,Consumer,India,Chennai,Tamil Nadu,South,TEC-MA-1004,Technology,Machines,Paper Shredder 20-Sheet,69300.6,8,0.2,-10306.05
IN-2025-100376,2025-10-02,2025-10-06,Standard Class,CU-1155,Ananya Menon,Consumer,India,Chennai,Tamil Nadu,South,OFF-AR-1001,Office Supplies,Art,Whiteboard Marker Set,406.16,1,0,108.27
IN-2025-100376,2025-10-02,2025-10-06,Standard Class,CU-1155,Ananya Menon,Consumer,India,Chennai,Tamil Nadu,South,TEC-CO-1004,Technology,Copiers,Document Scanner,67060.53,3,0,22462.2
IN-2025-100020,2025-10-03,2025-10-10,Standard Class,CU-1374,Sanjana Iyer,Home Office,India,Bengaluru,Karnataka,South,FUR-FU-1004,Furniture,Furnishings,Anti-Fatigue Floor Mat,1512.11,1,0.15,152.67
IN-2025-100020,2025-10-03,2025-10-10,Standard Class,CU-1374,Sanjana Iyer,Home Office,India,Bengaluru,Karnataka,South,OFF-ST-1003,Office Supplies,Storage,Desk Organizer,856.13,1,0,88.81
IN-2025-100020,2025-10-03,2025-10-10,Standard Class,CU-1374,Sanjana Iyer,Home Office,India,Bengaluru,Karnataka,South,FUR-FU-1001,Furniture,Furnishings,LED Desk Lamp,7117.24,7,0.3,-925.5
IN-2025-100020,2025-10-03,2025-10-10,Standard Class,CU-1374,Sanjana Iyer,Home Office,India,Bengaluru,Karnataka,South,TEC-PH-1004,Technology,Phones,Conference Speakerphone,8490.95,1,0.1,646.58
IN-2025-101268,2025-10-03,2025-10-06,First Class,CU-1270,Tanvi Kapoor,Consumer,India,Pune,Maharashtra,West,TEC-MA-1002,Technology,Machines,Barcode Label Printer,11218.11,1,0.3,-2559.84
IN-2025-100011,2025-10-04,2025-10-11,Standard Class,CU-1031,Siddharth Iyer,Consumer,India,Bengaluru,Karnataka,South,TEC-AC-1002,Technology,Accessories,Mechanical Keyboard,3509.88,1,0,1223.43
IN-2025-100011,2025-10-04,2025-10-11,Standard Class,CU-1031,Siddharth Iyer,Consumer,India,Bengaluru,Karnataka,South,OFF-AR-1003,Office Supplies,Art,Highlighter Pack,1103.84,5,0.15,107.1
IN-2025-100011,2025-10-04,2025-10-11,Standard Class,CU-1031,Siddharth Iyer,Consumer,India,Bengaluru,Karnataka,South,OFF-PA-1001,Office Supplies,Paper,A4 Copier Paper 500 Sheets,752.62,2,0,274.86
IN-2025-100011,2025-10-04,2025-10-11,Standard Class,CU-1031,Siddharth Iyer,Consumer,India,Bengaluru,Karnataka,South,OFF-AR-1003,Office Supplies,Art,Highlighter Pack,698.82,3,0.1,81.99
IN-2025-100068,2025-10-05,2025-10-05,Same Day,CU-1371,Priya Nair,Consumer,India,Kochi,Kerala,South,TEC-AC-1004,Technology,Accessories,Noise Cancelling Headset,19634.78,3,0.2,1516.91
IN-2025-100068,2025-10-05,2025-10-05,Same Day,CU-1371,Priya Nair,Consumer,India,Kochi,Kerala,South,FUR-TA-1004,Furniture,Tables,Reception Counter,32091.97,1,0,732.82
IN-2025-101579,2025-10-06,2025-10-11,Standard Class,CU-1119,Diya Chopra,Consumer,India,Panaji,Goa,West,TEC-CO-1004,Technology,Copiers,Document Scanner,21860.27,1,0,6897.69
IN-2025-101295,2025-10-07,2025-10-13,Standard Class,CU-1175,Arjun Joshi,Consumer,India,Kochi,Kerala,South,OFF-AR-1002,Office Supplies,Art,Premium Pen Set,4396.08,4,0.2,441.39
IN-2025-101295,2025-10-07,2025-10-13,Standard Class,CU-1175,Arjun Joshi,Consumer,India,Kochi,Kerala,South,FUR-TA-1003,Furniture,Tables,Folding Training Table,13021.55,2,0,-204.99
IN-2025-100465,2025-10-08,2025-10-13,Standard Class,CU-1371,Priya Nair,Consumer,India,Kochi,Kerala,South,OFF-BI-1003,Office Supplies,Binders,Binding Machine Combs,4883.16,6,0,1939.72
IN-2025-100465,2025-10-08,2025-10-13,Standard Class,CU-1371,Priya Nair,Consumer,India,Kochi,Kerala,South,TEC-AC-1002,Technology,Accessories,Mechanical Keyboard,3459.89,1,0,985.85
IN-2025-100465,2025-10-08,2025-10-13,Standard Class,CU-1371,Priya Nair,Consumer,India,Kochi,Kerala,South,OFF-BI-1002,Office Supplies,Binders,Heavy Duty Lever Arch File,847.05,3,0.15,135.4
IN-2025-100571,2025-10-09,2025-10-16,Standard Class,CU-1223,Riya Kapoor,Consumer,India,Surat,Gujarat,West,OFF-BI-1001,Office Supplies,Binders,Ring Binder A4 (Pack of 10),494.03,1,0.2,84.7
IN-2025-101206,2025-10-09,2025-10-11,Second Class,CU-1416,Aditya Shah,Home Office,India,Bengaluru,Karnataka,South,FUR-BO-1004,Furniture,Bookcases,Modular Bookshelf,38867.04,5,0,3104.67
IN-2025-100103,2025-10-10,2025-10-10,Same Day,CU-1230,Aman Menon,Corporate,India,Mysuru,Karnataka,South,OFF-PA-1002,Office Supplies,Paper,Premium Photo Paper,2582.59,2,0,973.59
IN-2025-100103,2025-10-10,2025-10-10,Same Day,CU-1230,Aman Menon,Corporate,India,Mysuru,Karnataka,South,OFF-ST-1003,Office Supplies,Storage,Desk Organizer,3603.86,4,0,345.31
IN-2025-100283,2025-10-10,2025-10-13,First Class,CU-1219,Aditya Nair,Corporate,India,Panaji,Goa,West,FUR-CH-1004,Furniture,Chairs,Visitor Chair Set,3805.1,1,0,299.85
IN-2025-101386,2025-10-10,2025-10-16,Standard Class,CU-1065,Ananya Singh,Corporate,India,Kochi,Kerala,South,FUR-FU-1004,Furniture,Furnishings,Anti-Fatigue Floor Mat,8796.26,7,0.3,-650.77
IN-2025-100487,2025-10-11,2025-10-14,Second Class,CU-1290,Rohan Iyer,Consumer,India,Jaipur,Rajasthan,North,OFF-BI-1002,Office Supplies,Binders,Heavy Duty Lever Arch File,243.7,1,0.3,8.41
IN-2025-100487,2025-10-11,2025-10-14,Second Class,CU-1290,Rohan Iyer,Consumer,India,Jaipur,Rajasthan,North,FUR-CH-1004,Furniture,Chairs,Visitor Chair Set,3823.58,1,0,539.91
IN-2025-100931,2025-10-11,2025-10-15,Standard Class,CU-1076,Varun Singh,Corporate,India,Panaji,Goa,West,TEC-MA-1001,Technology,Machines,Currency Counting Machine,18528.2,2,0.05,-743.49
IN-2025-100931,2025-10-11,2025-10-15,Standard Class,CU-1076,Varun Singh,Corporate,India,Panaji,Goa,West,OFF-AR-1003,Office Supplies,Art,Highlighter Pack,927.15,4,0.15,52.67
IN-2025-101355,2025-10-11,2025-10-15,Standard Class,CU-1314,Riya Verma,Consumer,India,Surat,Gujarat,West,OFF-AR-1004,Office Supplies,Art,Artist Sketch Kit,5027.87,4,0.3,216.49
IN-2025-101379,2025-10-11,2025-10-13,First Class,CU-1315,Harsh Bose,Home Office,India,Noida,Uttar Pradesh,North,OFF-PA-1001,Office Supplies,Paper,A4 Copier Paper 500 Sheets,781.52,3,0.3,69.21
IN-2025-101379,2025-10-11,2025-10-13,First Class,CU-1315,Harsh Bose,Home Office,India,Noida,Uttar Pradesh,North,TEC-PH-1004,Technology,Phones,Conference Speakerphone,27334.4,3,0.1,2208.03
IN-2025-101426,2025-10-11,2025-10-15,Standard Class,CU-1414,Diya Iyer,Corporate,India,Chennai,Tamil Nadu,South,OFF-BI-1001,Office Supplies,Binders,Ring Binder A4 (Pack of 10),1160.78,2,0.1,180.19
IN-2025-101426,2025-10-11,2025-10-15,Standard Class,CU-1414,Diya Iyer,Corporate,India,Chennai,Tamil Nadu,South,OFF-AR-1001,Office Supplies,Art,Whiteboard Marker Set,2286.2,6,0.05,347.1
IN-2025-101563,2025-10-13,2025-10-16,First Class,CU-1169,Sneha Menon,Corporate,India,Chennai,Tamil Nadu,South,FUR-FU-1004,Furniture,Furnishings,Anti-Fatigue Floor Mat,3377.63,2,0.05,419.68
IN-2025-101563,2025-10-13,2025-10-16,First Class,CU-1169,Sneha Menon,Corporate,India,Chennai,Tamil Nadu,South,OFF-BI-1002,Office Supplies,Binders,Heavy Duty Lever Arch File,2062.28,6,0,564.27
IN-2025-101563,2025-10-13,2025-10-16,First Class,CU-1169,Sneha Menon,Corporate,India,Chennai,Tamil Nadu,South,FUR-CH-1002,Furniture,Chairs,Executive Leather Chair,72381.48,4,0.05,-1379.61
IN-2025-101648,2025-10-13,2025-10-16,First Class,CU-1027,Swati Iyer,Home Office,India,Bhopal,Madhya Pradesh,Central,OFF-AR-1002,Office Supplies,Art,Premium Pen Set,4891.65,5,0.3,-155.03
IN-2025-101648,2025-10-13,2025-10-16,First Class,CU-1027,Swati Iyer,Home Office,India,Bhopal,Madhya Pradesh,Central,OFF-PA-1003,Office Supplies,Paper,Sticky Notes Bulk Pack,536.12,1,0,202.29
IN-2025-101648,2025-10-13,2025-10-16,First Class,CU-1027,Swati Iyer,Home Office,India,Bhopal,Madhya Pradesh,Central,FUR-BO-1002,Furniture,Bookcases,Steel Library Rack,36361.43,3,0.2,-2505.58
IN-2025-100191,2025-10-14,2025-10-17,Second Class,CU-1261,Shruti Rao,Home Office,India,Hyderabad,Telangana,South,TEC-PH-1004,Technology,Phones,Conference Speakerphone,18984.15,2,0,2247.72
IN-2025-101177,2025-10-14,2025-10-20,Standard Class,CU-1326,Rohan Reddy,Consumer,India,Panaji,Goa,West,TEC-PH-1001,Technology,Phones,Smartphone Pro 128GB,93625.74,4,0.3,-10460.26
IN-2025-101177,2025-10-14,2025-10-20,Standard Class,CU-1326,Rohan Reddy,Consumer,India,Panaji,Goa,West,OFF-AR-1004,Office Supplies,Art,Artist Sketch Kit,4046.69,3,0.2,224.59
IN-2025-101406,2025-10-14,2025-10-14,Same Day,CU-1437,Diya Sharma,Home Office,India,Mumbai,Maharashtra,West,TEC-AC-1001,Technology,Accessories,Wireless Mouse,3943.11,4,0,923.32
IN-2025-101428,2025-10-14,2025-10-19,Standard Class,CU-1342,Riya Bose,Corporate,India,Jaipur,Rajasthan,North,OFF-BI-1001,Office Supplies,Binders,Ring Binder A4 (Pack of 10),592.63,1,0.05,172.7
IN-2025-101428,2025-10-14,2025-10-19,Standard Class,CU-1342,Riya Bose,Corporate,India,Jaipur,Rajasthan,North,TEC-CO-1003,Technology,Copiers,Mono Laser Printer,45205.04,3,0.15,7176.32
IN-2025-100209,2025-10-15,2025-10-15,Same Day,CU-1380,Swati Joshi,Consumer,India,Kochi,Kerala,South,TEC-CO-1002,Technology,Copiers,Multifunction Copier Pro,78912.27,1,0,33663.29
IN-2025-100209,2025-10-15,2025-10-15,Same Day,CU-1380,Swati Joshi,Consumer,India,Kochi,Kerala,South,OFF-ST-1004,Office Supplies,Storage,Wall Mount Shelf Box,1998.02,1,0,260.58
IN-2025-100291,2025-10-15,2025-10-21,Standard Class,CU-1371,Priya Nair,Consumer,India,Kochi,Kerala,South,TEC-MA-1001,Technology,Machines,Currency Counting Machine,43551.96,5,0.1,-708.34
IN-2025-100291,2025-10-15,2025-10-21,Standard Class,CU-1371,Priya Nair,Consumer,India,Kochi,Kerala,South,OFF-ST-1004,Office Supplies,Storage,Wall Mount Shelf Box,4270.16,2,0,198.84
IN-2025-101384,2025-10-19,2025-10-22,Second Class,CU-1163,Riya Kulkarni,Consumer,India,Ludhiana,Punjab,North,TEC-CO-1002,Technology,Copiers,Multifunction Copier Pro,120228.53,2,0.2,25720.67
IN-2025-100507,2025-10-20,2025-10-24,Standard Class,CU-1105,Nikhil Kapoor,Home Office,India,Ahmedabad,Gujarat,West,TEC-AC-1001,Technology,Accessories,Wireless Mouse,2773.0,3,0.05,650.05
IN-2025-100507,2025-10-20,2025-10-24,Standard Class,CU-1105,Nikhil Kapoor,Home Office,India,Ahmedabad,Gujarat,West,TEC-PH-1004,Technology,Phones,Conference Speakerphone,9994.38,1,0,1973.31
IN-2025-100507,2025-10-20,2025-10-24,Standard Class,CU-1105,Nikhil Kapoor,Home Office,India,Ahmedabad,Gujarat,West,OFF-AR-1001,Office Supplies,Art,Whiteboard Marker Set,799.79,2,0,221.06
IN-2025-100957,2025-10-20,2025-10-25,Standard Class,CU-1052,Pranav Joshi,Consumer,India,Ahmedabad,Gujarat,West,TEC-MA-1004,Technology,Machines,Paper Shredder 20-Sheet,16372.12,2,0.3,-3559.65
IN-2025-100957,2025-10-20,2025-10-25,Standard Class,CU-1052,Pranav Joshi,Consumer,India,Ahmedabad,Gujarat,West,FUR-TA-1003,Furniture,Tables,Folding Training Table,50140.09,8,0,65.68
IN-2025-100957,2025-10-20,2025-10-25,Standard Class,CU-1052,Pranav Joshi,Consumer,India,Ahmedabad,Gujarat,West,OFF-PA-1001,Office Supplies,Paper,A4 Copier Paper 500 Sheets,734.78,2,0,236.1
IN-2025-100957,2025-10-20,2025-10-25,Standard Class,CU-1052,Pranav Joshi,Consumer,India,Ahmedabad,Gujarat,West,FUR-CH-1002,Furniture,Chairs,Executive Leather Chair,69393.05,4,0.1,-399.9
IN-2025-101238,2025-10-20,2025-10-22,Second Class,CU-1277,Vihaan Bose,Corporate,India,Lucknow,Uttar Pradesh,North,TEC-PH-1004,Technology,Phones,Conference Speakerphone,28951.27,3,0.05,3515.1
IN-2025-101238,2025-10-20,2025-10-22,Second Class,CU-1277,Vihaan Bose,Corporate,India,Lucknow,Uttar Pradesh,North,FUR-TA-1002,Furniture,Tables,Computer Desk,10104.54,1,0,-333.52
IN-2025-101238,2025-10-20,2025-10-22,Second Class,CU-1277,Vihaan Bose,Corporate,India,Lucknow,Uttar Pradesh,North,OFF-PA-1004,Office Supplies,Paper,Thermal Roll Pack,1443.51,3,0.3,176.74
IN-2025-101365,2025-10-20,2025-10-25,Standard Class,CU-1051,Pooja Mehta,Consumer,India,New Delhi,Delhi,North,TEC-MA-1001,Technology,Machines,Currency Counting Machine,26864.57,3,0,2368.41
IN-2025-101365,2025-10-20,2025-10-25,Standard Class,CU-1051,Pooja Mehta,Consumer,India,New Delhi,Delhi,North,TEC-CO-1003,Technology,Copiers,Mono Laser Printer,17253.57,1,0,6266.92
IN-2025-101460,2025-10-20,2025-10-25,Standard Class,CU-1248,Aditya Chopra,Corporate,India,Amritsar,Punjab,North,OFF-BI-1004,Office Supplies,Binders,Plastic Folder Set,1226.64,3,0.05,422.6
IN-2025-101460,2025-10-20,2025-10-25,Standard Class,CU-1248,Aditya Chopra,Corporate,India,Amritsar,Punjab,North,TEC-AC-1004,Technology,Accessories,Noise Cancelling Headset,7861.63,1,0,2422.66
IN-2025-101460,2025-10-20,2025-10-25,Standard Class,CU-1248,Aditya Chopra,Corporate,India,Amritsar,Punjab,North,FUR-BO-1002,Furniture,Bookcases,Steel Library Rack,11163.93,1,0.2,-875.31
IN-2025-101460,2025-10-20,2025-10-25,Standard Class,CU-1248,Aditya Chopra,Corporate,India,Amritsar,Punjab,North,FUR-FU-1002,Furniture,Furnishings,Wall Clock Classic,944.9,1,0,90.79
IN-2025-101613,2025-10-20,2025-10-24,Standard Class,CU-1276,Varun Reddy,Corporate,India,Nagpur,Maharashtra,West,FUR-CH-1003,Furniture,Chairs,Mesh Back Task Chair,17956.59,4,0.15,-673.38
IN-2025-101613,2025-10-20,2025-10-24,Standard Class,CU-1276,Varun Reddy,Corporate,India,Nagpur,Maharashtra,West,OFF-PA-1004,Office Supplies,Paper,Thermal Roll Pack,1005.29,2,0.3,130.3
IN-2025-101105,2025-10-22,2025-10-29,Standard Class,CU-1052,Pranav Joshi,Consumer,India,Ahmedabad,Gujarat,West,TEC-AC-1001,Technology,Accessories,Wireless Mouse,931.52,1,0,257.26
IN-2025-100400,2025-10-23,2025-10-29,Standard Class,CU-1126,Aman Desai,Consumer,India,New Delhi,Delhi,North,OFF-AR-1001,Office Supplies,Art,Whiteboard Marker Set,1796.47,6,0.3,57.69
IN-2025-100400,2025-10-23,2025-10-29,Standard Class,CU-1126,Aman Desai,Consumer,India,New Delhi,Delhi,North,FUR-FU-1001,Furniture,Furnishings,LED Desk Lamp,6335.91,6,0.3,-370.78
IN-2025-100400,2025-10-23,2025-10-29,Standard Class,CU-1126,Aman Desai,Consumer,India,New Delhi,Delhi,North,FUR-FU-1001,Furniture,Furnishings,LED Desk Lamp,2903.97,2,0,697.17
IN-2025-100400,2025-10-23,2025-10-29,Standard Class,CU-1126,Aman Desai,Consumer,India,New Delhi,Delhi,North,OFF-BI-1004,Office Supplies,Binders,Plastic Folder Set,885.42,2,0,254.71
IN-2025-100654,2025-10-23,2025-10-26,First Class,CU-1159,Siddharth Menon,Consumer,India,Bhopal,Madhya Pradesh,Central,TEC-AC-1003,Technology,Accessories,USB-C Hub 7-in-1,9037.19,4,0.05,1839.87
IN-2025-100656,2025-10-23,2025-10-29,Standard Class,CU-1146,Isha Kulkarni,Consumer,India,Kochi,Kerala,South,OFF-BI-1001,Office Supplies,Binders,Ring Binder A4 (Pack of 10),2176.06,4,0.15,483.11
IN-2025-100656,2025-10-23,2025-10-29,Standard Class,CU-1146,Isha Kulkarni,Consumer,India,Kochi,Kerala,South,TEC-AC-1003,Technology,Accessories,USB-C Hub 7-in-1,12167.43,7,0.3,178.99
IN-2025-100656,2025-10-23,2025-10-29,Standard Class,CU-1146,Isha Kulkarni,Consumer,India,Kochi,Kerala,South,FUR-CH-1003,Furniture,Chairs,Mesh Back Task Chair,10117.79,2,0,1680.05
IN-2025-100761,2025-10-23,2025-10-29,Standard Class,CU-1385,Aman Kapoor,Corporate,India,Panaji,Goa,West,OFF-AR-1002,Office Supplies,Art,Premium Pen Set,1411.33,1,0,320.05
IN-2025-100761,2025-10-23,2025-10-29,Standard Class,CU-1385,Aman Kapoor,Corporate,India,Panaji,Goa,West,OFF-PA-1001,Office Supplies,Paper,A4 Copier Paper 500 Sheets,659.93,2,0.1,205.99
IN-2025-101223,2025-10-23,2025-10-27,Standard Class,CU-1169,Sneha Menon,Corporate,India,Chennai,Tamil Nadu,South,OFF-AR-1003,Office Supplies,Art,Highlighter Pack,176.22,1,0.3,-4.42
IN-2025-101223,2025-10-23,2025-10-27,Standard Class,CU-1169,Sneha Menon,Corporate,India,Chennai,Tamil Nadu,South,OFF-ST-1002,Office Supplies,Storage,Plastic Storage Box Set,2784.83,2,0.15,27.44
IN-2025-100554,2025-10-24,2025-10-30,Standard Class,CU-1364,Shruti Reddy,Corporate,India,Panaji,Goa,West,TEC-MA-1003,Technology,Machines,Laminating Machine,24520.0,4,0.1,-1596.72
IN-2025-101120,2025-10-24,2025-10-26,Second Class,CU-1199,Rohan Pillai,Consumer,India,Lucknow,Uttar Pradesh,North,TEC-PH-1002,Technology,Phones,Smartphone Lite 64GB,18943.12,2,0.3,-2543.64
IN-2025-101516,2025-10-24,2025-10-30,Standard Class,CU-1292,Priya Iyer,Corporate,India,Noida,Uttar Pradesh,North,OFF-AR-1001,Office Supplies,Art,Whiteboard Marker Set,1133.12,3,0.1,196.26
IN-2025-100752,2025-10-25,2025-10-29,Standard Class,CU-1224,Kavya Menon,Consumer,India,Panaji,Goa,West,OFF-PA-1001,Office Supplies,Paper,A4 Copier Paper 500 Sheets,747.37,2,0,325.71
IN-2025-100183,2025-10-26,2025-10-28,First Class,CU-1233,Sneha Iyer,Consumer,India,Panaji,Goa,West,FUR-TA-1001,Furniture,Tables,Conference Table 8-Seater,33469.77,1,0.2,-5601.66
IN-2025-100183,2025-10-26,2025-10-28,First Class,CU-1233,Sneha Iyer,Consumer,India,Panaji,Goa,West,OFF-ST-1003,Office Supplies,Storage,Desk Organizer,881.61,1,0,158.76
IN-2025-100241,2025-10-26,2025-11-02,Standard Class,CU-1040,Vihaan Pillai,Home Office,India,Panaji,Goa,West,FUR-BO-1003,Furniture,Bookcases,Corner Display Unit,8123.98,1,0.1,-470.41
IN-2025-100325,2025-10-26,2025-11-02,Standard Class,CU-1029,Rahul Pillai,Corporate,India,Panaji,Goa,West,OFF-ST-1004,Office Supplies,Storage,Wall Mount Shelf Box,2112.44,1,0,230.43
IN-2025-100645,2025-10-26,2025-11-02,Standard Class,CU-1071,Nikhil Rao,Consumer,India,Noida,Uttar Pradesh,North,FUR-FU-1001,Furniture,Furnishings,LED Desk Lamp,2960.11,2,0,659.16
IN-2025-100645,2025-10-26,2025-11-02,Standard Class,CU-1071,Nikhil Rao,Consumer,India,Noida,Uttar Pradesh,North,TEC-AC-1003,Technology,Accessories,USB-C Hub 7-in-1,4685.04,2,0,1318.2
IN-2025-100645,2025-10-26,2025-11-02,Standard Class,CU-1071,Nikhil Rao,Consumer,India,Noida,Uttar Pradesh,North,OFF-AR-1001,Office Supplies,Art,Whiteboard Marker Set,344.46,1,0.2,39.76
IN-2025-100140,2025-10-27,2025-10-31,Standard Class,CU-1185,Varun Kulkarni,Corporate,India,Kochi,Kerala,South,TEC-CO-1004,Technology,Copiers,Document Scanner,41691.71,2,0.1,12579.9
IN-2025-100140,2025-10-27,2025-10-31,Standard Class,CU-1185,Varun Kulkarni,Corporate,India,Kochi,Kerala,South,OFF-PA-1004,Office Supplies,Paper,Thermal Roll Pack,2620.52,4,0.05,929.88
IN-2025-101447,2025-10-27,2025-10-30,Second Class,CU-1443,Harsh Verma,Home Office,India,Indore,Madhya Pradesh,Central,FUR-FU-1004,Furniture,Furnishings,Anti-Fatigue Floor Mat,3814.28,2,0,808.0
IN-2025-100489,2025-10-28,2025-10-30,Second Class,CU-1222,Divya Kapoor,Consumer,India,Kolkata,West Bengal,East,FUR-CH-1002,Furniture,Chairs,Executive Leather Chair,17890.93,1,0,1392.07
IN-2025-101231,2025-10-28,2025-10-30,First Class,CU-1046,Sneha Iyer,Home Office,India,Indore,Madhya Pradesh,Central,FUR-FU-1004,Furniture,Furnishings,Anti-Fatigue Floor Mat,3921.17,3,0.3,-145.85
IN-2025-101231,2025-10-28,2025-10-30,First Class,CU-1046,Sneha Iyer,Home Office,India,Indore,Madhya Pradesh,Central,FUR-FU-1002,Furniture,Furnishings,Wall Clock Classic,955.54,1,0,207.95
IN-2025-101255,2025-10-28,2025-11-01,Standard Class,CU-1278,Shruti Shah,Corporate,India,Kolkata,West Bengal,East,TEC-AC-1001,Technology,Accessories,Wireless Mouse,3824.19,4,0,1139.63
IN-2025-100021,2025-11-01,2025-11-08,Standard Class,CU-1140,Nikhil Kulkarni,Consumer,India,Patna,Bihar,East,OFF-BI-1001,Office Supplies,Binders,Ring Binder A4 (Pack of 10),4338.33,7,0,1166.81
IN-2025-100021,2025-11-01,2025-11-08,Standard Class,CU-1140,Nikhil Kulkarni,Consumer,India,Patna,Bihar,East,OFF-PA-1003,Office Supplies,Paper,Sticky Notes Bulk Pack,552.59,1,0,209.65
IN-2025-100340,2025-11-01,2025-11-06,Standard Class,CU-1444,Swati Menon,Corporate,India,Ahmedabad,Gujarat,West,FUR-FU-1003,Furniture,Furnishings,Office Curtain Set,8721.42,4,0.2,-203.56
IN-2025-100783,2025-11-01,2025-11-07,Standard Class,CU-1106,Arjun Chopra,Consumer,India,Amritsar,Punjab,North,FUR-BO-1004,Furniture,Bookcases,Modular Bookshelf,24262.99,3,0,1486.98
IN-2025-101485,2025-11-01,2025-11-03,First Class,CU-1300,Manish Shah,Consumer,India,Mumbai,Maharashtra,West,TEC-AC-1001,Technology,Accessories,Wireless Mouse,2730.53,3,0,765.4
IN-2025-100441,2025-11-02,2025-11-04,First Class,CU-1405,Rohan Pillai,Consumer,India,Lucknow,Uttar Pradesh,North,OFF-PA-1002,Office Supplies,Paper,Premium Photo Paper,1306.58,1,0,562.46
IN-2025-100553,2025-11-02,2025-11-07,Standard Class,CU-1362,Aman Chopra,Consumer,India,Surat,Gujarat,West,TEC-AC-1002,Technology,Accessories,Mechanical Keyboard,3162.22,1,0.15,469.73
IN-2025-100553,2025-11-02,2025-11-07,Standard Class,CU-1362,Aman Chopra,Consumer,India,Surat,Gujarat,West,FUR-BO-1002,Furniture,Bookcases,Steel Library Rack,28461.29,2,0,2852.54
IN-2025-100858,2025-11-02,2025-11-04,Second Class,CU-1234,Isha Singh,Consumer,India,Hyderabad,Telangana,South,OFF-PA-1004,Office Supplies,Paper,Thermal Roll Pack,4021.07,8,0.3,381.73
IN-2025-100950,2025-11-02,2025-11-03,First Class,CU-1103,Rahul Sharma,Corporate,India,New Delhi,Delhi,North,OFF-PA-1002,Office Supplies,Paper,Premium Photo Paper,4581.22,4,0.1,1539.22
IN-2025-100012,2025-11-03,2025-11-06,Second Class,CU-1326,Rohan Reddy,Consumer,India,Panaji,Goa,West,OFF-BI-1003,Office Supplies,Binders,Binding Machine Combs,540.42,1,0.3,18.36
IN-2025-100012,2025-11-03,2025-11-06,Second Class,CU-1326,Rohan Reddy,Consumer,India,Panaji,Goa,West,TEC-MA-1002,Technology,Machines,Barcode Label Printer,61737.15,5,0.2,-6966.25
IN-2025-100170,2025-11-03,2025-11-08,Standard Class,CU-1063,Sanjana Joshi,Home Office,India,Kochi,Kerala,South,OFF-BI-1001,Office Supplies,Binders,Ring Binder A4 (Pack of 10),1264.22,3,0.3,42.38
IN-2025-100170,2025-11-03,2025-11-08,Standard Class,CU-1063,Sanjana Joshi,Home Office,India,Kochi,Kerala,South,OFF-ST-1002,Office Supplies,Storage,Plastic Storage Box Set,8478.89,7,0.3,-1158.27
IN-2025-100926,2025-11-03,2025-11-08,Standard Class,CU-1079,Diya Rao,Corporate,India,Chennai,Tamil Nadu,South,TEC-MA-1003,Technology,Machines,Laminating Machine,9629.27,2,0.3,-1989.2
IN-2025-100926,2025-11-03,2025-11-08,Standard Class,CU-1079,Diya Rao,Corporate,India,Chennai,Tamil Nadu,South,OFF-AR-1003,Office Supplies,Art,Highlighter Pack,1811.04,7,0,530.24
IN-2025-100926,2025-11-03,2025-11-08,Standard Class,CU-1079,Diya Rao,Corporate,India,Chennai,Tamil Nadu,South,FUR-FU-1002,Furniture,Furnishings,Wall Clock Classic,2846.95,3,0,502.62
IN-2025-100926,2025-11-03,2025-11-08,Standard Class,CU-1079,Diya Rao,Corporate,India,Chennai,Tamil Nadu,South,FUR-CH-1003,Furniture,Chairs,Mesh Back Task Chair,18270.79,5,0.3,-3277.18
IN-2025-100974,2025-11-03,2025-11-10,Standard Class,CU-1312,Tanvi Desai,Consumer,India,Jaipur,Rajasthan,North,OFF-PA-1003,Office Supplies,Paper,Sticky Notes Bulk Pack,1731.02,3,0,673.49
IN-2025-100974,2025-11-03,2025-11-10,Standard Class,CU-1312,Tanvi Desai,Consumer,India,Jaipur,Rajasthan,North,OFF-BI-1001,Office Supplies,Binders,Ring Binder A4 (Pack of 10),4274.0,7,0.05,781.33
IN-2025-100974,2025-11-03,2025-11-10,Standard Class,CU-1312,Tanvi Desai,Consumer,India,Jaipur,Rajasthan,North,FUR-BO-1003,Furniture,Bookcases,Corner Display Unit,28446.44,4,0.2,-5964.72
IN-2025-100974,2025-11-03,2025-11-10,Standard Class,CU-1312,Tanvi Desai,Consumer,India,Jaipur,Rajasthan,North,FUR-CH-1004,Furniture,Chairs,Visitor Chair Set,10869.7,3,0.05,228.97
IN-2025-100976,2025-11-03,2025-11-09,Standard Class,CU-1296,Arjun Nair,Home Office,India,Jaipur,Rajasthan,North,FUR-FU-1002,Furniture,Furnishings,Wall Clock Classic,972.39,1,0,192.54
IN-2025-100976,2025-11-03,2025-11-09,Standard Class,CU-1296,Arjun Nair,Home Office,India,Jaipur,Rajasthan,North,OFF-ST-1004,Office Supplies,Storage,Wall Mount Shelf Box,14575.42,7,0.05,789.94
IN-2025-101650,2025-11-04,2025-11-08,Standard Class,CU-1327,Divya Nair,Consumer,India,Bhubaneswar,Odisha,East,TEC-MA-1003,Technology,Machines,Laminating Machine,6565.77,1,0,-53.97
IN-2025-101650,2025-11-04,2025-11-08,Standard Class,CU-1327,Divya Nair,Consumer,India,Bhubaneswar,Odisha,East,OFF-AR-1002,Office Supplies,Art,Premium Pen Set,2679.36,2,0,790.94
IN-2025-100875,2025-11-05,2025-11-10,Standard Class,CU-1067,Siddharth Sharma,Corporate,India,Hyderabad,Telangana,South,TEC-PH-1003,Technology,Phones,IP Desk Phone,23894.1,4,0,2806.45
IN-2025-101599,2025-11-05,2025-11-10,Standard Class,CU-1017,Pranav Chopra,Consumer,India,Hyderabad,Telangana,South,TEC-PH-1001,Technology,Phones,Smartphone Pro 128GB,35251.52,1,0,5333.45
IN-2025-100612,2025-11-07,2025-11-14,Standard Class,CU-1225,Vihaan Joshi,Consumer,India,Jaipur,Rajasthan,North,FUR-FU-1002,Furniture,Furnishings,Wall Clock Classic,1822.64,2,0,359.22
IN-2025-101429,2025-11-07,2025-11-14,Standard Class,CU-1425,Pooja Das,Consumer,India,Coimbatore,Tamil Nadu,South,OFF-BI-1002,Office Supplies,Binders,Heavy Duty Lever Arch File,271.26,1,0.2,31.52
IN-2025-101492,2025-11-07,2025-11-13,Standard Class,CU-1109,Kavya Pillai,Consumer,India,New Delhi,Delhi,North,FUR-FU-1004,Furniture,Furnishings,Anti-Fatigue Floor Mat,3222.75,2,0.15,191.17
IN-2025-101492,2025-11-07,2025-11-13,Standard Class,CU-1109,Kavya Pillai,Consumer,India,New Delhi,Delhi,North,OFF-PA-1004,Office Supplies,Paper,Thermal Roll Pack,2094.37,3,0,736.07
IN-2025-101274,2025-11-09,2025-11-16,Standard Class,CU-1152,Arjun Nair,Consumer,India,Bhopal,Madhya Pradesh,Central,TEC-PH-1003,Technology,Phones,IP Desk Phone,31090.78,5,0,5614.96
IN-2025-101500,2025-11-09,2025-11-13,Standard Class,CU-1160,Varun Nair,Consumer,India,Jaipur,Rajasthan,North,OFF-PA-1002,Office Supplies,Paper,Premium Photo Paper,2502.68,2,0,1014.37
IN-2025-101500,2025-11-09,2025-11-13,Standard Class,CU-1160,Varun Nair,Consumer,India,Jaipur,Rajasthan,North,OFF-AR-1004,Office Supplies,Art,Artist Sketch Kit,2847.3,2,0.2,203.52
IN-2025-100206,2025-11-10,2025-11-12,Second Class,CU-1284,Kavya Rao,Consumer,India,Panaji,Goa,West,OFF-BI-1004,Office Supplies,Binders,Plastic Folder Set,397.66,1,0.15,54.06
IN-2025-100266,2025-11-10,2025-11-15,Standard Class,CU-1225,Vihaan Joshi,Consumer,India,Jaipur,Rajasthan,North,TEC-AC-1003,Technology,Accessories,USB-C Hub 7-in-1,8396.08,4,0.15,993.34
IN-2025-100266,2025-11-10,2025-11-15,Standard Class,CU-1225,Vihaan Joshi,Consumer,India,Jaipur,Rajasthan,North,OFF-BI-1001,Office Supplies,Binders,Ring Binder A4 (Pack of 10),494.57,1,0.2,26.93
IN-2025-101669,2025-11-10,2025-11-17,Standard Class,CU-1090,Ananya Gupta,Consumer,India,Ahmedabad,Gujarat,West,OFF-AR-1003,Office Supplies,Art,Highlighter Pack,670.18,3,0.1,124.36
IN-2025-101669,2025-11-10,2025-11-17,Standard Class,CU-1090,Ananya Gupta,Consumer,India,Ahmedabad,Gujarat,West,OFF-BI-1002,Office Supplies,Binders,Heavy Duty Lever Arch File,300.47,1,0.1,66.8
IN-2025-101669,2025-11-10,2025-11-17,Standard Class,CU-1090,Ananya Gupta,Consumer,India,Ahmedabad,Gujarat,West,OFF-AR-1002,Office Supplies,Art,Premium Pen Set,5370.47,5,0.2,172.38
IN-2025-101669,2025-11-10,2025-11-17,Standard Class,CU-1090,Ananya Gupta,Consumer,India,Ahmedabad,Gujarat,West,OFF-BI-1004,Office Supplies,Binders,Plastic Folder Set,351.95,1,0.2,37.53
IN-2025-100196,2025-11-11,2025-11-11,Same Day,CU-1305,Sneha Patel,Home Office,India,Pune,Maharashtra,West,FUR-BO-1004,Furniture,Bookcases,Modular Bookshelf,13618.51,2,0.15,-704.62
IN-2025-100196,2025-11-11,2025-11-11,Same Day,CU-1305,Sneha Patel,Home Office,India,Pune,Maharashtra,West,OFF-ST-1004,Office Supplies,Storage,Wall Mount Shelf Box,1805.77,1,0.1,131.76
IN-2025-100196,2025-11-11,2025-11-11,Same Day,CU-1305,Sneha Patel,Home Office,India,Pune,Maharashtra,West,OFF-BI-1001,Office Supplies,Binders,Ring Binder A4 (Pack of 10),2397.56,4,0,653.94
IN-2025-100196,2025-11-11,2025-11-11,Same Day,CU-1305,Sneha Patel,Home Office,India,Pune,Maharashtra,West,OFF-AR-1003,Office Supplies,Art,Highlighter Pack,708.61,4,0.3,7.18
IN-2025-100839,2025-11-11,2025-11-18,Standard Class,CU-1151,Pooja Menon,Consumer,India,Lucknow,Uttar Pradesh,North,TEC-MA-1003,Technology,Machines,Laminating Machine,6320.96,1,0.05,111.57
IN-2025-100839,2025-11-11,2025-11-18,Standard Class,CU-1151,Pooja Menon,Consumer,India,Lucknow,Uttar Pradesh,North,FUR-CH-1004,Furniture,Chairs,Visitor Chair Set,7459.7,2,0.05,263.33
IN-2025-101211,2025-11-11,2025-11-13,Second Class,CU-1339,Isha Singh,Consumer,India,Raipur,Chhattisgarh,Central,OFF-PA-1002,Office Supplies,Paper,Premium Photo Paper,2351.57,2,0.1,550.65
IN-2025-101211,2025-11-11,2025-11-13,Second Class,CU-1339,Isha Singh,Consumer,India,Raipur,Chhattisgarh,Central,FUR-FU-1001,Furniture,Furnishings,LED Desk Lamp,3962.58,3,0.05,605.05
IN-2025-101211,2025-11-11,2025-11-13,Second Class,CU-1339,Isha Singh,Consumer,India,Raipur,Chhattisgarh,Central,TEC-CO-1003,Technology,Copiers,Mono Laser Printer,46225.16,3,0.15,9535.74
IN-2025-100614,2025-11-12,2025-11-16,Standard Class,CU-1234,Isha Singh,Consumer,India,Hyderabad,Telangana,South,OFF-BI-1004,Office Supplies,Binders,Plastic Folder Set,886.92,2,0,287.16
IN-2025-100771,2025-11-12,2025-11-19,Standard Class,CU-1406,Swati Iyer,Home Office,India,Indore,Madhya Pradesh,Central,FUR-TA-1004,Furniture,Tables,Reception Counter,51184.14,2,0.15,-6862.31
IN-2025-100771,2025-11-12,2025-11-19,Standard Class,CU-1406,Swati Iyer,Home Office,India,Indore,Madhya Pradesh,Central,OFF-AR-1004,Office Supplies,Art,Artist Sketch Kit,7333.3,4,0,2295.32
IN-2025-100771,2025-11-12,2025-11-19,Standard Class,CU-1406,Swati Iyer,Home Office,India,Indore,Madhya Pradesh,Central,OFF-AR-1003,Office Supplies,Art,Highlighter Pack,1045.98,5,0.2,48.06
IN-2025-101030,2025-11-12,2025-11-13,First Class,CU-1225,Vihaan Joshi,Consumer,India,Jaipur,Rajasthan,North,FUR-BO-1003,Furniture,Bookcases,Corner Display Unit,16975.5,2,0.1,-515.69
IN-2025-101030,2025-11-12,2025-11-13,First Class,CU-1225,Vihaan Joshi,Consumer,India,Jaipur,Rajasthan,North,OFF-BI-1002,Office Supplies,Binders,Heavy Duty Lever Arch File,1644.51,5,0,464.9
IN-2025-101030,2025-11-12,2025-11-13,First Class,CU-1225,Vihaan Joshi,Consumer,India,Jaipur,Rajasthan,North,FUR-TA-1002,Furniture,Tables,Computer Desk,60180.13,6,0,-2490.77
IN-2025-101497,2025-11-12,2025-11-17,Standard Class,CU-1124,Shruti Pillai,Consumer,India,Hyderabad,Telangana,South,OFF-AR-1003,Office Supplies,Art,Highlighter Pack,381.59,2,0.3,4.77
IN-2025-101497,2025-11-12,2025-11-17,Standard Class,CU-1124,Shruti Pillai,Consumer,India,Hyderabad,Telangana,South,TEC-PH-1003,Technology,Phones,IP Desk Phone,15597.29,3,0.15,175.07
IN-2025-100300,2025-11-13,2025-11-16,Second Class,CU-1044,Rahul Patel,Corporate,India,Coimbatore,Tamil Nadu,South,OFF-BI-1002,Office Supplies,Binders,Heavy Duty Lever Arch File,1362.78,4,0,372.27
IN-2025-100708,2025-11-13,2025-11-20,Standard Class,CU-1058,Tanvi Kulkarni,Consumer,India,Ahmedabad,Gujarat,West,OFF-PA-1004,Office Supplies,Paper,Thermal Roll Pack,1404.68,2,0,464.75
IN-2025-100708,2025-11-13,2025-11-20,Standard Class,CU-1058,Tanvi Kulkarni,Consumer,India,Ahmedabad,Gujarat,West,OFF-ST-1001,Office Supplies,Storage,Steel Filing Cabinet,78213.2,6,0,10237.08
IN-2025-100708,2025-11-13,2025-11-20,Standard Class,CU-1058,Tanvi Kulkarni,Consumer,India,Ahmedabad,Gujarat,West,OFF-BI-1002,Office Supplies,Binders,Heavy Duty Lever Arch File,1537.41,5,0.1,253.57
IN-2025-100708,2025-11-13,2025-11-20,Standard Class,CU-1058,Tanvi Kulkarni,Consumer,India,Ahmedabad,Gujarat,West,OFF-BI-1004,Office Supplies,Binders,Plastic Folder Set,1115.26,3,0.15,156.91
IN-2025-101425,2025-11-13,2025-11-16,Second Class,CU-1072,Vihaan Menon,Consumer,India,Kolkata,West Bengal,East,TEC-PH-1003,Technology,Phones,IP Desk Phone,12362.27,2,0,2163.68
IN-2025-100575,2025-11-14,2025-11-19,Standard Class,CU-1383,Siddharth Patel,Consumer,India,Panaji,Goa,West,OFF-AR-1001,Office Supplies,Art,Whiteboard Marker Set,1868.03,5,0.15,229.76
IN-2025-100615,2025-11-14,2025-11-14,Same Day,CU-1118,Priya Sharma,Consumer,India,Surat,Gujarat,West,FUR-TA-1003,Furniture,Tables,Folding Training Table,17198.12,3,0.15,-898.97
IN-2025-100615,2025-11-14,2025-11-14,Same Day,CU-1118,Priya Sharma,Consumer,India,Surat,Gujarat,West,OFF-AR-1003,Office Supplies,Art,Highlighter Pack,1253.3,5,0,338.72
IN-2025-100615,2025-11-14,2025-11-14,Same Day,CU-1118,Priya Sharma,Consumer,India,Surat,Gujarat,West,FUR-FU-1004,Furniture,Furnishings,Anti-Fatigue Floor Mat,5560.34,3,0,1271.51
IN-2025-100615,2025-11-14,2025-11-14,Same Day,CU-1118,Priya Sharma,Consumer,India,Surat,Gujarat,West,FUR-CH-1003,Furniture,Chairs,Mesh Back Task Chair,16171.5,3,0,2502.7
IN-2025-100327,2025-11-15,2025-11-20,Standard Class,CU-1056,Sneha Shah,Consumer,India,Amritsar,Punjab,North,OFF-ST-1003,Office Supplies,Storage,Desk Organizer,925.99,1,0,142.16
IN-2025-101279,2025-11-16,2025-11-20,Standard Class,CU-1294,Riya Rao,Consumer,India,Panaji,Goa,West,OFF-AR-1001,Office Supplies,Art,Whiteboard Marker Set,2842.39,7,0.05,634.92
IN-2025-101253,2025-11-17,2025-11-21,Second Class,CU-1204,Priya Sharma,Consumer,India,Panaji,Goa,West,OFF-AR-1003,Office Supplies,Art,Highlighter Pack,445.57,2,0.15,61.44
IN-2025-100009,2025-11-18,2025-11-22,Standard Class,CU-1138,Arjun Verma,Corporate,India,Hyderabad,Telangana,South,TEC-PH-1004,Technology,Phones,Conference Speakerphone,20109.61,2,0,3992.03
IN-2025-100009,2025-11-18,2025-11-22,Standard Class,CU-1138,Arjun Verma,Corporate,India,Hyderabad,Telangana,South,OFF-PA-1001,Office Supplies,Paper,A4 Copier Paper 500 Sheets,310.16,1,0.15,85.97
IN-2025-100009,2025-11-18,2025-11-22,Standard Class,CU-1138,Arjun Verma,Corporate,India,Hyderabad,Telangana,South,OFF-BI-1002,Office Supplies,Binders,Heavy Duty Lever Arch File,2124.39,8,0.2,130.72
IN-2025-100619,2025-11-18,2025-11-22,Standard Class,CU-1160,Varun Nair,Consumer,India,Jaipur,Rajasthan,North,TEC-AC-1004,Technology,Accessories,Noise Cancelling Headset,7129.77,1,0.1,1493.7
IN-2025-100619,2025-11-18,2025-11-22,Standard Class,CU-1160,Varun Nair,Consumer,India,Jaipur,Rajasthan,North,OFF-BI-1003,Office Supplies,Binders,Binding Machine Combs,2334.8,3,0,698.97
IN-2025-101289,2025-11-18,2025-11-20,Second Class,CU-1432,Diya Menon,Consumer,India,Jaipur,Rajasthan,North,FUR-FU-1002,Furniture,Furnishings,Wall Clock Classic,1724.22,2,0.1,174.34
IN-2025-101289,2025-11-18,2025-11-20,Second Class,CU-1432,Diya Menon,Consumer,India,Jaipur,Rajasthan,North,OFF-BI-1002,Office Supplies,Binders,Heavy Duty Lever Arch File,719.79,3,0.3,-36.63
IN-2025-100182,2025-11-19,2025-11-26,Standard Class,CU-1050,Isha Iyer,Consumer,India,Hyderabad,Telangana,South,OFF-AR-1002,Office Supplies,Art,Premium Pen Set,4307.28,4,0.2,435.37
IN-2025-100182,2025-11-19,2025-11-26,Standard Class,CU-1050,Isha Iyer,Consumer,India,Hyderabad,Telangana,South,TEC-AC-1003,Technology,Accessories,USB-C Hub 7-in-1,2136.69,1,0.1,369.17
IN-2025-101677,2025-11-19,2025-11-24,Standard Class,CU-1027,Swati Iyer,Home Office,India,Bhopal,Madhya Pradesh,Central,TEC-AC-1003,Technology,Accessories,USB-C Hub 7-in-1,2392.86,1,0,547.88
IN-2025-101677,2025-11-19,2025-11-24,Standard Class,CU-1027,Swati Iyer,Home Office,India,Bhopal,Madhya Pradesh,Central,OFF-PA-1003,Office Supplies,Paper,Sticky Notes Bulk Pack,1093.99,2,0.05,341.02
IN-2025-100932,2025-11-20,2025-11-26,Standard Class,CU-1247,Diya Kulkarni,Corporate,India,Panaji,Goa,West,FUR-BO-1003,Furniture,Bookcases,Corner Display Unit,18073.88,2,0.05,415.94
IN-2025-100932,2025-11-20,2025-11-26,Standard Class,CU-1247,Diya Kulkarni,Corporate,India,Panaji,Goa,West,OFF-AR-1002,Office Supplies,Art,Premium Pen Set,1287.42,1,0,405.11
IN-2025-101082,2025-11-20,2025-11-24,Second Class,CU-1190,Varun Pillai,Consumer,India,Surat,Gujarat,West,OFF-ST-1002,Office Supplies,Storage,Plastic Storage Box Set,6486.87,5,0.2,-448.98
IN-2025-100951,2025-11-21,2025-11-27,Standard Class,CU-1288,Ananya Patel,Consumer,India,Surat,Gujarat,West,OFF-AR-1002,Office Supplies,Art,Premium Pen Set,1390.16,1,0,363.29
IN-2025-100951,2025-11-21,2025-11-27,Standard Class,CU-1288,Ananya Patel,Consumer,India,Surat,Gujarat,West,OFF-PA-1004,Office Supplies,Paper,Thermal Roll Pack,1015.37,2,0.3,139.42
IN-2025-101564,2025-11-21,2025-11-27,Standard Class,CU-1067,Siddharth Sharma,Corporate,India,Hyderabad,Telangana,South,OFF-AR-1001,Office Supplies,Art,Whiteboard Marker Set,342.14,1,0.2,12.44
IN-2025-100872,2025-11-22,2025-11-23,First Class,CU-1328,Vihaan Nair,Corporate,India,Bengaluru,Karnataka,South,OFF-ST-1001,Office Supplies,Storage,Steel Filing Cabinet,12576.13,1,0,659.48
IN-2025-100080,2025-11-23,2025-11-27,Second Class,CU-1324,Aman Pillai,Consumer,India,Kochi,Kerala,South,FUR-FU-1002,Furniture,Furnishings,Wall Clock Classic,3564.05,4,0.1,542.92
IN-2025-101302,2025-11-23,2025-11-28,Standard Class,CU-1373,Aman Iyer,Consumer,India,Bengaluru,Karnataka,South,OFF-AR-1003,Office Supplies,Art,Highlighter Pack,534.18,3,0.3,20.74
IN-2025-101675,2025-11-24,2025-11-27,First Class,CU-1387,Ananya Patel,Corporate,India,Kochi,Kerala,South,OFF-ST-1002,Office Supplies,Storage,Plastic Storage Box Set,8222.4,5,0,480.72
IN-2025-101675,2025-11-24,2025-11-27,First Class,CU-1387,Ananya Patel,Corporate,India,Kochi,Kerala,South,OFF-AR-1002,Office Supplies,Art,Premium Pen Set,7866.11,6,0,1507.14
IN-2025-100114,2025-11-25,2025-12-02,Standard Class,CU-1301,Manish Pillai,Consumer,India,Hyderabad,Telangana,South,OFF-PA-1003,Office Supplies,Paper,Sticky Notes Bulk Pack,482.36,1,0.15,147.16
IN-2025-100114,2025-11-25,2025-12-02,Standard Class,CU-1301,Manish Pillai,Consumer,India,Hyderabad,Telangana,South,FUR-FU-1003,Furniture,Furnishings,Office Curtain Set,5048.32,2,0.1,544.25
IN-2025-100114,2025-11-25,2025-12-02,Standard Class,CU-1301,Manish Pillai,Consumer,India,Hyderabad,Telangana,South,FUR-CH-1001,Furniture,Chairs,Ergonomic Office Chair,41595.98,5,0,2765.04
IN-2025-100212,2025-11-25,2025-11-30,Standard Class,CU-1172,Ananya Sharma,Home Office,India,Hyderabad,Telangana,South,OFF-BI-1001,Office Supplies,Binders,Ring Binder A4 (Pack of 10),2528.68,4,0,655.97
IN-2025-100294,2025-11-25,2025-12-01,Standard Class,CU-1078,Priya Verma,Corporate,India,Noida,Uttar Pradesh,North,TEC-AC-1002,Technology,Accessories,Mechanical Keyboard,11022.92,3,0,3400.01
IN-2025-100294,2025-11-25,2025-12-01,Standard Class,CU-1078,Priya Verma,Corporate,India,Noida,Uttar Pradesh,North,OFF-PA-1002,Office Supplies,Paper,Premium Photo Paper,6546.66,5,0,2362.71
IN-2025-100294,2025-11-25,2025-12-01,Standard Class,CU-1078,Priya Verma,Corporate,India,Noida,Uttar Pradesh,North,TEC-PH-1001,Technology,Phones,Smartphone Pro 128GB,106849.37,3,0,19043.47
IN-2025-100893,2025-11-25,2025-12-02,Standard Class,CU-1081,Siddharth Shah,Corporate,India,Mumbai,Maharashtra,West,TEC-CO-1001,Technology,Copiers,Laser Copier Compact,95267.72,2,0.05,26814.52
IN-2025-100893,2025-11-25,2025-12-02,Standard Class,CU-1081,Siddharth Shah,Corporate,India,Mumbai,Maharashtra,West,TEC-AC-1003,Technology,Accessories,USB-C Hub 7-in-1,4597.89,2,0,1048.48
IN-2025-100893,2025-11-25,2025-12-02,Standard Class,CU-1081,Siddharth Shah,Corporate,India,Mumbai,Maharashtra,West,TEC-AC-1001,Technology,Accessories,Wireless Mouse,2170.33,3,0.2,141.35
IN-2025-101049,2025-11-25,2025-11-29,Second Class,CU-1223,Riya Kapoor,Consumer,India,Surat,Gujarat,West,FUR-FU-1003,Furniture,Furnishings,Office Curtain Set,8492.83,3,0,1618.93
IN-2025-101049,2025-11-25,2025-11-29,Second Class,CU-1223,Riya Kapoor,Consumer,India,Surat,Gujarat,West,FUR-BO-1004,Furniture,Bookcases,Modular Bookshelf,7423.34,1,0,283.74
IN-2025-100136,2025-11-26,2025-11-29,First Class,CU-1099,Yash Verma,Consumer,India,Ahmedabad,Gujarat,West,OFF-BI-1004,Office Supplies,Binders,Plastic Folder Set,1778.17,4,0.05,377.46
IN-2025-101085,2025-11-26,2025-11-28,First Class,CU-1255,Swati Kapoor,Corporate,India,Chennai,Tamil Nadu,South,FUR-FU-1001,Furniture,Furnishings,LED Desk Lamp,7799.11,8,0.3,-455.65
IN-2025-101085,2025-11-26,2025-11-28,First Class,CU-1255,Swati Kapoor,Corporate,India,Chennai,Tamil Nadu,South,FUR-CH-1003,Furniture,Chairs,Mesh Back Task Chair,14393.79,3,0.1,799.17
IN-2025-101085,2025-11-26,2025-11-28,First Class,CU-1255,Swati Kapoor,Corporate,India,Chennai,Tamil Nadu,South,TEC-AC-1001,Technology,Accessories,Wireless Mouse,957.42,1,0,172.29
IN-2025-100921,2025-11-27,2025-11-27,Same Day,CU-1031,Siddharth Iyer,Consumer,India,Bengaluru,Karnataka,South,TEC-AC-1004,Technology,Accessories,Noise Cancelling Headset,23340.53,3,0,5369.2
IN-2025-101084,2025-11-27,2025-12-02,Standard Class,CU-1154,Meera Mehta,Home Office,India,Panaji,Goa,West,FUR-FU-1002,Furniture,Furnishings,Wall Clock Classic,2370.91,3,0.2,-163.02
IN-2025-101084,2025-11-27,2025-12-02,Standard Class,CU-1154,Meera Mehta,Home Office,India,Panaji,Goa,West,OFF-AR-1003,Office Supplies,Art,Highlighter Pack,772.53,3,0.05,182.73
IN-2025-100037,2025-11-28,2025-12-04,Standard Class,CU-1038,Rahul Mehta,Corporate,India,Kolkata,West Bengal,East,TEC-CO-1004,Technology,Copiers,Document Scanner,44264.52,2,0,12921.32
IN-2025-100675,2025-11-28,2025-12-02,Standard Class,CU-1378,Pooja Das,Corporate,India,Kolkata,West Bengal,East,TEC-AC-1002,Technology,Accessories,Mechanical Keyboard,10889.38,3,0,4062.16
IN-2025-100675,2025-11-28,2025-12-02,Standard Class,CU-1378,Pooja Das,Corporate,India,Kolkata,West Bengal,East,OFF-ST-1004,Office Supplies,Storage,Wall Mount Shelf Box,4247.28,2,0,413.71
IN-2025-100675,2025-11-28,2025-12-02,Standard Class,CU-1378,Pooja Das,Corporate,India,Kolkata,West Bengal,East,FUR-CH-1004,Furniture,Chairs,Visitor Chair Set,3680.52,1,0,428.88
IN-2025-100863,2025-11-28,2025-12-03,Standard Class,CU-1003,Nikhil Sharma,Corporate,India,Nagpur,Maharashtra,West,OFF-PA-1003,Office Supplies,Paper,Sticky Notes Bulk Pack,1435.93,3,0.15,268.92
IN-2025-101625,2025-11-28,2025-12-03,Standard Class,CU-1250,Tanvi Gupta,Corporate,India,Panaji,Goa,West,OFF-BI-1001,Office Supplies,Binders,Ring Binder A4 (Pack of 10),625.19,1,0,201.4
IN-2025-101625,2025-11-28,2025-12-03,Standard Class,CU-1250,Tanvi Gupta,Corporate,India,Panaji,Goa,West,OFF-BI-1004,Office Supplies,Binders,Plastic Folder Set,442.19,1,0,108.67
IN-2025-101626,2025-11-28,2025-11-30,First Class,CU-1156,Diya Desai,Home Office,India,Lucknow,Uttar Pradesh,North,FUR-BO-1004,Furniture,Bookcases,Modular Bookshelf,30215.25,4,0.05,1331.59
IN-2025-101230,2025-12-01,2025-12-04,Second Class,CU-1212,Arjun Bose,Corporate,India,Kolkata,West Bengal,East,TEC-PH-1001,Technology,Phones,Smartphone Pro 128GB,83875.36,3,0.2,57.11
IN-2025-101275,2025-12-01,2025-12-06,Standard Class,CU-1429,Kavya Kulkarni,Consumer,India,Surat,Gujarat,West,OFF-PA-1002,Office Supplies,Paper,Premium Photo Paper,1244.08,1,0,521.99
IN-2025-100277,2025-12-02,2025-12-09,Standard Class,CU-1235,Kavya Nair,Consumer,India,Amritsar,Punjab,North,TEC-AC-1001,Technology,Accessories,Wireless Mouse,4678.56,5,0,1070.41
IN-2025-100277,2025-12-02,2025-12-09,Standard Class,CU-1235,Kavya Nair,Consumer,India,Amritsar,Punjab,North,FUR-FU-1002,Furniture,Furnishings,Wall Clock Classic,1947.49,2,0,433.65
IN-2025-100537,2025-12-02,2025-12-05,First Class,CU-1053,Nikhil Rao,Consumer,India,Panaji,Goa,West,TEC-PH-1002,Technology,Phones,Smartphone Lite 64GB,12011.7,1,0.05,1484.93
IN-2025-100537,2025-12-02,2025-12-05,First Class,CU-1053,Nikhil Rao,Consumer,India,Panaji,Goa,West,FUR-FU-1004,Furniture,Furnishings,Anti-Fatigue Floor Mat,1907.9,1,0,511.85
IN-2025-100618,2025-12-02,2025-12-07,Standard Class,CU-1081,Siddharth Shah,Corporate,India,Mumbai,Maharashtra,West,OFF-BI-1003,Office Supplies,Binders,Binding Machine Combs,695.37,1,0.15,138.78
IN-2025-100412,2025-12-03,2025-12-07,Standard Class,CU-1086,Varun Rao,Home Office,India,Pune,Maharashtra,West,OFF-AR-1002,Office Supplies,Art,Premium Pen Set,1411.53,1,0,329.22
IN-2025-100412,2025-12-03,2025-12-07,Standard Class,CU-1086,Varun Rao,Home Office,India,Pune,Maharashtra,West,FUR-TA-1001,Furniture,Tables,Conference Table 8-Seater,301077.03,7,0,-20653.47
IN-2025-100768,2025-12-03,2025-12-06,Second Class,CU-1092,Neha Gupta,Corporate,India,New Delhi,Delhi,North,OFF-PA-1002,Office Supplies,Paper,Premium Photo Paper,871.96,1,0.3,110.63
IN-2025-101566,2025-12-03,2025-12-07,Second Class,CU-1204,Priya Sharma,Consumer,India,Panaji,Goa,West,TEC-PH-1001,Technology,Phones,Smartphone Pro 128GB,68320.55,2,0,11328.52
IN-2025-101566,2025-12-03,2025-12-07,Second Class,CU-1204,Priya Sharma,Consumer,India,Panaji,Goa,West,FUR-CH-1001,Furniture,Chairs,Ergonomic Office Chair,7276.58,1,0.15,-49.92
IN-2025-100252,2025-12-04,2025-12-10,Standard Class,CU-1437,Diya Sharma,Home Office,India,Mumbai,Maharashtra,West,OFF-PA-1002,Office Supplies,Paper,Premium Photo Paper,888.95,1,0.3,96.09
IN-2025-100794,2025-12-04,2025-12-09,Standard Class,CU-1295,Shruti Verma,Consumer,India,Hyderabad,Telangana,South,OFF-PA-1001,Office Supplies,Paper,A4 Copier Paper 500 Sheets,701.33,2,0.1,209.13
IN-2025-100949,2025-12-04,2025-12-04,Same Day,CU-1162,Harsh Nair,Consumer,India,Kochi,Kerala,South,FUR-TA-1002,Furniture,Tables,Computer Desk,42897.89,5,0.1,-5091.37
IN-2025-101394,2025-12-04,2025-12-11,Standard Class,CU-1424,Aarav Kulkarni,Corporate,India,Kochi,Kerala,South,OFF-PA-1001,Office Supplies,Paper,A4 Copier Paper 500 Sheets,774.22,3,0.3,95.21
IN-2025-101394,2025-12-04,2025-12-11,Standard Class,CU-1424,Aarav Kulkarni,Corporate,India,Kochi,Kerala,South,OFF-PA-1002,Office Supplies,Paper,Premium Photo Paper,1166.04,1,0.1,383.92
IN-2025-101394,2025-12-04,2025-12-11,Standard Class,CU-1424,Aarav Kulkarni,Corporate,India,Kochi,Kerala,South,OFF-BI-1002,Office Supplies,Binders,Heavy Duty Lever Arch File,2350.23,7,0,700.33
IN-2025-100274,2025-12-05,2025-12-12,Standard Class,CU-1073,Neha Iyer,Home Office,India,Bhopal,Madhya Pradesh,Central,OFF-BI-1002,Office Supplies,Binders,Heavy Duty Lever Arch File,1974.77,7,0.2,303.58
IN-2025-100922,2025-12-05,2025-12-09,Standard Class,CU-1089,Tanvi Joshi,Consumer,India,Panaji,Goa,West,TEC-AC-1003,Technology,Accessories,USB-C Hub 7-in-1,5006.87,2,0,1331.33
IN-2025-100922,2025-12-05,2025-12-09,Standard Class,CU-1089,Tanvi Joshi,Consumer,India,Panaji,Goa,West,OFF-BI-1001,Office Supplies,Binders,Ring Binder A4 (Pack of 10),542.42,1,0.15,108.12
IN-2025-101515,2025-12-05,2025-12-09,Second Class,CU-1416,Aditya Shah,Home Office,India,Bengaluru,Karnataka,South,TEC-CO-1003,Technology,Copiers,Mono Laser Printer,30748.58,2,0.15,5207.76
IN-2025-101515,2025-12-05,2025-12-09,Second Class,CU-1416,Aditya Shah,Home Office,India,Bengaluru,Karnataka,South,FUR-BO-1004,Furniture,Bookcases,Modular Bookshelf,22222.37,3,0.05,414.35
IN-2025-100253,2025-12-06,2025-12-11,Standard Class,CU-1160,Varun Nair,Consumer,India,Jaipur,Rajasthan,North,OFF-PA-1003,Office Supplies,Paper,Sticky Notes Bulk Pack,455.17,1,0.2,81.66
IN-2025-100253,2025-12-06,2025-12-11,Standard Class,CU-1160,Varun Nair,Consumer,India,Jaipur,Rajasthan,North,OFF-PA-1002,Office Supplies,Paper,Premium Photo Paper,4180.63,5,0.3,259.67
IN-2025-100405,2025-12-06,2025-12-09,Second Class,CU-1341,Siddharth Desai,Corporate,India,Panaji,Goa,West,FUR-BO-1002,Furniture,Bookcases,Steel Library Rack,23895.58,2,0.2,-2577.91
IN-2025-100405,2025-12-06,2025-12-09,Second Class,CU-1341,Siddharth Desai,Corporate,India,Panaji,Goa,West,OFF-AR-1004,Office Supplies,Art,Artist Sketch Kit,6263.42,5,0.3,-279.16
IN-2025-100405,2025-12-06,2025-12-09,Second Class,CU-1341,Siddharth Desai,Corporate,India,Panaji,Goa,West,OFF-AR-1003,Office Supplies,Art,Highlighter Pack,1249.27,5,0,332.86
IN-2025-100405,2025-12-06,2025-12-09,Second Class,CU-1341,Siddharth Desai,Corporate,India,Panaji,Goa,West,FUR-BO-1004,Furniture,Bookcases,Modular Bookshelf,14901.18,2,0,1269.39
IN-2025-100413,2025-12-06,2025-12-13,Standard Class,CU-1288,Ananya Patel,Consumer,India,Surat,Gujarat,West,OFF-BI-1004,Office Supplies,Binders,Plastic Folder Set,427.66,1,0,143.9
IN-2025-100413,2025-12-06,2025-12-13,Standard Class,CU-1288,Ananya Patel,Consumer,India,Surat,Gujarat,West,OFF-ST-1002,Office Supplies,Storage,Plastic Storage Box Set,5137.68,3,0,673.76
IN-2025-100413,2025-12-06,2025-12-13,Standard Class,CU-1288,Ananya Patel,Consumer,India,Surat,Gujarat,West,OFF-AR-1003,Office Supplies,Art,Highlighter Pack,767.12,3,0.05,132.2
IN-2025-101624,2025-12-06,2025-12-12,Standard Class,CU-1266,Vihaan Desai,Home Office,India,Ludhiana,Punjab,North,FUR-CH-1004,Furniture,Chairs,Visitor Chair Set,2753.32,1,0.3,-533.62
IN-2025-101624,2025-12-06,2025-12-12,Standard Class,CU-1266,Vihaan Desai,Home Office,India,Ludhiana,Punjab,North,FUR-FU-1001,Furniture,Furnishings,LED Desk Lamp,7131.69,5,0,1167.58
IN-2025-100335,2025-12-07,2025-12-10,Second Class,CU-1405,Rohan Pillai,Consumer,India,Lucknow,Uttar Pradesh,North,FUR-TA-1001,Furniture,Tables,Conference Table 8-Seater,58060.68,2,0.3,-18285.96
IN-2025-100335,2025-12-07,2025-12-10,Second Class,CU-1405,Rohan Pillai,Consumer,India,Lucknow,Uttar Pradesh,North,OFF-AR-1003,Office Supplies,Art,Highlighter Pack,637.46,3,0.2,49.1
IN-2025-100455,2025-12-07,2025-12-11,Second Class,CU-1012,Pooja Joshi,Consumer,India,New Delhi,Delhi,North,OFF-AR-1004,Office Supplies,Art,Artist Sketch Kit,1514.33,1,0.1,268.56
IN-2025-100455,2025-12-07,2025-12-11,Second Class,CU-1012,Pooja Joshi,Consumer,India,New Delhi,Delhi,North,FUR-FU-1003,Furniture,Furnishings,Office Curtain Set,10939.7,4,0,2569.4
IN-2025-100821,2025-12-07,2025-12-08,First Class,CU-1267,Priya Kapoor,Consumer,India,Coimbatore,Tamil Nadu,South,OFF-BI-1003,Office Supplies,Binders,Binding Machine Combs,1609.63,2,0,487.97
IN-2025-100821,2025-12-07,2025-12-08,First Class,CU-1267,Priya Kapoor,Consumer,India,Coimbatore,Tamil Nadu,South,OFF-AR-1002,Office Supplies,Art,Premium Pen Set,1295.99,1,0,285.9
IN-2025-100821,2025-12-07,2025-12-08,First Class,CU-1267,Priya Kapoor,Consumer,India,Coimbatore,Tamil Nadu,South,FUR-FU-1001,Furniture,Furnishings,LED Desk Lamp,1286.18,1,0.1,166.7
IN-2025-100323,2025-12-08,2025-12-08,Same Day,CU-1039,Priya Joshi,Home Office,India,Pune,Maharashtra,West,FUR-FU-1002,Furniture,Furnishings,Wall Clock Classic,1923.94,2,0,457.03
IN-2025-100323,2025-12-08,2025-12-08,Same Day,CU-1039,Priya Joshi,Home Office,India,Pune,Maharashtra,West,TEC-PH-1003,Technology,Phones,IP Desk Phone,17310.01,3,0.1,1663.83
IN-2025-100323,2025-12-08,2025-12-08,Same Day,CU-1039,Priya Joshi,Home Office,India,Pune,Maharashtra,West,FUR-FU-1004,Furniture,Furnishings,Anti-Fatigue Floor Mat,3440.73,2,0.1,450.99
IN-2025-100586,2025-12-08,2025-12-12,Standard Class,CU-1004,Priya Chopra,Consumer,India,Jaipur,Rajasthan,North,OFF-AR-1002,Office Supplies,Art,Premium Pen Set,1983.66,2,0.3,-162.66
IN-2025-100586,2025-12-08,2025-12-12,Standard Class,CU-1004,Priya Chopra,Consumer,India,Jaipur,Rajasthan,North,TEC-AC-1002,Technology,Accessories,Mechanical Keyboard,3200.02,1,0.15,550.12
IN-2025-100779,2025-12-08,2025-12-13,Standard Class,CU-1095,Pooja Pillai,Corporate,India,Surat,Gujarat,West,OFF-ST-1002,Office Supplies,Storage,Plastic Storage Box Set,8225.51,5,0,1107.47
IN-2025-100779,2025-12-08,2025-12-13,Standard Class,CU-1095,Pooja Pillai,Corporate,India,Surat,Gujarat,West,OFF-AR-1003,Office Supplies,Art,Highlighter Pack,177.24,1,0.3,-10.75
IN-2025-101573,2025-12-09,2025-12-09,Same Day,CU-1060,Swati Bose,Corporate,India,Ludhiana,Punjab,North,OFF-BI-1002,Office Supplies,Binders,Heavy Duty Lever Arch File,493.08,2,0.3,-6.49
IN-2025-101573,2025-12-09,2025-12-09,Same Day,CU-1060,Swati Bose,Corporate,India,Ludhiana,Punjab,North,OFF-ST-1003,Office Supplies,Storage,Desk Organizer,2912.18,4,0.2,-162.84
IN-2025-101573,2025-12-09,2025-12-09,Same Day,CU-1060,Swati Bose,Corporate,India,Ludhiana,Punjab,North,FUR-TA-1003,Furniture,Tables,Folding Training Table,13463.38,2,0,-6.21
IN-2025-100076,2025-12-10,2025-12-16,Standard Class,CU-1360,Karan Nair,Consumer,India,Panaji,Goa,West,TEC-AC-1003,Technology,Accessories,USB-C Hub 7-in-1,3919.64,2,0.15,670.18
IN-2025-100463,2025-12-10,2025-12-17,Standard Class,CU-1019,Manish Menon,Corporate,India,Kolkata,West Bengal,East,TEC-CO-1001,Technology,Copiers,Laser Copier Compact,46411.85,1,0,12910.44
IN-2025-100463,2025-12-10,2025-12-17,Standard Class,CU-1019,Manish Menon,Corporate,India,Kolkata,West Bengal,East,FUR-TA-1003,Furniture,Tables,Folding Training Table,24143.44,4,0.05,-1546.67
IN-2025-100463,2025-12-10,2025-12-17,Standard Class,CU-1019,Manish Menon,Corporate,India,Kolkata,West Bengal,East,OFF-ST-1001,Office Supplies,Storage,Steel Filing Cabinet,25326.92,2,0,2014.95
IN-2025-101512,2025-12-11,2025-12-16,Standard Class,CU-1031,Siddharth Iyer,Consumer,India,Bengaluru,Karnataka,South,OFF-BI-1002,Office Supplies,Binders,Heavy Duty Lever Arch File,456.39,2,0.3,0.27
IN-2025-101512,2025-12-11,2025-12-16,Standard Class,CU-1031,Siddharth Iyer,Consumer,India,Bengaluru,Karnataka,South,OFF-AR-1003,Office Supplies,Art,Highlighter Pack,1089.59,5,0.15,74.89
IN-2025-101512,2025-12-11,2025-12-16,Standard Class,CU-1031,Siddharth Iyer,Consumer,India,Bengaluru,Karnataka,South,OFF-BI-1002,Office Supplies,Binders,Heavy Duty Lever Arch File,562.82,2,0.15,82.79
IN-2025-101536,2025-12-11,2025-12-15,Second Class,CU-1430,Pooja Pillai,Consumer,India,Surat,Gujarat,West,OFF-ST-1001,Office Supplies,Storage,Steel Filing Cabinet,50964.42,5,0.2,-1539.65
IN-2025-101536,2025-12-11,2025-12-15,Second Class,CU-1430,Pooja Pillai,Consumer,India,Surat,Gujarat,West,TEC-AC-1002,Technology,Accessories,Mechanical Keyboard,11247.32,3,0,2683.86
IN-2025-100504,2025-12-12,2025-12-18,Standard Class,CU-1224,Kavya Menon,Consumer,India,Panaji,Goa,West,FUR-FU-1004,Furniture,Furnishings,Anti-Fatigue Floor Mat,1799.52,1,0,357.51
IN-2025-100504,2025-12-12,2025-12-18,Standard Class,CU-1224,Kavya Menon,Consumer,India,Panaji,Goa,West,TEC-PH-1002,Technology,Phones,Smartphone Lite 64GB,40144.5,3,0,3061.16
IN-2025-100504,2025-12-12,2025-12-18,Standard Class,CU-1224,Kavya Menon,Consumer,India,Panaji,Goa,West,FUR-FU-1004,Furniture,Furnishings,Anti-Fatigue Floor Mat,1780.94,1,0,365.19
IN-2025-100029,2025-12-13,2025-12-19,Standard Class,CU-1134,Vihaan Joshi,Consumer,India,Kochi,Kerala,South,FUR-FU-1001,Furniture,Furnishings,LED Desk Lamp,8165.43,7,0.2,18.2
IN-2025-100029,2025-12-13,2025-12-19,Standard Class,CU-1134,Vihaan Joshi,Consumer,India,Kochi,Kerala,South,OFF-ST-1001,Office Supplies,Storage,Steel Filing Cabinet,13188.99,1,0,1634.92
IN-2025-100029,2025-12-13,2025-12-19,Standard Class,CU-1134,Vihaan Joshi,Consumer,India,Kochi,Kerala,South,TEC-AC-1001,Technology,Accessories,Wireless Mouse,7370.58,8,0,2025.25
IN-2025-100766,2025-12-13,2025-12-19,Standard Class,CU-1091,Siddharth Das,Corporate,India,Chennai,Tamil Nadu,South,FUR-FU-1002,Furniture,Furnishings,Wall Clock Classic,2801.2,3,0,497.27
IN-2025-100766,2025-12-13,2025-12-19,Standard Class,CU-1091,Siddharth Das,Corporate,India,Chennai,Tamil Nadu,South,FUR-FU-1004,Furniture,Furnishings,Anti-Fatigue Floor Mat,3563.05,2,0,712.2
IN-2025-101334,2025-12-13,2025-12-16,First Class,CU-1394,Varun Kapoor,Corporate,India,Surat,Gujarat,West,OFF-AR-1004,Office Supplies,Art,Artist Sketch Kit,3194.87,2,0.1,655.04
IN-2025-101403,2025-12-13,2025-12-16,Second Class,CU-1101,Ananya Iyer,Consumer,India,Bhubaneswar,Odisha,East,OFF-ST-1004,Office Supplies,Storage,Wall Mount Shelf Box,14151.96,7,0,1275.42
IN-2025-101403,2025-12-13,2025-12-16,Second Class,CU-1101,Ananya Iyer,Consumer,India,Bhubaneswar,Odisha,East,FUR-TA-1003,Furniture,Tables,Folding Training Table,6016.84,1,0.05,-419.14
IN-2025-101403,2025-12-13,2025-12-16,Second Class,CU-1101,Ananya Iyer,Consumer,India,Bhubaneswar,Odisha,East,FUR-CH-1002,Furniture,Chairs,Executive Leather Chair,45162.62,3,0.2,-2917.05
IN-2025-101128,2025-12-14,2025-12-14,Same Day,CU-1197,Aditya Pillai,Consumer,India,Panaji,Goa,West,FUR-CH-1003,Furniture,Chairs,Mesh Back Task Chair,13670.18,3,0.1,-170.11
IN-2025-101128,2025-12-14,2025-12-14,Same Day,CU-1197,Aditya Pillai,Consumer,India,Panaji,Goa,West,TEC-PH-1003,Technology,Phones,IP Desk Phone,47081.45,8,0.05,7653.9
IN-2025-101128,2025-12-14,2025-12-14,Same Day,CU-1197,Aditya Pillai,Consumer,India,Panaji,Goa,West,FUR-BO-1004,Furniture,Bookcases,Modular Bookshelf,5711.76,1,0.3,-339.05
IN-2025-100492,2025-12-15,2025-12-17,First Class,CU-1142,Sneha Verma,Home Office,India,Amritsar,Punjab,North,FUR-FU-1001,Furniture,Furnishings,LED Desk Lamp,1971.29,2,0.3,-59.25
IN-2025-101533,2025-12-15,2025-12-18,Second Class,CU-1407,Rohan Joshi,Consumer,India,New Delhi,Delhi,North,OFF-BI-1004,Office Supplies,Binders,Plastic Folder Set,2766.05,8,0.2,283.12
IN-2025-101533,2025-12-15,2025-12-18,Second Class,CU-1407,Rohan Joshi,Consumer,India,New Delhi,Delhi,North,OFF-PA-1001,Office Supplies,Paper,A4 Copier Paper 500 Sheets,383.26,1,0,155.47
IN-2025-101533,2025-12-15,2025-12-18,Second Class,CU-1407,Rohan Joshi,Consumer,India,New Delhi,Delhi,North,TEC-AC-1003,Technology,Accessories,USB-C Hub 7-in-1,2036.85,1,0.15,260.29
IN-2025-101695,2025-12-15,2025-12-21,Standard Class,CU-1419,Karan Gupta,Consumer,India,Lucknow,Uttar Pradesh,North,FUR-FU-1001,Furniture,Furnishings,LED Desk Lamp,2331.63,2,0.2,11.0
IN-2025-101695,2025-12-15,2025-12-21,Standard Class,CU-1419,Karan Gupta,Consumer,India,Lucknow,Uttar Pradesh,North,OFF-PA-1004,Office Supplies,Paper,Thermal Roll Pack,2147.37,3,0,725.06
IN-2025-101695,2025-12-15,2025-12-21,Standard Class,CU-1419,Karan Gupta,Consumer,India,Lucknow,Uttar Pradesh,North,TEC-PH-1003,Technology,Phones,IP Desk Phone,17522.59,3,0.05,1246.21
IN-2025-101695,2025-12-15,2025-12-21,Standard Class,CU-1419,Karan Gupta,Consumer,India,Lucknow,Uttar Pradesh,North,TEC-AC-1002,Technology,Accessories,Mechanical Keyboard,27769.76,8,0,7663.05
IN-2025-100500,2025-12-17,2025-12-21,Standard Class,CU-1280,Sanjana Desai,Consumer,India,Kolkata,West Bengal,East,FUR-BO-1001,Furniture,Bookcases,Wooden Bookcase 5-Shelf,22184.81,2,0.05,1302.3
IN-2025-100500,2025-12-17,2025-12-21,Standard Class,CU-1280,Sanjana Desai,Consumer,India,Kolkata,West Bengal,East,FUR-CH-1003,Furniture,Chairs,Mesh Back Task Chair,10227.92,2,0,1248.07
IN-2025-100563,2025-12-17,2025-12-24,Standard Class,CU-1397,Shruti Kapoor,Corporate,India,Ahmedabad,Gujarat,West,OFF-ST-1002,Office Supplies,Storage,Plastic Storage Box Set,4956.04,3,0,520.53
IN-2025-101582,2025-12-17,2025-12-19,First Class,CU-1127,Ananya Shah,Consumer,India,Chennai,Tamil Nadu,South,OFF-PA-1001,Office Supplies,Paper,A4 Copier Paper 500 Sheets,2999.01,8,0,1253.3
IN-2025-101582,2025-12-17,2025-12-19,First Class,CU-1127,Ananya Shah,Consumer,India,Chennai,Tamil Nadu,South,TEC-PH-1003,Technology,Phones,IP Desk Phone,10593.38,2,0.15,-34.45
IN-2025-101582,2025-12-17,2025-12-19,First Class,CU-1127,Ananya Shah,Consumer,India,Chennai,Tamil Nadu,South,OFF-BI-1004,Office Supplies,Binders,Plastic Folder Set,1313.37,3,0,350.54
IN-2025-101582,2025-12-17,2025-12-19,First Class,CU-1127,Ananya Shah,Consumer,India,Chennai,Tamil Nadu,South,OFF-ST-1003,Office Supplies,Storage,Desk Organizer,867.67,1,0,139.5
IN-2025-100245,2025-12-19,2025-12-24,Standard Class,CU-1438,Priya Gupta,Consumer,India,Kochi,Kerala,South,OFF-AR-1003,Office Supplies,Art,Highlighter Pack,249.58,1,0,68.39
IN-2025-100245,2025-12-19,2025-12-24,Standard Class,CU-1438,Priya Gupta,Consumer,India,Kochi,Kerala,South,OFF-ST-1002,Office Supplies,Storage,Plastic Storage Box Set,1685.61,1,0,242.63
IN-2025-100523,2025-12-19,2025-12-21,Second Class,CU-1370,Varun Mehta,Corporate,India,Kochi,Kerala,South,OFF-AR-1003,Office Supplies,Art,Highlighter Pack,433.08,2,0.2,15.27
IN-2025-100841,2025-12-19,2025-12-24,Standard Class,CU-1053,Nikhil Rao,Consumer,India,Panaji,Goa,West,OFF-BI-1001,Office Supplies,Binders,Ring Binder A4 (Pack of 10),3058.17,6,0.15,313.67
IN-2025-100841,2025-12-19,2025-12-24,Standard Class,CU-1053,Nikhil Rao,Consumer,India,Panaji,Goa,West,OFF-PA-1003,Office Supplies,Paper,Sticky Notes Bulk Pack,1744.31,4,0.2,316.39
IN-2025-101156,2025-12-19,2025-12-21,Second Class,CU-1030,Varun Bose,Consumer,India,Noida,Uttar Pradesh,North,TEC-PH-1001,Technology,Phones,Smartphone Pro 128GB,124624.01,4,0.05,16139.01
IN-2025-101156,2025-12-19,2025-12-21,Second Class,CU-1030,Varun Bose,Consumer,India,Noida,Uttar Pradesh,North,TEC-CO-1004,Technology,Copiers,Document Scanner,67326.29,3,0,18902.3
IN-2025-100299,2025-12-20,2025-12-23,First Class,CU-1207,Meera Kapoor,Corporate,India,Panaji,Goa,West,FUR-FU-1002,Furniture,Furnishings,Wall Clock Classic,2325.02,3,0.2,125.17
IN-2025-100315,2025-12-20,2025-12-25,Standard Class,CU-1001,Siddharth Joshi,Consumer,India,New Delhi,Delhi,North,TEC-CO-1002,Technology,Copiers,Multifunction Copier Pro,77597.86,1,0.05,22583.33
IN-2025-100330,2025-12-20,2025-12-24,Second Class,CU-1290,Rohan Iyer,Consumer,India,Jaipur,Rajasthan,North,OFF-ST-1004,Office Supplies,Storage,Wall Mount Shelf Box,4034.04,2,0,685.11
IN-2025-100330,2025-12-20,2025-12-24,Second Class,CU-1290,Rohan Iyer,Consumer,India,Jaipur,Rajasthan,North,TEC-AC-1003,Technology,Accessories,USB-C Hub 7-in-1,11196.76,6,0.2,1325.8
IN-2025-100330,2025-12-20,2025-12-24,Second Class,CU-1290,Rohan Iyer,Consumer,India,Jaipur,Rajasthan,North,FUR-FU-1003,Furniture,Furnishings,Office Curtain Set,8383.83,3,0,1682.3
IN-2025-100330,2025-12-20,2025-12-24,Second Class,CU-1290,Rohan Iyer,Consumer,India,Jaipur,Rajasthan,North,OFF-AR-1004,Office Supplies,Art,Artist Sketch Kit,5774.66,4,0.15,1002.92
IN-2025-100477,2025-12-20,2025-12-26,Standard Class,CU-1352,Pooja Patel,Home Office,India,Panaji,Goa,West,OFF-AR-1001,Office Supplies,Art,Whiteboard Marker Set,369.72,1,0.15,30.11
IN-2025-100477,2025-12-20,2025-12-26,Standard Class,CU-1352,Pooja Patel,Home Office,India,Panaji,Goa,West,OFF-AR-1001,Office Supplies,Art,Whiteboard Marker Set,320.24,1,0.2,8.16
IN-2025-100763,2025-12-20,2025-12-21,First Class,CU-1223,Riya Kapoor,Consumer,India,Surat,Gujarat,West,OFF-AR-1003,Office Supplies,Art,Highlighter Pack,178.18,1,0.3,6.09
IN-2025-100763,2025-12-20,2025-12-21,First Class,CU-1223,Riya Kapoor,Consumer,India,Surat,Gujarat,West,OFF-BI-1001,Office Supplies,Binders,Ring Binder A4 (Pack of 10),618.42,1,0,184.98
IN-2025-100763,2025-12-20,2025-12-21,First Class,CU-1223,Riya Kapoor,Consumer,India,Surat,Gujarat,West,TEC-AC-1003,Technology,Accessories,USB-C Hub 7-in-1,15009.25,6,0,4269.08
IN-2025-101521,2025-12-20,2025-12-22,Second Class,CU-1038,Rahul Mehta,Corporate,India,Kolkata,West Bengal,East,OFF-AR-1001,Office Supplies,Art,Whiteboard Marker Set,436.17,1,0,128.51
IN-2025-100567,2025-12-21,2025-12-28,Standard Class,CU-1097,Swati Verma,Home Office,India,Kochi,Kerala,South,OFF-BI-1002,Office Supplies,Binders,Heavy Duty Lever Arch File,293.45,1,0.15,39.83
IN-2025-100686,2025-12-21,2025-12-23,First Class,CU-1403,Riya Pillai,Corporate,India,Panaji,Goa,West,OFF-BI-1003,Office Supplies,Binders,Binding Machine Combs,3245.38,4,0,1194.75
IN-2025-100837,2025-12-22,2025-12-27,Standard Class,CU-1001,Siddharth Joshi,Consumer,India,New Delhi,Delhi,North,FUR-FU-1003,Furniture,Furnishings,Office Curtain Set,4107.98,2,0.3,-262.78
IN-2025-101282,2025-12-22,2025-12-27,Standard Class,CU-1104,Aman Mehta,Consumer,India,Ahmedabad,Gujarat,West,OFF-PA-1004,Office Supplies,Paper,Thermal Roll Pack,2666.31,4,0.1,866.23
IN-2025-101591,2025-12-22,2025-12-27,Standard Class,CU-1180,Aditya Desai,Consumer,India,Hyderabad,Telangana,South,FUR-BO-1003,Furniture,Bookcases,Corner Display Unit,6217.65,1,0.3,-1219.34
IN-2025-101600,2025-12-22,2025-12-29,Standard Class,CU-1124,Shruti Pillai,Consumer,India,Hyderabad,Telangana,South,OFF-AR-1003,Office Supplies,Art,Highlighter Pack,1073.24,4,0,359.34
IN-2025-101682,2025-12-22,2025-12-24,First Class,CU-1101,Ananya Iyer,Consumer,India,Bhubaneswar,Odisha,East,FUR-FU-1004,Furniture,Furnishings,Anti-Fatigue Floor Mat,5149.28,3,0.1,912.35
IN-2025-101689,2025-12-22,2025-12-26,Standard Class,CU-1029,Rahul Pillai,Corporate,India,Panaji,Goa,West,TEC-AC-1001,Technology,Accessories,Wireless Mouse,945.92,1,0,190.28
IN-2025-100564,2025-12-23,2025-12-23,Same Day,CU-1291,Aman Patel,Corporate,India,Noida,Uttar Pradesh,North,FUR-BO-1002,Furniture,Bookcases,Steel Library Rack,30363.94,2,0,1676.07
IN-2025-100564,2025-12-23,2025-12-23,Same Day,CU-1291,Aman Patel,Corporate,India,Noida,Uttar Pradesh,North,TEC-PH-1003,Technology,Phones,IP Desk Phone,12351.13,2,0,2760.29
IN-2025-100564,2025-12-23,2025-12-23,Same Day,CU-1291,Aman Patel,Corporate,India,Noida,Uttar Pradesh,North,OFF-AR-1001,Office Supplies,Art,Whiteboard Marker Set,411.65,1,0,117.61
IN-2025-100610,2025-12-23,2025-12-24,First Class,CU-1097,Swati Verma,Home Office,India,Kochi,Kerala,South,FUR-FU-1002,Furniture,Furnishings,Wall Clock Classic,953.18,1,0,169.68
IN-2025-100610,2025-12-23,2025-12-24,First Class,CU-1097,Swati Verma,Home Office,India,Kochi,Kerala,South,TEC-CO-1004,Technology,Copiers,Document Scanner,22590.17,1,0,8453.08
IN-2025-100610,2025-12-23,2025-12-24,First Class,CU-1097,Swati Verma,Home Office,India,Kochi,Kerala,South,OFF-BI-1002,Office Supplies,Binders,Heavy Duty Lever Arch File,329.86,1,0,95.66
IN-2025-101656,2025-12-23,2025-12-25,First Class,CU-1272,Aarav Kapoor,Consumer,India,Noida,Uttar Pradesh,North,OFF-ST-1003,Office Supplies,Storage,Desk Organizer,807.18,1,0.1,-17.74
IN-2025-101656,2025-12-23,2025-12-25,First Class,CU-1272,Aarav Kapoor,Consumer,India,Noida,Uttar Pradesh,North,OFF-AR-1002,Office Supplies,Art,Premium Pen Set,1340.79,1,0.05,345.99
IN-2025-100123,2025-12-24,2025-12-27,Second Class,CU-1212,Arjun Bose,Corporate,India,Kolkata,West Bengal,East,TEC-AC-1001,Technology,Accessories,Wireless Mouse,965.39,1,0,316.48
IN-2025-100840,2025-12-24,2025-12-27,First Class,CU-1263,Pranav Bose,Home Office,India,Coimbatore,Tamil Nadu,South,FUR-FU-1002,Furniture,Furnishings,Wall Clock Classic,963.21,1,0,221.03
IN-2025-100989,2025-12-24,2025-12-28,Second Class,CU-1172,Ananya Sharma,Home Office,India,Hyderabad,Telangana,South,OFF-BI-1003,Office Supplies,Binders,Binding Machine Combs,706.52,1,0.1,174.27
IN-2025-100989,2025-12-24,2025-12-28,Second Class,CU-1172,Ananya Sharma,Home Office,India,Hyderabad,Telangana,South,TEC-MA-1004,Technology,Machines,Paper Shredder 20-Sheet,9930.5,1,0.15,-1233.05
IN-2025-100989,2025-12-24,2025-12-28,Second Class,CU-1172,Ananya Sharma,Home Office,India,Hyderabad,Telangana,South,TEC-MA-1002,Technology,Machines,Barcode Label Printer,16441.39,1,0,386.5
IN-2025-100989,2025-12-24,2025-12-28,Second Class,CU-1172,Ananya Sharma,Home Office,India,Hyderabad,Telangana,South,FUR-BO-1002,Furniture,Bookcases,Steel Library Rack,13595.84,1,0.05,-683.41
IN-2025-101514,2025-12-24,2025-12-31,Standard Class,CU-1354,Pranav Patel,Consumer,India,Panaji,Goa,West,FUR-CH-1002,Furniture,Chairs,Executive Leather Chair,65633.5,5,0.3,-8778.23
IN-2025-101514,2025-12-24,2025-12-31,Standard Class,CU-1354,Pranav Patel,Consumer,India,Panaji,Goa,West,TEC-PH-1003,Technology,Phones,IP Desk Phone,4184.37,1,0.3,-353.06
IN-2025-100377,2025-12-25,2025-12-31,Standard Class,CU-1341,Siddharth Desai,Corporate,India,Panaji,Goa,West,TEC-AC-1003,Technology,Accessories,USB-C Hub 7-in-1,2501.46,1,0,617.62
IN-2025-100377,2025-12-25,2025-12-31,Standard Class,CU-1341,Siddharth Desai,Corporate,India,Panaji,Goa,West,OFF-ST-1004,Office Supplies,Storage,Wall Mount Shelf Box,3920.59,2,0.1,360.84
IN-2025-100601,2025-12-25,2025-12-30,Standard Class,CU-1107,Shruti Mehta,Consumer,India,Kochi,Kerala,South,FUR-FU-1004,Furniture,Furnishings,Anti-Fatigue Floor Mat,9085.21,5,0,1899.08
IN-2025-100601,2025-12-25,2025-12-30,Standard Class,CU-1107,Shruti Mehta,Consumer,India,Kochi,Kerala,South,OFF-ST-1002,Office Supplies,Storage,Plastic Storage Box Set,1669.4,1,0,143.0
IN-2025-101054,2025-12-25,2025-12-27,First Class,CU-1091,Siddharth Das,Corporate,India,Chennai,Tamil Nadu,South,FUR-TA-1004,Furniture,Tables,Reception Counter,61639.63,2,0.05,-7839.84
IN-2025-101522,2025-12-26,2025-12-28,Second Class,CU-1285,Neha Kapoor,Home Office,India,Ahmedabad,Gujarat,West,TEC-CO-1002,Technology,Copiers,Multifunction Copier Pro,152582.79,2,0.05,51241.09
IN-2025-100267,2025-12-27,2026-01-01,Standard Class,CU-1358,Manish Desai,Corporate,India,New Delhi,Delhi,North,FUR-TA-1001,Furniture,Tables,Conference Table 8-Seater,60198.18,2,0.3,-15055.45
IN-2025-100096,2025-12-28,2026-01-01,Standard Class,CU-1417,Pranav Rao,Home Office,India,Lucknow,Uttar Pradesh,North,OFF-BI-1004,Office Supplies,Binders,Plastic Folder Set,1356.97,3,0,331.31
IN-2025-100096,2025-12-28,2026-01-01,Standard Class,CU-1417,Pranav Rao,Home Office,India,Lucknow,Uttar Pradesh,North,OFF-PA-1004,Office Supplies,Paper,Thermal Roll Pack,4678.92,8,0.2,1046.91
IN-2025-100773,2025-12-28,2026-01-02,Standard Class,CU-1432,Diya Menon,Consumer,India,Jaipur,Rajasthan,North,OFF-PA-1004,Office Supplies,Paper,Thermal Roll Pack,2872.35,4,0,954.14
IN-2025-100909,2025-12-28,2026-01-04,Standard Class,CU-1056,Sneha Shah,Consumer,India,Amritsar,Punjab,North,OFF-PA-1002,Office Supplies,Paper,Premium Photo Paper,2460.43,2,0,801.87
IN-2025-101104,2025-12-28,2025-12-30,First Class,CU-1105,Nikhil Kapoor,Home Office,India,Ahmedabad,Gujarat,West,OFF-BI-1004,Office Supplies,Binders,Plastic Folder Set,3520.36,8,0.05,907.01
IN-2025-101121,2025-12-28,2025-12-30,First Class,CU-1246,Manish Gupta,Consumer,India,Hyderabad,Telangana,South,OFF-BI-1004,Office Supplies,Binders,Plastic Folder Set,468.96,1,0,160.93
IN-2025-101121,2025-12-28,2025-12-30,First Class,CU-1246,Manish Gupta,Consumer,India,Hyderabad,Telangana,South,OFF-PA-1004,Office Supplies,Paper,Thermal Roll Pack,2145.87,3,0,604.85
IN-2025-101121,2025-12-28,2025-12-30,First Class,CU-1246,Manish Gupta,Consumer,India,Hyderabad,Telangana,South,TEC-AC-1003,Technology,Accessories,USB-C Hub 7-in-1,10034.97,4,0,2866.21
IN-2025-101121,2025-12-28,2025-12-30,First Class,CU-1246,Manish Gupta,Consumer,India,Hyderabad,Telangana,South,TEC-AC-1003,Technology,Accessories,USB-C Hub 7-in-1,3408.98,2,0.3,30.37
